Unity Editor version:    6000.3.2f1 (a9779f353c9b)
Branch:                  6000.3/staging
Build type:              Release
Batch mode:              YES
macOS version:           Version 26.2 (Build 25C56)
Darwin version:          25.2.0
Architecture:            arm64
Running under Rosetta:   NO
Available memory:        65536 MB
Date:                    2026-01-05T03:10:19Z
[Licensing::Module] Trying to connect to existing licensing client channel...
[Licensing::IpcConnector] Successfully connected to: "LicenseClient-michaelsweet" at "2026-01-05T03:10:19.774034Z"

COMMAND LINE ARGUMENTS:
/Applications/Unity/Hub/Editor/6000.3.2f1/Unity.app/Contents/MacOS/Unity
-adb2
-batchMode
-noUpm
-name
AssetImportWorker0
-projectPath
/Users/michaelsweet/Documents/Work/Berklee/GIT-NEW/Unity-Wwise-Game-Template-TowerDefense
-logFile
Logs/AssetImportWorker0.log
-srvPort
51450
-licensingIpc
LicenseClient-michaelsweet
-job-worker-count
7
-background-job-worker-count
8
-gc-helper-count
1
-name AssetImport
Successfully changed project path to: /Users/michaelsweet/Documents/Work/Berklee/GIT-NEW/Unity-Wwise-Game-Template-TowerDefense
/Users/michaelsweet/Documents/Work/Berklee/GIT-NEW/Unity-Wwise-Game-Template-TowerDefense
[UnityMemory] Configuration Parameters - Can be set up in boot.config
    "memorysetup-allocator-temp-initial-block-size-main=262144"
    "memorysetup-allocator-temp-initial-block-size-worker=262144"
    "memorysetup-temp-allocator-size-background-worker=32768"
    "memorysetup-temp-allocator-size-job-worker=262144"
    "memorysetup-temp-allocator-size-preload-manager=33554432"
    "memorysetup-temp-allocator-size-nav-mesh-worker=65536"
    "memorysetup-temp-allocator-size-audio-worker=65536"
    "memorysetup-temp-allocator-size-cloud-worker=32768"
    "memorysetup-bucket-allocator-granularity=16"
    "memorysetup-bucket-allocator-bucket-count=8"
    "memorysetup-bucket-allocator-block-size=33554432"
    "memorysetup-bucket-allocator-block-count=8"
    "memorysetup-main-allocator-block-size=16777216"
    "memorysetup-thread-allocator-block-size=16777216"
    "memorysetup-gfx-main-allocator-block-size=16777216"
    "memorysetup-gfx-thread-allocator-block-size=16777216"
    "memorysetup-cache-allocator-block-size=4194304"
    "memorysetup-typetree-allocator-block-size=2097152"
    "memorysetup-profiler-bucket-allocator-granularity=16"
    "memorysetup-profiler-bucket-allocator-bucket-count=8"
    "memorysetup-profiler-bucket-allocator-block-size=33554432"
    "memorysetup-profiler-bucket-allocator-block-count=8"
    "memorysetup-profiler-allocator-block-size=16777216"
    "memorysetup-profiler-editor-allocator-block-size=1048576"
    "memorysetup-temp-allocator-size-main=16777216"
    "memorysetup-job-temp-allocator-block-size=2097152"
    "memorysetup-job-temp-allocator-block-size-background=1048576"
    "memorysetup-job-temp-allocator-reduction-small-platforms=262144"
    "memorysetup-temp-allocator-size-gi-baking-worker=262144"
    "memorysetup-temp-allocator-size-gi-baking-worker=262144"
    "memorysetup-temp-allocator-size-gi-baking-worker=262144"
    "memorysetup-temp-allocator-size-gi-baking-worker=262144"
    "memorysetup-temp-allocator-size-gi-baking-worker=262144"
    "memorysetup-temp-allocator-size-gfx=262144"
Player connection [8715119680]  Target information:

Player connection [8715119680]  * "[IP] 192.168.86.43 [Port] 0 [Flags] 2 [Guid] 581647365 [EditorId] 581647365 [Version] 1048832 [Id] OSXEditor(0,michaels-m3-max.lan) [Debug] 1 [PackageName] OSXEditor [ProjectName] Editor" 

Player connection [8715119680]  * "[IP] 192.168.86.29 [Port] 0 [Flags] 2 [Guid] 581647365 [EditorId] 581647365 [Version] 1048832 [Id] OSXEditor(0,michaels-m3-max.lan) [Debug] 1 [PackageName] OSXEditor [ProjectName] Editor" 

Player connection [8715119680] Host joined multi-casting on [225.0.0.222:54997]...
Player connection [8715119680] Host joined alternative multi-casting on [225.0.0.222:34997]...
JobSystem: Creating JobQueue using job-worker-count value 7
Input System module state changed to: Initialized.
[Physics::Module] Initialized fallback backend.
[Physics::Module] Id: 0xdecafbad
Library Redirect Path: Library/
[Physics::Module] Selected backend.
[Physics::Module] Name: PhysX
[Physics::Module] Id: 0xf2b8ea05
[Physics::Module] SDK Version: 4.1.2
[Physics::Module] Integration Version: 1.0.0
[Physics::Module] Threading Mode: Multi-Threaded
Refreshing native plugins compatible for Editor in 13.96 ms, found 2 plugins.
Preloading 0 native plugins for Editor in 0.00 ms.
Initialize engine version: 6000.3.2f1 (a9779f353c9b)
[Subsystems] Discovering subsystems at path /Applications/Unity/Hub/Editor/6000.3.2f1/Unity.app/Contents/Resources/UnitySubsystems
[Subsystems] Discovering subsystems at path /Users/michaelsweet/Documents/Work/Berklee/GIT-NEW/Unity-Wwise-Game-Template-TowerDefense/Assets
GfxDevice: creating device client; kGfxThreadingModeNonThreaded
 preferred device: Apple M3 Max (high power)
Metal devices available: 1
0: Apple M3 Max (high power)
Using device Apple M3 Max (high power)
Initializing Metal device caps: Apple M3 Max
Mac GPU Family: 2
Apple GPU Family: 9
MSL Version: 3.0
Has Float MSAA: 1
Has Float Filtering: 1
ReadWrite Texture Tier: 2
Initialize mono
Mono path[0] = '/Applications/Unity/Hub/Editor/6000.3.2f1/Unity.app/Contents/Resources/Scripting/Managed'
Mono path[1] = '/Applications/Unity/Hub/Editor/6000.3.2f1/Unity.app/Contents/Resources/Scripting/MonoBleedingEdge/lib/mono/unityjit-macos'
Mono config path = '/Applications/Unity/Hub/Editor/6000.3.2f1/Unity.app/Contents/Resources/Scripting/MonoBleedingEdge/etc'
Using monoOptions --debugger-agent=transport=dt_socket,embedding=1,server=y,suspend=n,address=127.0.0.1:56280
[Licensing::Client] Handshaking with LicensingClient:
  Version:                 1.17.4+4293ba1
  Session Id:              2d0efa03564b4de4a824d415134a81ec
  Correlation Id:          efac2a3520ee392f23b9d5d9077704ec
  External correlation Id: 4709332691644844923
  Machine Id:              og3c7pcNUI9x9MDwb46jxOcnyes=
[Licensing::Module] Successfully connected to LicensingClient on channel: "LicenseClient-michaelsweet" (connect: 0.00s, validation: 0.00s, handshake: 0.26s)
[Licensing::IpcConnector] Successfully connected to: "LicenseClient-michaelsweet-notifications" at "2026-01-05T03:10:20.03728Z"
[Licensing::Module] Licensing Background thread has ended after 0.26s
Begin MonoManager ReloadAssembly
Registering precompiled unity dll's ...
Register platform support module: /Applications/Unity/Hub/Editor/6000.3.2f1/Unity.app/Contents/PlaybackEngines/MacStandaloneSupport/UnityEditor.OSXStandalone.Extensions.dll
Registered in 0.000293 seconds.
- Loaded All Assemblies, in  0.199 seconds
Native extension for OSXStandalone target not found
Mono: successfully reloaded assembly
- Finished resetting the current domain, in  0.248 seconds
Domain Reload Profiling: 447ms
	BeginReloadAssembly (44ms)
		ExecutionOrderSort (0ms)
		DisableScriptedObjects (0ms)
		BackupInstance (0ms)
		ReleaseScriptingObjects (0ms)
		CreateAndSetChildDomain (0ms)
	RebuildCommonClasses (23ms)
	RebuildNativeTypeToScriptingClass (9ms)
	initialDomainReloadingComplete (21ms)
	LoadAllAssembliesAndSetupDomain (100ms)
		LoadAssemblies (44ms)
		RebuildTransferFunctionScriptingTraits (0ms)
		AnalyzeDomain (99ms)
			TypeCache.Refresh (98ms)
				TypeCache.ScanAssembly (90ms)
			BuildScriptInfoCaches (0ms)
			ResolveRequiredComponents (0ms)
	FinalizeReload (248ms)
		ReleaseScriptCaches (0ms)
		RebuildScriptCaches (0ms)
		SetupLoadedEditorAssemblies (221ms)
			LogAssemblyErrors (0ms)
			InitializePlatformSupportModulesInManaged (24ms)
			SetLoadedEditorAssemblies (3ms)
			BeforeProcessingInitializeOnLoad (56ms)
			ProcessInitializeOnLoadAttributes (89ms)
			ProcessInitializeOnLoadMethodAttributes (48ms)
			AfterProcessingInitializeOnLoad (0ms)
			EditorAssembliesLoaded (0ms)
		ExecutionOrderSort2 (0ms)
		AwakeInstancesAfterBackupRestoration (0ms)
[CoreBusinessMetrics] Unexpected thread when updating session info.
========================================================================
Worker process is ready to serve import requests
Import Worker Mode flag is 0x00
Begin MonoManager ReloadAssembly
[Licensing::Client] Successfully resolved entitlement details
[Licensing::Module] License group:
  Id: F4-MDDQ-UTMJ-XCKQ-XTS6-XXXX
  Product: Unity Personal
  Type: ULF
  Expiration: Unlimited
[Licensing::Module] License group:
  Id: 59760-UnityPersXXXX
  Product: Unity Personal
  Type: Assigned
  Expiration: Unlimited
Symbol file LoadedFromMemory is not a mono symbol file
- Loaded All Assemblies, in  0.328 seconds
Refreshing native plugins compatible for Editor in 1.90 ms, found 2 plugins.
Native extension for OSXStandalone target not found
Refreshing native plugins compatible for Editor in 2.27 ms, found 2 plugins.
Package Manager log level set to [2]
[Package Manager] Failed to launch server process. Reason: Unity was launched with the -noUpm command-line argument
[Package Manager] Unable to send message (not connected to server process).
[Package Manager] Cannot connect to Unity Package Manager local server
Mono: successfully reloaded assembly
- Finished resetting the current domain, in  0.514 seconds
Domain Reload Profiling: 841ms
	BeginReloadAssembly (80ms)
		ExecutionOrderSort (0ms)
		DisableScriptedObjects (3ms)
		BackupInstance (0ms)
		ReleaseScriptingObjects (0ms)
		CreateAndSetChildDomain (18ms)
	RebuildCommonClasses (23ms)
	RebuildNativeTypeToScriptingClass (9ms)
	initialDomainReloadingComplete (19ms)
	LoadAllAssembliesAndSetupDomain (196ms)
		LoadAssemblies (150ms)
		RebuildTransferFunctionScriptingTraits (0ms)
		AnalyzeDomain (81ms)
			TypeCache.Refresh (62ms)
				TypeCache.ScanAssembly (51ms)
			BuildScriptInfoCaches (14ms)
			ResolveRequiredComponents (3ms)
	FinalizeReload (514ms)
		ReleaseScriptCaches (0ms)
		RebuildScriptCaches (0ms)
		SetupLoadedEditorAssemblies (449ms)
			LogAssemblyErrors (0ms)
			InitializePlatformSupportModulesInManaged (1ms)
			SetLoadedEditorAssemblies (3ms)
			BeforeProcessingInitializeOnLoad (91ms)
			ProcessInitializeOnLoadAttributes (244ms)
			ProcessInitializeOnLoadMethodAttributes (110ms)
			AfterProcessingInitializeOnLoad (1ms)
			EditorAssembliesLoaded (0ms)
		ExecutionOrderSort2 (0ms)
		AwakeInstancesAfterBackupRestoration (1ms)
Launching external process: /Applications/Unity/Hub/Editor/6000.3.2f1/Unity.app/Contents/Helpers/UnityShaderCompiler
Launched and connected shader compiler UnityShaderCompiler after 0.03 seconds
Refreshing native plugins compatible for Editor in 1.49 ms, found 2 plugins.
Preloading 0 native plugins for Editor in 0.00 ms.
Unloading 4 Unused Serialized files (Serialized files now loaded: 0)
Unloading 3425 unused Assets / (1.0 MB). Loaded Objects now: 4006.
Memory consumption went from 102.1 MB to 101.1 MB.
Total: 8.844209 ms (FindLiveObjects: 0.217250 ms CreateObjectMapping: 0.072708 ms MarkObjects: 7.956000 ms  DeleteObjects: 0.597875 ms)

========================================================================
Received Import Request.
  Time since last request: 5224.740753 seconds.
  path: Assets/Wwise/Documentation/Windows/ko
  artifactKey: Guid(16359f529fd6a4819aa8633eeac4a8c6) Importer(2089858483,d624ce77472d68a35037170ec1d2d27e)
Start importing Assets/Wwise/Documentation/Windows/ko using Guid(16359f529fd6a4819aa8633eeac4a8c6) Importer(2089858483,d624ce77472d68a35037170ec1d2d27e) (ScriptedImporter) -> (artifact id: '5c832ba56f40b28eb0f007cdadc87b2a') in 0.018066042 seconds
Number of updated asset objects reloaded before import = 0Number of asset objects unloaded after import = 1

========================================================================
Received Import Request.
  Time since last request: 0.000080 seconds.
  path: Assets/Scripts/ActionGameFramework/Projectiles/Editor
  artifactKey: Guid(53f20f0019ed7445d9953b728dce4a23) Importer(2089858483,d624ce77472d68a35037170ec1d2d27e)
Start importing Assets/Scripts/ActionGameFramework/Projectiles/Editor using Guid(53f20f0019ed7445d9953b728dce4a23) Importer(2089858483,d624ce77472d68a35037170ec1d2d27e) (ScriptedImporter) -> (artifact id: 'ecbbccc0a233747cf6512067a1bb6431') in 0.001666667 seconds
Number of updated asset objects reloaded before import = 0Number of asset objects unloaded after import = 1

========================================================================
Received Import Request.
  Time since last request: 0.000122 seconds.
  path: Assets/Wwise/API/Runtime/Handwritten/WAAPI/AkWaapiClient.cs
  artifactKey: Guid(8e134c6eb711a44c6bf4fcf4b0214c78) Importer(2089858483,d624ce77472d68a35037170ec1d2d27e)
Start importing Assets/Wwise/API/Runtime/Handwritten/WAAPI/AkWaapiClient.cs using Guid(8e134c6eb711a44c6bf4fcf4b0214c78) Importer(2089858483,d624ce77472d68a35037170ec1d2d27e) (ScriptedImporter) -> (artifact id: 'e1e42136ab90240b8ced1f4595da12be') in 0.012990333 seconds
Number of updated asset objects reloaded before import = 0Number of asset objects unloaded after import = 0

========================================================================
Received Import Request.
  Time since last request: 0.000092 seconds.
  path: Assets/Wwise/Logging/Runtime/WwiseLoggerSettings.cs
  artifactKey: Guid(f0468c4e44f0448bd83f3513f2995843) Importer(2089858483,d624ce77472d68a35037170ec1d2d27e)
Start importing Assets/Wwise/Logging/Runtime/WwiseLoggerSettings.cs using Guid(f0468c4e44f0448bd83f3513f2995843) Importer(2089858483,d624ce77472d68a35037170ec1d2d27e) (ScriptedImporter) -> (artifact id: '43434a61bfe943e18968989e7e7dcb4c') in 0.001193166 seconds
Number of updated asset objects reloaded before import = 0Number of asset objects unloaded after import = 0

========================================================================
Received Import Request.
  Time since last request: 0.000132 seconds.
  path: Assets/Wwise/API/Runtime/Plugins/Windows/x86_64/DSP/AkSoundSeedAir.pdb
  artifactKey: Guid(1ab35ab12e9f1416885f050a767edf59) Importer(2089858483,d624ce77472d68a35037170ec1d2d27e)
Start importing Assets/Wwise/API/Runtime/Plugins/Windows/x86_64/DSP/AkSoundSeedAir.pdb using Guid(1ab35ab12e9f1416885f050a767edf59) Importer(2089858483,d624ce77472d68a35037170ec1d2d27e) (ScriptedImporter) -> (artifact id: '66e97639f22a305e23fa9710dbc35a71') in 0.001084417 seconds
Number of updated asset objects reloaded before import = 0Number of asset objects unloaded after import = 1

========================================================================
Received Import Request.
  Time since last request: 0.000096 seconds.
  path: Assets/Wwise/API/Editor/WwiseWindows/TreeViewIcons
  artifactKey: Guid(5d4a0cfa20c4349b9bf5cc0fe8308a2d) Importer(2089858483,d624ce77472d68a35037170ec1d2d27e)
Start importing Assets/Wwise/API/Editor/WwiseWindows/TreeViewIcons using Guid(5d4a0cfa20c4349b9bf5cc0fe8308a2d) Importer(2089858483,d624ce77472d68a35037170ec1d2d27e) (ScriptedImporter) -> (artifact id: '126f09dde87d089a96e96e9fcbce7514') in 0.001075416 seconds
Number of updated asset objects reloaded before import = 0Number of asset objects unloaded after import = 1

========================================================================
Received Import Request.
  Time since last request: 0.000091 seconds.
  path: Assets/Wwise/Timeline/package.json
  artifactKey: Guid(ae5df836c6a3c45a6811dc86ef08e871) Importer(2089858483,d624ce77472d68a35037170ec1d2d27e)
Start importing Assets/Wwise/Timeline/package.json using Guid(ae5df836c6a3c45a6811dc86ef08e871) Importer(2089858483,d624ce77472d68a35037170ec1d2d27e) (ScriptedImporter) -> (artifact id: 'd61468fb970d987ec808dfcde0c3b8b0') in 0.001221125 seconds
Number of updated asset objects reloaded before import = 0Number of asset objects unloaded after import = 1

========================================================================
Received Import Request.
  Time since last request: 0.000096 seconds.
  path: Assets/Wwise/API/Runtime/Generated/Common/AkExtent.cs
  artifactKey: Guid(7c0fa5762416140e5aa055ce7a72edca) Importer(2089858483,d624ce77472d68a35037170ec1d2d27e)
Start importing Assets/Wwise/API/Runtime/Generated/Common/AkExtent.cs using Guid(7c0fa5762416140e5aa055ce7a72edca) Importer(2089858483,d624ce77472d68a35037170ec1d2d27e) (ScriptedImporter) -> (artifact id: '317d8bf6e104465f1896733db319cba2') in 0.001067583 seconds
Number of updated asset objects reloaded before import = 0Number of asset objects unloaded after import = 0

========================================================================
Received Import Request.
  Time since last request: 0.000127 seconds.
  path: Assets/Particles/Prefabs
  artifactKey: Guid(bda848a2b4f684b9fb2835a9e68cdcb8) Importer(2089858483,d624ce77472d68a35037170ec1d2d27e)
Start importing Assets/Particles/Prefabs using Guid(bda848a2b4f684b9fb2835a9e68cdcb8) Importer(2089858483,d624ce77472d68a35037170ec1d2d27e) (ScriptedImporter) -> (artifact id: 'fffc2e5c22b1c365f549dadf86dd5e35') in 0.000912125 seconds
Number of updated asset objects reloaded before import = 0Number of asset objects unloaded after import = 1

========================================================================
Received Import Request.
  Time since last request: 0.000075 seconds.
  path: Assets/Wwise/API/Runtime/Handwritten/Common/AkEnumFlagAttribute.cs
  artifactKey: Guid(192e6398ef7e64a46a46fcbbdbd03094) Importer(2089858483,d624ce77472d68a35037170ec1d2d27e)
Start importing Assets/Wwise/API/Runtime/Handwritten/Common/AkEnumFlagAttribute.cs using Guid(192e6398ef7e64a46a46fcbbdbd03094) Importer(2089858483,d624ce77472d68a35037170ec1d2d27e) (ScriptedImporter) -> (artifact id: '96b4cc3344db699b3e1f355641a44c16') in 0.001226 seconds
Number of updated asset objects reloaded before import = 0Number of asset objects unloaded after import = 0

========================================================================
Received Import Request.
  Time since last request: 0.000129 seconds.
  path: Assets/Wwise/Documentation/Windows/ja
  artifactKey: Guid(92b905c792ab4417e9fb8dcdbee2d7c4) Importer(2089858483,d624ce77472d68a35037170ec1d2d27e)
Start importing Assets/Wwise/Documentation/Windows/ja using Guid(92b905c792ab4417e9fb8dcdbee2d7c4) Importer(2089858483,d624ce77472d68a35037170ec1d2d27e) (ScriptedImporter) -> (artifact id: 'a6a5db91d9ae9c836d5efd50059b067f') in 0.00099675 seconds
Number of updated asset objects reloaded before import = 0Number of asset objects unloaded after import = 1

========================================================================
Received Import Request.
  Time since last request: 0.000073 seconds.
  path: Assets/Scripts/TowerDefense/Agents
  artifactKey: Guid(e824dfee2a4ab4d0c876ef60b64b642c) Importer(2089858483,d624ce77472d68a35037170ec1d2d27e)
Start importing Assets/Scripts/TowerDefense/Agents using Guid(e824dfee2a4ab4d0c876ef60b64b642c) Importer(2089858483,d624ce77472d68a35037170ec1d2d27e) (ScriptedImporter) -> (artifact id: '22ec581ed7561bdb771e24cd8841cada') in 0.000747542 seconds
Number of updated asset objects reloaded before import = 0Number of asset objects unloaded after import = 1

========================================================================
Received Import Request.
  Time since last request: 0.000079 seconds.
  path: Assets/Wwise/API/Runtime/Plugins/Windows/x86/Profile/AkSoundEngine.pdb
  artifactKey: Guid(3cd9f8fbbf2d74e74982b004d5b0e151) Importer(2089858483,d624ce77472d68a35037170ec1d2d27e)
Start importing Assets/Wwise/API/Runtime/Plugins/Windows/x86/Profile/AkSoundEngine.pdb using Guid(3cd9f8fbbf2d74e74982b004d5b0e151) Importer(2089858483,d624ce77472d68a35037170ec1d2d27e) (ScriptedImporter) -> (artifact id: '71aac18c03273bd38a12616510f947c5') in 0.000730916 seconds
Number of updated asset objects reloaded before import = 0Number of asset objects unloaded after import = 1

========================================================================
Received Import Request.
  Time since last request: 0.000092 seconds.
  path: Assets/Materials/Towers/MachineGun
  artifactKey: Guid(fb6eddc85e55d436393b6c33f9b159a8) Importer(2089858483,d624ce77472d68a35037170ec1d2d27e)
Start importing Assets/Materials/Towers/MachineGun using Guid(fb6eddc85e55d436393b6c33f9b159a8) Importer(2089858483,d624ce77472d68a35037170ec1d2d27e) (ScriptedImporter) -> (artifact id: '09fca616e742a5e67b8048018c7f6e62') in 0.000651583 seconds
Number of updated asset objects reloaded before import = 0Number of asset objects unloaded after import = 1

========================================================================
Received Import Request.
  Time since last request: 0.000071 seconds.
  path: Assets/Models/Towers/Laser/Materials
  artifactKey: Guid(baaa04245638b374a8d32ef01bb5bef9) Importer(2089858483,d624ce77472d68a35037170ec1d2d27e)
Start importing Assets/Models/Towers/Laser/Materials using Guid(baaa04245638b374a8d32ef01bb5bef9) Importer(2089858483,d624ce77472d68a35037170ec1d2d27e) (ScriptedImporter) -> (artifact id: '61ecd734cd83fa8272f33d5f0958cb70') in 0.000725 seconds
Number of updated asset objects reloaded before import = 0Number of asset objects unloaded after import = 1

========================================================================
Received Import Request.
  Time since last request: 0.000072 seconds.
  path: Assets/Wwise/API/Runtime/Generated/Windows/AkSoundEnginePINVOKE_Windows.cs
  artifactKey: Guid(0f1e8cb3582c24425a5da341cb1add91) Importer(2089858483,d624ce77472d68a35037170ec1d2d27e)
Start importing Assets/Wwise/API/Runtime/Generated/Windows/AkSoundEnginePINVOKE_Windows.cs using Guid(0f1e8cb3582c24425a5da341cb1add91) Importer(2089858483,d624ce77472d68a35037170ec1d2d27e) (ScriptedImporter) -> (artifact id: '05c33f5ab1dc003c9f4e5b9d04299986') in 0.001039791 seconds
Number of updated asset objects reloaded before import = 0Number of asset objects unloaded after import = 0

========================================================================
Received Import Request.
  Time since last request: 0.000161 seconds.
  path: Assets/Audio/SFX/Base Attack
  artifactKey: Guid(d65dbd5c082c84fe787a68e975f7b8a6) Importer(2089858483,d624ce77472d68a35037170ec1d2d27e)
Start importing Assets/Audio/SFX/Base Attack using Guid(d65dbd5c082c84fe787a68e975f7b8a6) Importer(2089858483,d624ce77472d68a35037170ec1d2d27e) (ScriptedImporter) -> (artifact id: '91b6a3208e76b38091b1efb0e08488f7') in 0.000686333 seconds
Number of updated asset objects reloaded before import = 0Number of asset objects unloaded after import = 1

========================================================================
Received Import Request.
  Time since last request: 0.000059 seconds.
  path: Assets/Scripts/ActionGameFramework/Audio/Editor
  artifactKey: Guid(784fdf8fe86374d5eb9b85a1b4aca4a4) Importer(2089858483,d624ce77472d68a35037170ec1d2d27e)
Start importing Assets/Scripts/ActionGameFramework/Audio/Editor using Guid(784fdf8fe86374d5eb9b85a1b4aca4a4) Importer(2089858483,d624ce77472d68a35037170ec1d2d27e) (ScriptedImporter) -> (artifact id: 'e3f7dac94c47ba964e60e4538c78ee64') in 0.000620416 seconds
Number of updated asset objects reloaded before import = 0Number of asset objects unloaded after import = 1

========================================================================
Received Import Request.
  Time since last request: 0.000079 seconds.
  path: Assets/Wwise/Tools/AddressableInstaller
  artifactKey: Guid(611aa1deb5aa9473eaec620b509b08a2) Importer(2089858483,d624ce77472d68a35037170ec1d2d27e)
Start importing Assets/Wwise/Tools/AddressableInstaller using Guid(611aa1deb5aa9473eaec620b509b08a2) Importer(2089858483,d624ce77472d68a35037170ec1d2d27e) (ScriptedImporter) -> (artifact id: '99be32c48b13a648a721f65e8d7f166d') in 0.000647834 seconds
Number of updated asset objects reloaded before import = 0Number of asset objects unloaded after import = 1

========================================================================
Received Import Request.
  Time since last request: 0.000054 seconds.
  path: Assets/Wwise/API/Runtime/Generated/Windows/AkUnityPlatformSpecificSettings_Windows.cs
  artifactKey: Guid(a5d4d2a68fd8e409f93cdae6ec01ba2e) Importer(2089858483,d624ce77472d68a35037170ec1d2d27e)
Start importing Assets/Wwise/API/Runtime/Generated/Windows/AkUnityPlatformSpecificSettings_Windows.cs using Guid(a5d4d2a68fd8e409f93cdae6ec01ba2e) Importer(2089858483,d624ce77472d68a35037170ec1d2d27e) (ScriptedImporter) -> (artifact id: 'dd5bfa2096a9c0f67116d3f7da9e196d') in 0.000967542 seconds
Number of updated asset objects reloaded before import = 0Number of asset objects unloaded after import = 0

========================================================================
Received Import Request.
  Time since last request: 0.000085 seconds.
  path: Assets/Scenes/Levels/Level4/Level4
  artifactKey: Guid(065a16ec1b4e14ac98dd19ee091214bf) Importer(2089858483,d624ce77472d68a35037170ec1d2d27e)
Start importing Assets/Scenes/Levels/Level4/Level4 using Guid(065a16ec1b4e14ac98dd19ee091214bf) Importer(2089858483,d624ce77472d68a35037170ec1d2d27e) (ScriptedImporter) -> (artifact id: 'baa9d491aef2e50abb2df539b4ac5cc0') in 0.000858 seconds
Number of updated asset objects reloaded before import = 0Number of asset objects unloaded after import = 1

========================================================================
Received Import Request.
  Time since last request: 0.000088 seconds.
  path: Assets
  artifactKey: Guid(00000000000000001000000000000000) Importer(2089858483,d624ce77472d68a35037170ec1d2d27e)
Start importing Assets using Guid(00000000000000001000000000000000) Importer(2089858483,d624ce77472d68a35037170ec1d2d27e) (ScriptedImporter) -> (artifact id: '0a7e9d66dd346cb0eb0ec4e208286a7c') in 0.000987 seconds
Number of updated asset objects reloaded before import = 0Number of asset objects unloaded after import = 1

========================================================================
Received Import Request.
  Time since last request: 0.000067 seconds.
  path: Assets/Wwise/API/Runtime/Generated/Common/AkRamp.cs
  artifactKey: Guid(2833febb3d6ad47e2bdf3c4dfae78b0d) Importer(2089858483,d624ce77472d68a35037170ec1d2d27e)
Start importing Assets/Wwise/API/Runtime/Generated/Common/AkRamp.cs using Guid(2833febb3d6ad47e2bdf3c4dfae78b0d) Importer(2089858483,d624ce77472d68a35037170ec1d2d27e) (ScriptedImporter) -> (artifact id: 'f6ba1ecf1d6d807eb035c66f981dbedc') in 0.001100042 seconds
Number of updated asset objects reloaded before import = 0Number of asset objects unloaded after import = 0

========================================================================
Received Import Request.
  Time since last request: 0.000072 seconds.
  path: Assets/Scripts/TowerDefense/Towers/Data
  artifactKey: Guid(bce960fc7626406bb64ab537785816b3) Importer(2089858483,d624ce77472d68a35037170ec1d2d27e)
Start importing Assets/Scripts/TowerDefense/Towers/Data using Guid(bce960fc7626406bb64ab537785816b3) Importer(2089858483,d624ce77472d68a35037170ec1d2d27e) (ScriptedImporter) -> (artifact id: 'd1393d45b38eebfca5c550ccc13e5897') in 0.000784792 seconds
Number of updated asset objects reloaded before import = 0Number of asset objects unloaded after import = 1

========================================================================
Received Import Request.
  Time since last request: 0.000118 seconds.
  path: Assets/Wwise/MonoBehaviour/Editor/WwiseSetupWizard/AkUnitySettingsParser.cs
  artifactKey: Guid(c0cb820e64b7640d3b8ff85cb66a480e) Importer(2089858483,d624ce77472d68a35037170ec1d2d27e)
Start importing Assets/Wwise/MonoBehaviour/Editor/WwiseSetupWizard/AkUnitySettingsParser.cs using Guid(c0cb820e64b7640d3b8ff85cb66a480e) Importer(2089858483,d624ce77472d68a35037170ec1d2d27e) (ScriptedImporter) -> (artifact id: '56bd27e46bc3856054b3ef10fc255c8a') in 0.001099333 seconds
Number of updated asset objects reloaded before import = 0Number of asset objects unloaded after import = 0

========================================================================
Received Import Request.
  Time since last request: 0.000070 seconds.
  path: Assets/Wwise/API/Runtime/WwiseTypes/WwiseTypes/AkWwiseTypeMigration.cs
  artifactKey: Guid(b4184dfce0f3e466ab043b11d374eea7) Importer(2089858483,d624ce77472d68a35037170ec1d2d27e)
Start importing Assets/Wwise/API/Runtime/WwiseTypes/WwiseTypes/AkWwiseTypeMigration.cs using Guid(b4184dfce0f3e466ab043b11d374eea7) Importer(2089858483,d624ce77472d68a35037170ec1d2d27e) (ScriptedImporter) -> (artifact id: '5759259796e187313ac1b8efaf6378fb') in 0.001086167 seconds
Number of updated asset objects reloaded before import = 0Number of asset objects unloaded after import = 0

========================================================================
Received Import Request.
  Time since last request: 0.000129 seconds.
  path: Assets/Wwise/API/Runtime/Plugins/Mac/Release/AkSoundEngine.bundle.dSYM/Contents/Resources/Relocations/aarch64/AkSoundEngine.yml
  artifactKey: Guid(ca9e997898c914b1faaca48fc3072608) Importer(2089858483,d624ce77472d68a35037170ec1d2d27e)
Start importing Assets/Wwise/API/Runtime/Plugins/Mac/Release/AkSoundEngine.bundle.dSYM/Contents/Resources/Relocations/aarch64/AkSoundEngine.yml using Guid(ca9e997898c914b1faaca48fc3072608) Importer(2089858483,d624ce77472d68a35037170ec1d2d27e) (ScriptedImporter) -> (artifact id: '69134ac34ae5f3d9b81dc98b65b7bf70') in 0.001142417 seconds
Number of updated asset objects reloaded before import = 0Number of asset objects unloaded after import = 1

========================================================================
Received Import Request.
  Time since last request: 0.000059 seconds.
  path: Assets/Scenes/Levels/Level2
  artifactKey: Guid(aaf17eb4984e74068b854e49a9d55241) Importer(2089858483,d624ce77472d68a35037170ec1d2d27e)
Start importing Assets/Scenes/Levels/Level2 using Guid(aaf17eb4984e74068b854e49a9d55241) Importer(2089858483,d624ce77472d68a35037170ec1d2d27e) (ScriptedImporter) -> (artifact id: 'a44cd9debde2cf74be74446afc0c4681') in 0.000851584 seconds
Number of updated asset objects reloaded before import = 0Number of asset objects unloaded after import = 1

========================================================================
Received Import Request.
  Time since last request: 0.000078 seconds.
  path: Assets/Wwise/Timeline/Runtime
  artifactKey: Guid(585110d5f517d401c8f2e686e218f6ef) Importer(2089858483,d624ce77472d68a35037170ec1d2d27e)
Start importing Assets/Wwise/Timeline/Runtime using Guid(585110d5f517d401c8f2e686e218f6ef) Importer(2089858483,d624ce77472d68a35037170ec1d2d27e) (ScriptedImporter) -> (artifact id: '4f624d6b22593f7698e4934406453f35') in 0.000712875 seconds
Number of updated asset objects reloaded before import = 0Number of asset objects unloaded after import = 1

========================================================================
Received Import Request.
  Time since last request: 0.000091 seconds.
  path: Assets/Wwise/Documentation/Windows
  artifactKey: Guid(410e34b4cd7744cec8018ed26533b94e) Importer(2089858483,d624ce77472d68a35037170ec1d2d27e)
Start importing Assets/Wwise/Documentation/Windows using Guid(410e34b4cd7744cec8018ed26533b94e) Importer(2089858483,d624ce77472d68a35037170ec1d2d27e) (ScriptedImporter) -> (artifact id: '50548ba090ddab78d61c313b65d27054') in 0.000784416 seconds
Number of updated asset objects reloaded before import = 0Number of asset objects unloaded after import = 1

========================================================================
Received Import Request.
  Time since last request: 0.000077 seconds.
  path: Assets/Wwise/API/Runtime/Plugins/Windows/x86_64/DSP/AkSoundSeedGrain.dll
  artifactKey: Guid(305c8a09196a24052ad890da4ce18f07) Importer(2089858483,d624ce77472d68a35037170ec1d2d27e)
Start importing Assets/Wwise/API/Runtime/Plugins/Windows/x86_64/DSP/AkSoundSeedGrain.dll using Guid(305c8a09196a24052ad890da4ce18f07) Importer(2089858483,d624ce77472d68a35037170ec1d2d27e) (ScriptedImporter) -> (artifact id: 'd8018d9f7621ce338c777daf6d2fdcac') in 0.007715625 seconds
Number of updated asset objects reloaded before import = 0Number of asset objects unloaded after import = 0

========================================================================
Received Import Request.
  Time since last request: 0.000094 seconds.
  path: Assets/Wwise/API/Runtime/Plugins/Mac/Release/AkSoundEngine.bundle.dSYM/Contents/Resources
  artifactKey: Guid(e80e68714237a481ab9d6d182e135a49) Importer(2089858483,d624ce77472d68a35037170ec1d2d27e)
Start importing Assets/Wwise/API/Runtime/Plugins/Mac/Release/AkSoundEngine.bundle.dSYM/Contents/Resources using Guid(e80e68714237a481ab9d6d182e135a49) Importer(2089858483,d624ce77472d68a35037170ec1d2d27e) (ScriptedImporter) -> (artifact id: '9f5d45ccd9dfe7032c7fb23bf1719e11') in 0.001113542 seconds
Number of updated asset objects reloaded before import = 0Number of asset objects unloaded after import = 1

========================================================================
Received Import Request.
  Time since last request: 0.000072 seconds.
  path: Assets/Wwise/MonoBehaviour/Runtime/AkWwiseTrigger.cs
  artifactKey: Guid(5a6da90b022e34738b3470b3780aadeb) Importer(2089858483,d624ce77472d68a35037170ec1d2d27e)
Start importing Assets/Wwise/MonoBehaviour/Runtime/AkWwiseTrigger.cs using Guid(5a6da90b022e34738b3470b3780aadeb) Importer(2089858483,d624ce77472d68a35037170ec1d2d27e) (ScriptedImporter) -> (artifact id: 'b3a8b04d6dda39692b0681757c6b8140') in 0.000904291 seconds
Number of updated asset objects reloaded before import = 0Number of asset objects unloaded after import = 0

========================================================================
Received Import Request.
  Time since last request: 0.000086 seconds.
  path: Assets/Scripts/Core
  artifactKey: Guid(0754235808b6c44b18ea7b86be069573) Importer(2089858483,d624ce77472d68a35037170ec1d2d27e)
Start importing Assets/Scripts/Core using Guid(0754235808b6c44b18ea7b86be069573) Importer(2089858483,d624ce77472d68a35037170ec1d2d27e) (ScriptedImporter) -> (artifact id: 'cb767b625317221a4cbb4d5f1791a328') in 0.000698917 seconds
Number of updated asset objects reloaded before import = 0Number of asset objects unloaded after import = 1

========================================================================
Received Import Request.
  Time since last request: 0.000074 seconds.
  path: Assets/Wwise/API/Runtime/Handwritten/Common/AkBankManager.cs
  artifactKey: Guid(ace276b88ea7d4a198bb1b336f20e7b4) Importer(2089858483,d624ce77472d68a35037170ec1d2d27e)
Start importing Assets/Wwise/API/Runtime/Handwritten/Common/AkBankManager.cs using Guid(ace276b88ea7d4a198bb1b336f20e7b4) Importer(2089858483,d624ce77472d68a35037170ec1d2d27e) (ScriptedImporter) -> (artifact id: 'ef2bed62a3feb6a00ee9cc33032e8d66') in 0.0010595 seconds
Number of updated asset objects reloaded before import = 0Number of asset objects unloaded after import = 0

========================================================================
Received Import Request.
  Time since last request: 0.000080 seconds.
  path: Assets/Wwise/API/Runtime/Plugins/Windows/x86/DSP/iZotope.pdb
  artifactKey: Guid(fa421557792404e3597e84ac9de58846) Importer(2089858483,d624ce77472d68a35037170ec1d2d27e)
Start importing Assets/Wwise/API/Runtime/Plugins/Windows/x86/DSP/iZotope.pdb using Guid(fa421557792404e3597e84ac9de58846) Importer(2089858483,d624ce77472d68a35037170ec1d2d27e) (ScriptedImporter) -> (artifact id: '87c26a568957bcac459059bf34a03f80') in 0.000931416 seconds
Number of updated asset objects reloaded before import = 0Number of asset objects unloaded after import = 1

========================================================================
Received Import Request.
  Time since last request: 0.000113 seconds.
  path: Assets/Wwise/API/Runtime/Plugins/Mac/Profile/AkSoundEngine.bundle.dSYM
  artifactKey: Guid(686e81df6cb584546ac1f4f5bf720ec3) Importer(2089858483,d624ce77472d68a35037170ec1d2d27e)
Start importing Assets/Wwise/API/Runtime/Plugins/Mac/Profile/AkSoundEngine.bundle.dSYM using Guid(686e81df6cb584546ac1f4f5bf720ec3) Importer(2089858483,d624ce77472d68a35037170ec1d2d27e) (ScriptedImporter) -> (artifact id: '2a967297acc0ea3a1e8c9eab81eaf751') in 0.001023792 seconds
Number of updated asset objects reloaded before import = 0Number of asset objects unloaded after import = 1

========================================================================
Received Import Request.
  Time since last request: 0.000089 seconds.
  path: Assets/Scripts/Core/Utilities/Editor
  artifactKey: Guid(56d2e60ccce745a09c10406a0da85336) Importer(2089858483,d624ce77472d68a35037170ec1d2d27e)
Start importing Assets/Scripts/Core/Utilities/Editor using Guid(56d2e60ccce745a09c10406a0da85336) Importer(2089858483,d624ce77472d68a35037170ec1d2d27e) (ScriptedImporter) -> (artifact id: '61c4052ae0b4f5033bf96c82f5671ceb') in 0.000852 seconds
Number of updated asset objects reloaded before import = 0Number of asset objects unloaded after import = 1

========================================================================
Received Import Request.
  Time since last request: 0.000087 seconds.
  path: Assets/Wwise/MonoBehaviour/Runtime/AkRoomAwareManager.cs
  artifactKey: Guid(2d8bf6db3c3cb464ab0d5997e5a6e340) Importer(2089858483,d624ce77472d68a35037170ec1d2d27e)
Start importing Assets/Wwise/MonoBehaviour/Runtime/AkRoomAwareManager.cs using Guid(2d8bf6db3c3cb464ab0d5997e5a6e340) Importer(2089858483,d624ce77472d68a35037170ec1d2d27e) (ScriptedImporter) -> (artifact id: 'bd51aae0d93359b41f1dee9003836432') in 0.001103334 seconds
Number of updated asset objects reloaded before import = 0Number of asset objects unloaded after import = 0

========================================================================
Received Import Request.
  Time since last request: 0.000102 seconds.
  path: Assets/Wwise/MonoBehaviour/Runtime/AkTriggerCollisionExit.cs
  artifactKey: Guid(b8808a54c62424885b8bfe922245b165) Importer(2089858483,d624ce77472d68a35037170ec1d2d27e)
Start importing Assets/Wwise/MonoBehaviour/Runtime/AkTriggerCollisionExit.cs using Guid(b8808a54c62424885b8bfe922245b165) Importer(2089858483,d624ce77472d68a35037170ec1d2d27e) (ScriptedImporter) -> (artifact id: '0e9c00648433f2a4a9753ee0c6c98578') in 0.001048709 seconds
Number of updated asset objects reloaded before import = 0Number of asset objects unloaded after import = 0

========================================================================
Received Import Request.
  Time since last request: 0.000063 seconds.
  path: Assets/Wwise/API/Runtime/Plugins/Windows/x86_64/DSP/McDSP.pdb
  artifactKey: Guid(9f07af725371d4aa996f104a517bd811) Importer(2089858483,d624ce77472d68a35037170ec1d2d27e)
Start importing Assets/Wwise/API/Runtime/Plugins/Windows/x86_64/DSP/McDSP.pdb using Guid(9f07af725371d4aa996f104a517bd811) Importer(2089858483,d624ce77472d68a35037170ec1d2d27e) (ScriptedImporter) -> (artifact id: '4d2273d74c9375539b28699d608153d2') in 0.000972458 seconds
Number of updated asset objects reloaded before import = 0Number of asset objects unloaded after import = 1

========================================================================
Received Import Request.
  Time since last request: 0.000078 seconds.
  path: Assets/StreamingAssets/Audio/GeneratedSoundBanks/Mac/DecodedBanks
  artifactKey: Guid(6bbb5fa56c4c143e881216ad7450f0bc) Importer(2089858483,d624ce77472d68a35037170ec1d2d27e)
Start importing Assets/StreamingAssets/Audio/GeneratedSoundBanks/Mac/DecodedBanks using Guid(6bbb5fa56c4c143e881216ad7450f0bc) Importer(2089858483,d624ce77472d68a35037170ec1d2d27e) (ScriptedImporter) -> (artifact id: 'e2584c859992b729dbe61c98070cb918') in 0.000958542 seconds
Number of updated asset objects reloaded before import = 0Number of asset objects unloaded after import = 1

========================================================================
Received Import Request.
  Time since last request: 0.000071 seconds.
  path: Assets/Wwise/API/Runtime/Generated/Common/AkPositioningData.cs
  artifactKey: Guid(04c7f79d757fa41f29f918bd2ba9a9be) Importer(2089858483,d624ce77472d68a35037170ec1d2d27e)
Start importing Assets/Wwise/API/Runtime/Generated/Common/AkPositioningData.cs using Guid(04c7f79d757fa41f29f918bd2ba9a9be) Importer(2089858483,d624ce77472d68a35037170ec1d2d27e) (ScriptedImporter) -> (artifact id: 'e1834d8c0ac4d5796bfc965a44390106') in 0.001048291 seconds
Number of updated asset objects reloaded before import = 0Number of asset objects unloaded after import = 0

========================================================================
Received Import Request.
  Time since last request: 0.000086 seconds.
  path: Assets/Wwise/API/Runtime/Generated/Common/AkActionOnEventType.cs
  artifactKey: Guid(792e4f0175f394cc68aa151bd7955b1e) Importer(2089858483,d624ce77472d68a35037170ec1d2d27e)
Start importing Assets/Wwise/API/Runtime/Generated/Common/AkActionOnEventType.cs using Guid(792e4f0175f394cc68aa151bd7955b1e) Importer(2089858483,d624ce77472d68a35037170ec1d2d27e) (ScriptedImporter) -> (artifact id: 'e659c0b0b34a46671a4ad25754473403') in 0.000946 seconds
Number of updated asset objects reloaded before import = 0Number of asset objects unloaded after import = 0

========================================================================
Received Import Request.
  Time since last request: 0.000074 seconds.
  path: Assets/Wwise/API/Editor/WwiseTypes/AuxBusDrawer.cs
  artifactKey: Guid(7b4dc8b222b8e4011b1012bfe11f7b2d) Importer(2089858483,d624ce77472d68a35037170ec1d2d27e)
Start importing Assets/Wwise/API/Editor/WwiseTypes/AuxBusDrawer.cs using Guid(7b4dc8b222b8e4011b1012bfe11f7b2d) Importer(2089858483,d624ce77472d68a35037170ec1d2d27e) (ScriptedImporter) -> (artifact id: '65f9b5966bf466141ee3d80630b67264') in 0.001004 seconds
Number of updated asset objects reloaded before import = 0Number of asset objects unloaded after import = 0

========================================================================
Received Import Request.
  Time since last request: 0.000081 seconds.
  path: Assets/Readme.asset
  artifactKey: Guid(83c2ed844a8c74b779a4c823d16594b1) Importer(815301076,1909f56bfc062723c751e8b465ee728b)
Start importing Assets/Readme.asset using Guid(83c2ed844a8c74b779a4c823d16594b1) Importer(815301076,1909f56bfc062723c751e8b465ee728b) (PreviewImporter) -> (artifact id: 'baf8d3a3b683585b0d778ea62a801fc0') in 0.0082075 seconds
Number of updated asset objects reloaded before import = 0Number of asset objects unloaded after import = 2

========================================================================
Received Import Request.
  Time since last request: 0.000034 seconds.
  path: Assets/Scenes/Levels/Level4
  artifactKey: Guid(05a19c24ce3284ef6ab08301397486c4) Importer(2089858483,d624ce77472d68a35037170ec1d2d27e)
Start importing Assets/Scenes/Levels/Level4 using Guid(05a19c24ce3284ef6ab08301397486c4) Importer(2089858483,d624ce77472d68a35037170ec1d2d27e) (ScriptedImporter) -> (artifact id: 'f519067aee55ecee9fefb3d59592ff37') in 0.001131667 seconds
Number of updated asset objects reloaded before import = 0Number of asset objects unloaded after import = 1

========================================================================
Received Import Request.
  Time since last request: 0.000063 seconds.
  path: Assets/Wwise/Timeline/Runtime/AkTimelineEventTrack.cs
  artifactKey: Guid(0f91918e82eff564184354117bf9c9f5) Importer(2089858483,d624ce77472d68a35037170ec1d2d27e)
Start importing Assets/Wwise/Timeline/Runtime/AkTimelineEventTrack.cs using Guid(0f91918e82eff564184354117bf9c9f5) Importer(2089858483,d624ce77472d68a35037170ec1d2d27e) (ScriptedImporter) -> (artifact id: 'e8f7afd97ae3230d92e986226fdd6f18') in 0.001127542 seconds
Number of updated asset objects reloaded before import = 0Number of asset objects unloaded after import = 0

========================================================================
Received Import Request.
  Time since last request: 0.000081 seconds.
  path: Assets/Wwise/API/Runtime/Plugins/Mac/Profile
  artifactKey: Guid(16c21419a28914632a8f272835815c8d) Importer(2089858483,d624ce77472d68a35037170ec1d2d27e)
Start importing Assets/Wwise/API/Runtime/Plugins/Mac/Profile using Guid(16c21419a28914632a8f272835815c8d) Importer(2089858483,d624ce77472d68a35037170ec1d2d27e) (ScriptedImporter) -> (artifact id: '6fb9378bb5513471c9786b9dcb75585b') in 0.000914625 seconds
Number of updated asset objects reloaded before import = 0Number of asset objects unloaded after import = 1

========================================================================
Received Import Request.
  Time since last request: 0.000057 seconds.
  path: Assets/Wwise/MonoBehaviour/Runtime/AkTriggerMouseEnter.cs
  artifactKey: Guid(489cce3ccbcb94f5a88b2eeff316c8a3) Importer(2089858483,d624ce77472d68a35037170ec1d2d27e)
Start importing Assets/Wwise/MonoBehaviour/Runtime/AkTriggerMouseEnter.cs using Guid(489cce3ccbcb94f5a88b2eeff316c8a3) Importer(2089858483,d624ce77472d68a35037170ec1d2d27e) (ScriptedImporter) -> (artifact id: '199f5659069a13ca01686a7bb9cdd01d') in 0.001345 seconds
Number of updated asset objects reloaded before import = 0Number of asset objects unloaded after import = 0

========================================================================
Received Import Request.
  Time since last request: 0.000078 seconds.
  path: Assets/Materials/Towers/Laser
  artifactKey: Guid(1881843b91b794575a4c2ecc3200d760) Importer(2089858483,d624ce77472d68a35037170ec1d2d27e)
Start importing Assets/Materials/Towers/Laser using Guid(1881843b91b794575a4c2ecc3200d760) Importer(2089858483,d624ce77472d68a35037170ec1d2d27e) (ScriptedImporter) -> (artifact id: 'e7a8cdd9c821f63a5dd6446c79c555cf') in 0.001071584 seconds
Number of updated asset objects reloaded before import = 0Number of asset objects unloaded after import = 1

========================================================================
Received Import Request.
  Time since last request: 0.000096 seconds.
  path: Assets/Materials/Towers
  artifactKey: Guid(4cdca51e7f63f4f53a46a4f898d8b414) Importer(2089858483,d624ce77472d68a35037170ec1d2d27e)
Start importing Assets/Materials/Towers using Guid(4cdca51e7f63f4f53a46a4f898d8b414) Importer(2089858483,d624ce77472d68a35037170ec1d2d27e) (ScriptedImporter) -> (artifact id: '9cfedaf15fd28d499d420c4e82206bcf') in 0.000884458 seconds
Number of updated asset objects reloaded before import = 0Number of asset objects unloaded after import = 1

========================================================================
Received Import Request.
  Time since last request: 0.000086 seconds.
  path: Assets/Scenes/Levels/Level2/Level2
  artifactKey: Guid(502320ac7a5eb4be69a1d58df099eb55) Importer(2089858483,d624ce77472d68a35037170ec1d2d27e)
Start importing Assets/Scenes/Levels/Level2/Level2 using Guid(502320ac7a5eb4be69a1d58df099eb55) Importer(2089858483,d624ce77472d68a35037170ec1d2d27e) (ScriptedImporter) -> (artifact id: 'bc7b1918823f5dab3399e97f32489a6f') in 0.000735417 seconds
Number of updated asset objects reloaded before import = 0Number of asset objects unloaded after import = 1

========================================================================
Received Import Request.
  Time since last request: 0.000138 seconds.
  path: Assets/Wwise/Gizmos
  artifactKey: Guid(0e83aa920a38643eb8f3025b6ccb48c1) Importer(2089858483,d624ce77472d68a35037170ec1d2d27e)
Start importing Assets/Wwise/Gizmos using Guid(0e83aa920a38643eb8f3025b6ccb48c1) Importer(2089858483,d624ce77472d68a35037170ec1d2d27e) (ScriptedImporter) -> (artifact id: 'f3301d9f8447d22ae0e452a3eefb9a6e') in 0.000895375 seconds
Number of updated asset objects reloaded before import = 0Number of asset objects unloaded after import = 1

========================================================================
Received Import Request.
  Time since last request: 0.000084 seconds.
  path: Assets/Wwise/API/Runtime/Handwritten/Windows/AkWindowsBasePathGetter.cs
  artifactKey: Guid(c5651da2a89684cb6822f19c0a345b42) Importer(2089858483,d624ce77472d68a35037170ec1d2d27e)
Start importing Assets/Wwise/API/Runtime/Handwritten/Windows/AkWindowsBasePathGetter.cs using Guid(c5651da2a89684cb6822f19c0a345b42) Importer(2089858483,d624ce77472d68a35037170ec1d2d27e) (ScriptedImporter) -> (artifact id: '6f875507172dd4481a14fec9023f58da') in 0.001294584 seconds
Number of updated asset objects reloaded before import = 0Number of asset objects unloaded after import = 0

========================================================================
Received Import Request.
  Time since last request: 0.000085 seconds.
  path: Assets/Wwise/API/Runtime/Plugins/Windows/x86/Debug/AkSoundEngine.pdb
  artifactKey: Guid(899e6d378ee4441c1aa305f64a609f46) Importer(2089858483,d624ce77472d68a35037170ec1d2d27e)
Start importing Assets/Wwise/API/Runtime/Plugins/Windows/x86/Debug/AkSoundEngine.pdb using Guid(899e6d378ee4441c1aa305f64a609f46) Importer(2089858483,d624ce77472d68a35037170ec1d2d27e) (ScriptedImporter) -> (artifact id: '828ac9577ec7b7ad90113df081431e32') in 0.000928125 seconds
Number of updated asset objects reloaded before import = 0Number of asset objects unloaded after import = 1

========================================================================
Received Import Request.
  Time since last request: 0.000074 seconds.
  path: Assets/Wwise/API/Runtime/Plugins/Windows/x86_64/DSP/McDSP.dll
  artifactKey: Guid(c3d395c752bba4d2cb35dba7d5ac4671) Importer(2089858483,d624ce77472d68a35037170ec1d2d27e)
Start importing Assets/Wwise/API/Runtime/Plugins/Windows/x86_64/DSP/McDSP.dll using Guid(c3d395c752bba4d2cb35dba7d5ac4671) Importer(2089858483,d624ce77472d68a35037170ec1d2d27e) (ScriptedImporter) -> (artifact id: 'd9158a03691ea5b6f86a81e1444d7063') in 0.001710459 seconds
Number of updated asset objects reloaded before import = 0Number of asset objects unloaded after import = 0

========================================================================
Received Import Request.
  Time since last request: 0.000077 seconds.
  path: Assets/Wwise/API/Runtime/Generated/Common/AkEventCallbackInfo.cs
  artifactKey: Guid(ae7937896f88f48d1867f9701618bf80) Importer(2089858483,d624ce77472d68a35037170ec1d2d27e)
Start importing Assets/Wwise/API/Runtime/Generated/Common/AkEventCallbackInfo.cs using Guid(ae7937896f88f48d1867f9701618bf80) Importer(2089858483,d624ce77472d68a35037170ec1d2d27e) (ScriptedImporter) -> (artifact id: '17912bd3257e990488f039e4072b1191') in 0.001038083 seconds
Number of updated asset objects reloaded before import = 0Number of asset objects unloaded after import = 0

========================================================================
Received Import Request.
  Time since last request: 0.000074 seconds.
  path: Assets/Wwise/API/Runtime/Handwritten/Common/Arrays/AkObjectInfoArray.cs
  artifactKey: Guid(ac75c033e5c0c4de78bac333339797f7) Importer(2089858483,d624ce77472d68a35037170ec1d2d27e)
Start importing Assets/Wwise/API/Runtime/Handwritten/Common/Arrays/AkObjectInfoArray.cs using Guid(ac75c033e5c0c4de78bac333339797f7) Importer(2089858483,d624ce77472d68a35037170ec1d2d27e) (ScriptedImporter) -> (artifact id: '93b4316cd0715443a51faa837b8b516a') in 0.000952542 seconds
Number of updated asset objects reloaded before import = 0Number of asset objects unloaded after import = 0

========================================================================
Received Import Request.
  Time since last request: 0.000088 seconds.
  path: Assets/Wwise/API/Runtime/Handwritten/Common/AkCallbackManager.cs
  artifactKey: Guid(91225af7917354b938f5af9f86cea03c) Importer(2089858483,d624ce77472d68a35037170ec1d2d27e)
Start importing Assets/Wwise/API/Runtime/Handwritten/Common/AkCallbackManager.cs using Guid(91225af7917354b938f5af9f86cea03c) Importer(2089858483,d624ce77472d68a35037170ec1d2d27e) (ScriptedImporter) -> (artifact id: '71b7ad58188d3ef668ba6283f154821d') in 0.001221125 seconds
Number of updated asset objects reloaded before import = 0Number of asset objects unloaded after import = 0

========================================================================
Received Import Request.
  Time since last request: 0.000088 seconds.
  path: Assets/Wwise/API/Runtime/Plugins/Windows/x86_64/DSP/Auro.pdb
  artifactKey: Guid(3790d1e9e4c494b69a94654f6aaff41f) Importer(2089858483,d624ce77472d68a35037170ec1d2d27e)
Start importing Assets/Wwise/API/Runtime/Plugins/Windows/x86_64/DSP/Auro.pdb using Guid(3790d1e9e4c494b69a94654f6aaff41f) Importer(2089858483,d624ce77472d68a35037170ec1d2d27e) (ScriptedImporter) -> (artifact id: '28f110e38f81e150891bfd3799d503ce') in 0.001125584 seconds
Number of updated asset objects reloaded before import = 0Number of asset objects unloaded after import = 1

========================================================================
Received Import Request.
  Time since last request: 0.000061 seconds.
  path: Assets/Wwise/API/Runtime/Handwritten/Common/AkWwiseEditorSettings.cs
  artifactKey: Guid(446ca719f029642f4a1ebe4fb304690e) Importer(2089858483,d624ce77472d68a35037170ec1d2d27e)
Start importing Assets/Wwise/API/Runtime/Handwritten/Common/AkWwiseEditorSettings.cs using Guid(446ca719f029642f4a1ebe4fb304690e) Importer(2089858483,d624ce77472d68a35037170ec1d2d27e) (ScriptedImporter) -> (artifact id: '552c9f99b4521e8b1fa4d8057f7a45dc') in 0.001057208 seconds
Number of updated asset objects reloaded before import = 0Number of asset objects unloaded after import = 0

========================================================================
Received Import Request.
  Time since last request: 0.000071 seconds.
  path: Assets/Wwise/MonoBehaviour/Runtime/AkSwitch.cs
  artifactKey: Guid(a02d8eddbab4a4303b59c1162ed05cbd) Importer(2089858483,d624ce77472d68a35037170ec1d2d27e)
Start importing Assets/Wwise/MonoBehaviour/Runtime/AkSwitch.cs using Guid(a02d8eddbab4a4303b59c1162ed05cbd) Importer(2089858483,d624ce77472d68a35037170ec1d2d27e) (ScriptedImporter) -> (artifact id: 'ddd10d28608e5e32806dbb4b2f0faabc') in 0.001183917 seconds
Number of updated asset objects reloaded before import = 0Number of asset objects unloaded after import = 0

========================================================================
Received Import Request.
  Time since last request: 0.000103 seconds.
  path: Assets/Wwise/API/Runtime/WwiseTypes/WwiseObjects/WwiseTriggerReference.cs
  artifactKey: Guid(024a78af596e74a2aa0ff6b370ddb54e) Importer(2089858483,d624ce77472d68a35037170ec1d2d27e)
Start importing Assets/Wwise/API/Runtime/WwiseTypes/WwiseObjects/WwiseTriggerReference.cs using Guid(024a78af596e74a2aa0ff6b370ddb54e) Importer(2089858483,d624ce77472d68a35037170ec1d2d27e) (ScriptedImporter) -> (artifact id: 'cc067c82de5b5fe8577bb8a3c927154f') in 0.001091833 seconds
Number of updated asset objects reloaded before import = 0Number of asset objects unloaded after import = 0

========================================================================
Received Import Request.
  Time since last request: 0.000080 seconds.
  path: Assets/Wwise/API/Runtime/Plugins/Windows/x86/Profile/AkSoundEngine.dll
  artifactKey: Guid(7ed06b673d6394e45a6e53cbc0fc3223) Importer(2089858483,d624ce77472d68a35037170ec1d2d27e)
Start importing Assets/Wwise/API/Runtime/Plugins/Windows/x86/Profile/AkSoundEngine.dll using Guid(7ed06b673d6394e45a6e53cbc0fc3223) Importer(2089858483,d624ce77472d68a35037170ec1d2d27e) (ScriptedImporter) -> (artifact id: '812ee82bdb82f24c38773a44a93f38c7') in 0.001445792 seconds
Number of updated asset objects reloaded before import = 0Number of asset objects unloaded after import = 0

========================================================================
Received Import Request.
  Time since last request: 0.000110 seconds.
  path: Assets/Wwise/MonoBehaviour/Editor/AkRoomInspector.cs
  artifactKey: Guid(d5cbf1b2021384fc78d456cf8f883929) Importer(2089858483,d624ce77472d68a35037170ec1d2d27e)
Start importing Assets/Wwise/MonoBehaviour/Editor/AkRoomInspector.cs using Guid(d5cbf1b2021384fc78d456cf8f883929) Importer(2089858483,d624ce77472d68a35037170ec1d2d27e) (ScriptedImporter) -> (artifact id: '9e9689f0ca2fcad78ebac997c2867c50') in 0.001057042 seconds
Number of updated asset objects reloaded before import = 0Number of asset objects unloaded after import = 0

========================================================================
Received Import Request.
  Time since last request: 0.000067 seconds.
  path: Assets/Wwise/API/Editor/WwiseWindows/TreeViewIcons/bus_nor.png
  artifactKey: Guid(0b3a33eb295764390a8800ff2e9ebb99) Importer(2089858483,d624ce77472d68a35037170ec1d2d27e)
Start importing Assets/Wwise/API/Editor/WwiseWindows/TreeViewIcons/bus_nor.png using Guid(0b3a33eb295764390a8800ff2e9ebb99) Importer(2089858483,d624ce77472d68a35037170ec1d2d27e) (ScriptedImporter) -> (artifact id: '0435a485cb5d3c1b9dce2f5f59789b43') in 0.020824125 seconds
Number of updated asset objects reloaded before import = 0Number of asset objects unloaded after import = 1

========================================================================
Received Import Request.
  Time since last request: 0.000078 seconds.
  path: Assets/PostProcessing/Textures
  artifactKey: Guid(e15c29a7abfa52743a8cb7714389c3c7) Importer(2089858483,d624ce77472d68a35037170ec1d2d27e)
Start importing Assets/PostProcessing/Textures using Guid(e15c29a7abfa52743a8cb7714389c3c7) Importer(2089858483,d624ce77472d68a35037170ec1d2d27e) (ScriptedImporter) -> (artifact id: 'd40397e90da8c56a76622caabb94805e') in 0.001058709 seconds
Number of updated asset objects reloaded before import = 0Number of asset objects unloaded after import = 1

========================================================================
Received Import Request.
  Time since last request: 0.000079 seconds.
  path: Assets/Wwise/API/Runtime/Generated/Common/AkBusHierarchyFlags.cs
  artifactKey: Guid(f47f56b2af81d4471a7b832bc18155ac) Importer(2089858483,d624ce77472d68a35037170ec1d2d27e)
Start importing Assets/Wwise/API/Runtime/Generated/Common/AkBusHierarchyFlags.cs using Guid(f47f56b2af81d4471a7b832bc18155ac) Importer(2089858483,d624ce77472d68a35037170ec1d2d27e) (ScriptedImporter) -> (artifact id: '222787c2438fdccc02362338f284fa49') in 0.00102175 seconds
Number of updated asset objects reloaded before import = 0Number of asset objects unloaded after import = 0

========================================================================
Received Import Request.
  Time since last request: 0.000123 seconds.
  path: Assets/Wwise/API/Runtime/Handwritten/Common/Arrays/AkAuxSendArray.cs
  artifactKey: Guid(5bedc005d5ebe4481b6cc233a0234a82) Importer(2089858483,d624ce77472d68a35037170ec1d2d27e)
Start importing Assets/Wwise/API/Runtime/Handwritten/Common/Arrays/AkAuxSendArray.cs using Guid(5bedc005d5ebe4481b6cc233a0234a82) Importer(2089858483,d624ce77472d68a35037170ec1d2d27e) (ScriptedImporter) -> (artifact id: '47bcbd91d3112f73f152e7c8debfeaf9') in 0.001152167 seconds
Number of updated asset objects reloaded before import = 0Number of asset objects unloaded after import = 0

========================================================================
Received Import Request.
  Time since last request: 0.000074 seconds.
  path: Assets/Wwise/MonoBehaviour/Editor/AkSpatialAudioListenerInspector.cs
  artifactKey: Guid(81ea4500f20b543b793864787e10de42) Importer(2089858483,d624ce77472d68a35037170ec1d2d27e)
Start importing Assets/Wwise/MonoBehaviour/Editor/AkSpatialAudioListenerInspector.cs using Guid(81ea4500f20b543b793864787e10de42) Importer(2089858483,d624ce77472d68a35037170ec1d2d27e) (ScriptedImporter) -> (artifact id: 'ef23ca00f847bfffb4c786b2133ce046') in 0.0009535 seconds
Number of updated asset objects reloaded before import = 0Number of asset objects unloaded after import = 0

========================================================================
Received Import Request.
  Time since last request: 0.000081 seconds.
  path: Assets/Materials/Levels
  artifactKey: Guid(ece2ada4f3b8843e38a6bda39ff1e8d5) Importer(2089858483,d624ce77472d68a35037170ec1d2d27e)
Start importing Assets/Materials/Levels using Guid(ece2ada4f3b8843e38a6bda39ff1e8d5) Importer(2089858483,d624ce77472d68a35037170ec1d2d27e) (ScriptedImporter) -> (artifact id: '20fa5777537e9f9bfaa176812af49456') in 0.001042 seconds
Number of updated asset objects reloaded before import = 0Number of asset objects unloaded after import = 1

========================================================================
Received Import Request.
  Time since last request: 0.000062 seconds.
  path: Assets/Materials/Towers/EnergyPylon
  artifactKey: Guid(7c4c5b59df7dc4d61a343ae65a8d59fd) Importer(2089858483,d624ce77472d68a35037170ec1d2d27e)
Start importing Assets/Materials/Towers/EnergyPylon using Guid(7c4c5b59df7dc4d61a343ae65a8d59fd) Importer(2089858483,d624ce77472d68a35037170ec1d2d27e) (ScriptedImporter) -> (artifact id: '1a842703da534ea82a696b97ba0e52a5') in 0.000933583 seconds
Number of updated asset objects reloaded before import = 0Number of asset objects unloaded after import = 1

========================================================================
Received Import Request.
  Time since last request: 0.000084 seconds.
  path: Assets/Prefabs
  artifactKey: Guid(5ca7c6216b42247198957f3e8d799298) Importer(2089858483,d624ce77472d68a35037170ec1d2d27e)
Start importing Assets/Prefabs using Guid(5ca7c6216b42247198957f3e8d799298) Importer(2089858483,d624ce77472d68a35037170ec1d2d27e) (ScriptedImporter) -> (artifact id: '78689e9fd55e7c43fdad3b09cf9bc2c8') in 0.001026792 seconds
Number of updated asset objects reloaded before import = 0Number of asset objects unloaded after import = 1

========================================================================
Received Import Request.
  Time since last request: 0.000109 seconds.
  path: Assets/Wwise/API/Runtime/Plugins/Windows/x86/Debug
  artifactKey: Guid(121d0a110a56447319f29dbcae40286c) Importer(2089858483,d624ce77472d68a35037170ec1d2d27e)
Start importing Assets/Wwise/API/Runtime/Plugins/Windows/x86/Debug using Guid(121d0a110a56447319f29dbcae40286c) Importer(2089858483,d624ce77472d68a35037170ec1d2d27e) (ScriptedImporter) -> (artifact id: 'd6cf5aa47554e26507beef2579127276') in 0.001264333 seconds
Number of updated asset objects reloaded before import = 0Number of asset objects unloaded after import = 1

========================================================================
Received Import Request.
  Time since last request: 0.000084 seconds.
  path: Assets/Wwise/API/Editor/WwiseMenu/Common/AkUnityBuilderBase.cs
  artifactKey: Guid(94a6a5a49d0ce4abd8c462fc41e8e8a4) Importer(2089858483,d624ce77472d68a35037170ec1d2d27e)
Start importing Assets/Wwise/API/Editor/WwiseMenu/Common/AkUnityBuilderBase.cs using Guid(94a6a5a49d0ce4abd8c462fc41e8e8a4) Importer(2089858483,d624ce77472d68a35037170ec1d2d27e) (ScriptedImporter) -> (artifact id: 'a8dd301719ddcda964acac685a61ffb3') in 0.001424666 seconds
Number of updated asset objects reloaded before import = 0Number of asset objects unloaded after import = 0

========================================================================
Received Import Request.
  Time since last request: 0.000065 seconds.
  path: Assets/Wwise/API/Runtime/WwiseTypes/WwiseObjects/WwiseStateReference.cs
  artifactKey: Guid(c839d41ea9dfd4669b984c149b099d56) Importer(2089858483,d624ce77472d68a35037170ec1d2d27e)
Start importing Assets/Wwise/API/Runtime/WwiseTypes/WwiseObjects/WwiseStateReference.cs using Guid(c839d41ea9dfd4669b984c149b099d56) Importer(2089858483,d624ce77472d68a35037170ec1d2d27e) (ScriptedImporter) -> (artifact id: '05a2729fa3dd47886f9598e8c62816b4') in 0.001031542 seconds
Number of updated asset objects reloaded before import = 0Number of asset objects unloaded after import = 0

========================================================================
Received Import Request.
  Time since last request: 0.000069 seconds.
  path: Assets/PostProcessing/Textures/LUTs
  artifactKey: Guid(499867e2df2e54e4aad0b9333221f875) Importer(2089858483,d624ce77472d68a35037170ec1d2d27e)
Start importing Assets/PostProcessing/Textures/LUTs using Guid(499867e2df2e54e4aad0b9333221f875) Importer(2089858483,d624ce77472d68a35037170ec1d2d27e) (ScriptedImporter) -> (artifact id: 'ce78a3361b42e92fe76543732416e116') in 0.001043666 seconds
Number of updated asset objects reloaded before import = 0Number of asset objects unloaded after import = 1

========================================================================
Received Import Request.
  Time since last request: 0.000071 seconds.
  path: Assets/Audio/SFX
  artifactKey: Guid(e3e5b547d67424855b876bba2a9dc72f) Importer(2089858483,d624ce77472d68a35037170ec1d2d27e)
Start importing Assets/Audio/SFX using Guid(e3e5b547d67424855b876bba2a9dc72f) Importer(2089858483,d624ce77472d68a35037170ec1d2d27e) (ScriptedImporter) -> (artifact id: 'faf847271383a67d6ff747c3afcc0deb') in 0.000954 seconds
Number of updated asset objects reloaded before import = 0Number of asset objects unloaded after import = 1

========================================================================
Received Import Request.
  Time since last request: 0.000090 seconds.
  path: Assets/Models/Levels
  artifactKey: Guid(6ca02d78bfb894cce83d9da97d0a3743) Importer(2089858483,d624ce77472d68a35037170ec1d2d27e)
Start importing Assets/Models/Levels using Guid(6ca02d78bfb894cce83d9da97d0a3743) Importer(2089858483,d624ce77472d68a35037170ec1d2d27e) (ScriptedImporter) -> (artifact id: '0a8330c91939fffd76895e6c8c90a35b') in 0.0008455 seconds
Number of updated asset objects reloaded before import = 0Number of asset objects unloaded after import = 1

========================================================================
Received Import Request.
  Time since last request: 0.000084 seconds.
  path: Assets/Wwise/API/Editor/AK.Wwise.Unity.API.Editor.asmdef
  artifactKey: Guid(dd41961fb6f204f10964fb541d669c3d) Importer(2089858483,d624ce77472d68a35037170ec1d2d27e)
Start importing Assets/Wwise/API/Editor/AK.Wwise.Unity.API.Editor.asmdef using Guid(dd41961fb6f204f10964fb541d669c3d) Importer(2089858483,d624ce77472d68a35037170ec1d2d27e) (ScriptedImporter) -> (artifact id: '775034ba2d04a460de1705656be51e15') in 0.001488708 seconds
Number of updated asset objects reloaded before import = 0Number of asset objects unloaded after import = 1

========================================================================
Received Import Request.
  Time since last request: 0.000075 seconds.
  path: Assets/Wwise/Documentation/AppleCommon/en/WwiseUnityIntegrationHelp_Mac_en.chm
  artifactKey: Guid(d2ba55a96282dcd4c88c6e05e3fb0d01) Importer(2089858483,d624ce77472d68a35037170ec1d2d27e)
Start importing Assets/Wwise/Documentation/AppleCommon/en/WwiseUnityIntegrationHelp_Mac_en.chm using Guid(d2ba55a96282dcd4c88c6e05e3fb0d01) Importer(2089858483,d624ce77472d68a35037170ec1d2d27e) (ScriptedImporter) -> (artifact id: 'cd9c8714b7b92bf11344381307d4573c') in 0.001043542 seconds
Number of updated asset objects reloaded before import = 0Number of asset objects unloaded after import = 1

========================================================================
Received Import Request.
  Time since last request: 0.000075 seconds.
  path: Assets/Wwise/MonoBehaviour/Runtime/AK.Wwise.Unity.MonoBehaviour.asmdef
  artifactKey: Guid(1b25381cf1ceb4d2183d43c9708f7b8e) Importer(2089858483,d624ce77472d68a35037170ec1d2d27e)
Start importing Assets/Wwise/MonoBehaviour/Runtime/AK.Wwise.Unity.MonoBehaviour.asmdef using Guid(1b25381cf1ceb4d2183d43c9708f7b8e) Importer(2089858483,d624ce77472d68a35037170ec1d2d27e) (ScriptedImporter) -> (artifact id: '1cc7777c45cf62cd26a78c7d49b8f5c7') in 0.001329125 seconds
Number of updated asset objects reloaded before import = 0Number of asset objects unloaded after import = 1

========================================================================
Received Import Request.
  Time since last request: 0.000071 seconds.
  path: Assets/Wwise/MonoBehaviour/Runtime/AkAudioListener.cs
  artifactKey: Guid(6b6516aa8b0ef40dba1e86f3158ae566) Importer(2089858483,d624ce77472d68a35037170ec1d2d27e)
Start importing Assets/Wwise/MonoBehaviour/Runtime/AkAudioListener.cs using Guid(6b6516aa8b0ef40dba1e86f3158ae566) Importer(2089858483,d624ce77472d68a35037170ec1d2d27e) (ScriptedImporter) -> (artifact id: '1ad8543fcd4713b0e97f43ceee9242da') in 0.001124375 seconds
Number of updated asset objects reloaded before import = 0Number of asset objects unloaded after import = 0

========================================================================
Received Import Request.
  Time since last request: 0.000069 seconds.
  path: Assets/Models/Towers/EnergyPylon
  artifactKey: Guid(6046d0f34cb8643d28e58b4419f83896) Importer(2089858483,d624ce77472d68a35037170ec1d2d27e)
Start importing Assets/Models/Towers/EnergyPylon using Guid(6046d0f34cb8643d28e58b4419f83896) Importer(2089858483,d624ce77472d68a35037170ec1d2d27e) (ScriptedImporter) -> (artifact id: 'f392acf4e8c578a26bd6bfc1155b637f') in 0.00093175 seconds
Number of updated asset objects reloaded before import = 0Number of asset objects unloaded after import = 1

========================================================================
Received Import Request.
  Time since last request: 0.000099 seconds.
  path: Assets/Wwise/API/Runtime/WwiseTypes/WwiseTypes/AkWwiseRtpc.cs
  artifactKey: Guid(e164483934d1e4a448ef35714dd11e71) Importer(2089858483,d624ce77472d68a35037170ec1d2d27e)
Start importing Assets/Wwise/API/Runtime/WwiseTypes/WwiseTypes/AkWwiseRtpc.cs using Guid(e164483934d1e4a448ef35714dd11e71) Importer(2089858483,d624ce77472d68a35037170ec1d2d27e) (ScriptedImporter) -> (artifact id: '9b85f40483203551a1ff119d30883d50') in 0.001254084 seconds
Number of updated asset objects reloaded before import = 0Number of asset objects unloaded after import = 0

========================================================================
Received Import Request.
  Time since last request: 0.000072 seconds.
  path: Assets/Wwise/API/Runtime/Generated/Common/AkInitializationSettings.cs
  artifactKey: Guid(19e9b23d817444789b42a95c025ee030) Importer(2089858483,d624ce77472d68a35037170ec1d2d27e)
Start importing Assets/Wwise/API/Runtime/Generated/Common/AkInitializationSettings.cs using Guid(19e9b23d817444789b42a95c025ee030) Importer(2089858483,d624ce77472d68a35037170ec1d2d27e) (ScriptedImporter) -> (artifact id: '2c6671d9b6843ba8545ada49b4172b8f') in 0.001080375 seconds
Number of updated asset objects reloaded before import = 0Number of asset objects unloaded after import = 0

========================================================================
Received Import Request.
  Time since last request: 0.000070 seconds.
  path: Assets/Wwise/MonoBehaviour/Runtime/AkTriggerMouseDown.cs
  artifactKey: Guid(85aaec3228deb4958885e41b43a05658) Importer(2089858483,d624ce77472d68a35037170ec1d2d27e)
Start importing Assets/Wwise/MonoBehaviour/Runtime/AkTriggerMouseDown.cs using Guid(85aaec3228deb4958885e41b43a05658) Importer(2089858483,d624ce77472d68a35037170ec1d2d27e) (ScriptedImporter) -> (artifact id: 'f69404474e8f1d4daa8cd2e535ef3856') in 0.000965417 seconds
Number of updated asset objects reloaded before import = 0Number of asset objects unloaded after import = 0

========================================================================
Received Import Request.
  Time since last request: 0.000076 seconds.
  path: Assets/Materials/Towers/Rocket
  artifactKey: Guid(1617ae13aa074418a9c82292a6e0056a) Importer(2089858483,d624ce77472d68a35037170ec1d2d27e)
Start importing Assets/Materials/Towers/Rocket using Guid(1617ae13aa074418a9c82292a6e0056a) Importer(2089858483,d624ce77472d68a35037170ec1d2d27e) (ScriptedImporter) -> (artifact id: '94942eccf341901f2d8cb2b5e4df8e1f') in 0.000810208 seconds
Number of updated asset objects reloaded before import = 0Number of asset objects unloaded after import = 1

========================================================================
Received Import Request.
  Time since last request: 0.102652 seconds.
  path: Assets/Wwise/API/Editor/WwiseWindows/AkWwiseTreeProjectDataSource.cs
  artifactKey: Guid(f5a2f1032a18945ea88e1b7c02ec8776) Importer(2089858483,d624ce77472d68a35037170ec1d2d27e)
Start importing Assets/Wwise/API/Editor/WwiseWindows/AkWwiseTreeProjectDataSource.cs using Guid(f5a2f1032a18945ea88e1b7c02ec8776) Importer(2089858483,d624ce77472d68a35037170ec1d2d27e) (ScriptedImporter) -> (artifact id: 'fb281f61f6acea53b97d6691823bd03b') in 0.001550416 seconds
Number of updated asset objects reloaded before import = 0Number of asset objects unloaded after import = 0

========================================================================
Received Import Request.
  Time since last request: 0.000063 seconds.
  path: Assets/Wwise/API/Runtime/Generated/Common/AkInitSettings.cs
  artifactKey: Guid(5ad60096d63ca47d996aea8646c9eeab) Importer(2089858483,d624ce77472d68a35037170ec1d2d27e)
Start importing Assets/Wwise/API/Runtime/Generated/Common/AkInitSettings.cs using Guid(5ad60096d63ca47d996aea8646c9eeab) Importer(2089858483,d624ce77472d68a35037170ec1d2d27e) (ScriptedImporter) -> (artifact id: 'a5ca2c34a4c141df076ae882d67c8b72') in 0.001143625 seconds
Number of updated asset objects reloaded before import = 0Number of asset objects unloaded after import = 0

========================================================================
Received Import Request.
  Time since last request: 0.000069 seconds.
  path: Assets/PostProcessing/Editor/PropertyDrawers
  artifactKey: Guid(ced92f1cc2085ae48acacc79a2b8e196) Importer(2089858483,d624ce77472d68a35037170ec1d2d27e)
Start importing Assets/PostProcessing/Editor/PropertyDrawers using Guid(ced92f1cc2085ae48acacc79a2b8e196) Importer(2089858483,d624ce77472d68a35037170ec1d2d27e) (ScriptedImporter) -> (artifact id: 'b751ae1c7376971b99dbd07ddd0cf2f8') in 0.001173125 seconds
Number of updated asset objects reloaded before import = 0Number of asset objects unloaded after import = 1

========================================================================
Received Import Request.
  Time since last request: 0.000058 seconds.
  path: Assets/Wwise/API/Runtime/Generated/Windows/AkThreadProperties_Windows.cs
  artifactKey: Guid(31ad53a10cbdf4a23a4e3df83bc1b6dc) Importer(2089858483,d624ce77472d68a35037170ec1d2d27e)
Start importing Assets/Wwise/API/Runtime/Generated/Windows/AkThreadProperties_Windows.cs using Guid(31ad53a10cbdf4a23a4e3df83bc1b6dc) Importer(2089858483,d624ce77472d68a35037170ec1d2d27e) (ScriptedImporter) -> (artifact id: 'd5997a4ed1fb03c6ac17f0c5a24dd4a1') in 0.001177375 seconds
Number of updated asset objects reloaded before import = 0Number of asset objects unloaded after import = 0

========================================================================
Received Import Request.
  Time since last request: 0.000104 seconds.
  path: Assets/Scripts/Core/Extensions
  artifactKey: Guid(4c93f676493c84b70ac2c54be3194aa6) Importer(2089858483,d624ce77472d68a35037170ec1d2d27e)
Start importing Assets/Scripts/Core/Extensions using Guid(4c93f676493c84b70ac2c54be3194aa6) Importer(2089858483,d624ce77472d68a35037170ec1d2d27e) (ScriptedImporter) -> (artifact id: '111310a626d9241a6618005bec88a62c') in 0.001021625 seconds
Number of updated asset objects reloaded before import = 0Number of asset objects unloaded after import = 1

========================================================================
Received Import Request.
  Time since last request: 0.000070 seconds.
  path: Assets/Wwise/API/Runtime/Plugins/Mac/Debug/AkSoundEngine.bundle.dSYM/Contents/Resources/Relocations/aarch64/AkSoundEngine.yml
  artifactKey: Guid(1150ff315cc3945d0bef797a756a493d) Importer(2089858483,d624ce77472d68a35037170ec1d2d27e)
Start importing Assets/Wwise/API/Runtime/Plugins/Mac/Debug/AkSoundEngine.bundle.dSYM/Contents/Resources/Relocations/aarch64/AkSoundEngine.yml using Guid(1150ff315cc3945d0bef797a756a493d) Importer(2089858483,d624ce77472d68a35037170ec1d2d27e) (ScriptedImporter) -> (artifact id: 'f3e5f22e4c296bd84a532c0467df45a8') in 0.00117075 seconds
Number of updated asset objects reloaded before import = 0Number of asset objects unloaded after import = 1

========================================================================
Received Import Request.
  Time since last request: 0.000056 seconds.
  path: Assets/Wwise/MonoBehaviour/Runtime/AkGameObjListenerList.cs
  artifactKey: Guid(fbfe0b49a374b420f84d222f18c58cfc) Importer(2089858483,d624ce77472d68a35037170ec1d2d27e)
Start importing Assets/Wwise/MonoBehaviour/Runtime/AkGameObjListenerList.cs using Guid(fbfe0b49a374b420f84d222f18c58cfc) Importer(2089858483,d624ce77472d68a35037170ec1d2d27e) (ScriptedImporter) -> (artifact id: '59711d936ed0ce23f5ecb98bf275e8d6') in 0.001051167 seconds
Number of updated asset objects reloaded before import = 0Number of asset objects unloaded after import = 0

========================================================================
Received Import Request.
  Time since last request: 0.000081 seconds.
  path: Assets/Wwise/API/Runtime/Plugins/Mac/Debug/AkSoundEngine.bundle.dSYM/Contents/Resources/Relocations/x86_64
  artifactKey: Guid(aab638afc068142ee913c156fb0b47ce) Importer(2089858483,d624ce77472d68a35037170ec1d2d27e)
Start importing Assets/Wwise/API/Runtime/Plugins/Mac/Debug/AkSoundEngine.bundle.dSYM/Contents/Resources/Relocations/x86_64 using Guid(aab638afc068142ee913c156fb0b47ce) Importer(2089858483,d624ce77472d68a35037170ec1d2d27e) (ScriptedImporter) -> (artifact id: '99f6a381728fe0914ccf060b4ca1b80f') in 0.001307667 seconds
Number of updated asset objects reloaded before import = 0Number of asset objects unloaded after import = 1

========================================================================
Received Import Request.
  Time since last request: 0.000043 seconds.
  path: Assets/Wwise/MonoBehaviour/Runtime/AkAmbientLargeModePositioner.cs
  artifactKey: Guid(fef7c4041fcf846619c2e25879ac60db) Importer(2089858483,d624ce77472d68a35037170ec1d2d27e)
Start importing Assets/Wwise/MonoBehaviour/Runtime/AkAmbientLargeModePositioner.cs using Guid(fef7c4041fcf846619c2e25879ac60db) Importer(2089858483,d624ce77472d68a35037170ec1d2d27e) (ScriptedImporter) -> (artifact id: '2d3537a53f399a6ec593a587f4c5d564') in 0.001193125 seconds
Number of updated asset objects reloaded before import = 0Number of asset objects unloaded after import = 0

========================================================================
Received Import Request.
  Time since last request: 0.000085 seconds.
  path: Assets/Data/Tower
  artifactKey: Guid(a892308f57f534cc0a957e5c8e74abb6) Importer(2089858483,d624ce77472d68a35037170ec1d2d27e)
Start importing Assets/Data/Tower using Guid(a892308f57f534cc0a957e5c8e74abb6) Importer(2089858483,d624ce77472d68a35037170ec1d2d27e) (ScriptedImporter) -> (artifact id: '6f7e9233920354cdb5d5b2b5a338a6bd') in 0.000921083 seconds
Number of updated asset objects reloaded before import = 0Number of asset objects unloaded after import = 1

========================================================================
Received Import Request.
  Time since last request: 0.000051 seconds.
  path: Assets/Wwise/Resources/WwiseLoggerSettings.asset
  artifactKey: Guid(3136aa4661f8b40ea88dae23b4c8e31d) Importer(2089858483,d624ce77472d68a35037170ec1d2d27e)
Start importing Assets/Wwise/Resources/WwiseLoggerSettings.asset using Guid(3136aa4661f8b40ea88dae23b4c8e31d) Importer(2089858483,d624ce77472d68a35037170ec1d2d27e) (ScriptedImporter) -> (artifact id: '7fed39ab03e9f572dc1e05cf89d075b8') in 0.007112542 seconds
Number of updated asset objects reloaded before import = 0Number of asset objects unloaded after import = 1

========================================================================
Received Import Request.
  Time since last request: 0.000061 seconds.
  path: Assets/Wwise/API/Editor/WwiseWindows/TreeViewIcons/physical_folder_nor.png
  artifactKey: Guid(b5d647b3871b147a78803fb964c4c819) Importer(2089858483,d624ce77472d68a35037170ec1d2d27e)
Start importing Assets/Wwise/API/Editor/WwiseWindows/TreeViewIcons/physical_folder_nor.png using Guid(b5d647b3871b147a78803fb964c4c819) Importer(2089858483,d624ce77472d68a35037170ec1d2d27e) (ScriptedImporter) -> (artifact id: 'b6371e00a15cb617cb23e1fd4df38853') in 0.003446042 seconds
Number of updated asset objects reloaded before import = 0Number of asset objects unloaded after import = 1

========================================================================
Received Import Request.
  Time since last request: 0.000065 seconds.
  path: Assets/Models/Towers/EMP Tower
  artifactKey: Guid(e79fc566aeb5547ddbf184f9d198a7fe) Importer(2089858483,d624ce77472d68a35037170ec1d2d27e)
Start importing Assets/Models/Towers/EMP Tower using Guid(e79fc566aeb5547ddbf184f9d198a7fe) Importer(2089858483,d624ce77472d68a35037170ec1d2d27e) (ScriptedImporter) -> (artifact id: 'b958d8e524d8ad24c0171884f68dcae2') in 0.001090167 seconds
Number of updated asset objects reloaded before import = 0Number of asset objects unloaded after import = 1

========================================================================
Received Import Request.
  Time since last request: 0.000102 seconds.
  path: Assets/Wwise/API/Runtime/Generated/Common/AKRESULT.cs
  artifactKey: Guid(6a5bb2c4906b3440a8dd113ef71a5787) Importer(2089858483,d624ce77472d68a35037170ec1d2d27e)
Start importing Assets/Wwise/API/Runtime/Generated/Common/AKRESULT.cs using Guid(6a5bb2c4906b3440a8dd113ef71a5787) Importer(2089858483,d624ce77472d68a35037170ec1d2d27e) (ScriptedImporter) -> (artifact id: 'dd111e4c66462443be5a2ee58ab02092') in 0.001003958 seconds
Number of updated asset objects reloaded before import = 0Number of asset objects unloaded after import = 0

========================================================================
Received Import Request.
  Time since last request: 0.000064 seconds.
  path: Assets/Wwise/API/Editor/WwiseWindows/AkWwisePicker.cs
  artifactKey: Guid(6d9262fe5e9c441088d572f43888f344) Importer(2089858483,d624ce77472d68a35037170ec1d2d27e)
Start importing Assets/Wwise/API/Editor/WwiseWindows/AkWwisePicker.cs using Guid(6d9262fe5e9c441088d572f43888f344) Importer(2089858483,d624ce77472d68a35037170ec1d2d27e) (ScriptedImporter) -> (artifact id: '08d6b3060d15520f3fa9c2b9234ee9b4') in 0.001277208 seconds
Number of updated asset objects reloaded before import = 0Number of asset objects unloaded after import = 0

========================================================================
Received Import Request.
  Time since last request: 0.000112 seconds.
  path: Assets/Wwise/API/Runtime/WwiseTypes/AK.Wwise.Unity.API.WwiseTypes.asmdef
  artifactKey: Guid(32f1d15a8d9ae4237a4f7b5c6d0a80d1) Importer(2089858483,d624ce77472d68a35037170ec1d2d27e)
Start importing Assets/Wwise/API/Runtime/WwiseTypes/AK.Wwise.Unity.API.WwiseTypes.asmdef using Guid(32f1d15a8d9ae4237a4f7b5c6d0a80d1) Importer(2089858483,d624ce77472d68a35037170ec1d2d27e) (ScriptedImporter) -> (artifact id: '4ac49f5ff58ff97aebfe074cefddc45e') in 0.00132275 seconds
Number of updated asset objects reloaded before import = 0Number of asset objects unloaded after import = 1

========================================================================
Received Import Request.
  Time since last request: 0.000054 seconds.
  path: Assets/Wwise/Documentation/Windows/ko/WwiseUnityIntegrationHelp_ko.chm
  artifactKey: Guid(042f2ddf6ff374e3f9eebbf88bf21e60) Importer(2089858483,d624ce77472d68a35037170ec1d2d27e)
Start importing Assets/Wwise/Documentation/Windows/ko/WwiseUnityIntegrationHelp_ko.chm using Guid(042f2ddf6ff374e3f9eebbf88bf21e60) Importer(2089858483,d624ce77472d68a35037170ec1d2d27e) (ScriptedImporter) -> (artifact id: '8004e779da9411f85f7795084ef7d5e8') in 0.000986792 seconds
Number of updated asset objects reloaded before import = 0Number of asset objects unloaded after import = 1

========================================================================
Received Import Request.
  Time since last request: 0.000062 seconds.
  path: Assets/Wwise/API/Runtime/Plugins/Windows/x86/DSP/AkSynthOne.dll
  artifactKey: Guid(53c88a03f377d4265a910e4efc4ad94e) Importer(2089858483,d624ce77472d68a35037170ec1d2d27e)
Start importing Assets/Wwise/API/Runtime/Plugins/Windows/x86/DSP/AkSynthOne.dll using Guid(53c88a03f377d4265a910e4efc4ad94e) Importer(2089858483,d624ce77472d68a35037170ec1d2d27e) (ScriptedImporter) -> (artifact id: '83e7f1710c021e9469699ff5105746c6') in 0.004605667 seconds
Number of updated asset objects reloaded before import = 0Number of asset objects unloaded after import = 0

========================================================================
Received Import Request.
  Time since last request: 0.000081 seconds.
  path: Assets/Wwise/API/Runtime/WwiseTypes/WwiseObjects/WwiseBankReference.cs
  artifactKey: Guid(e5eb1cdc583e747ebbbd11c04d15191d) Importer(2089858483,d624ce77472d68a35037170ec1d2d27e)
Start importing Assets/Wwise/API/Runtime/WwiseTypes/WwiseObjects/WwiseBankReference.cs using Guid(e5eb1cdc583e747ebbbd11c04d15191d) Importer(2089858483,d624ce77472d68a35037170ec1d2d27e) (ScriptedImporter) -> (artifact id: '2a83e6e050ac63ba9475b3cfceb073f8') in 0.001258208 seconds
Number of updated asset objects reloaded before import = 0Number of asset objects unloaded after import = 0

========================================================================
Received Import Request.
  Time since last request: 0.000109 seconds.
  path: Assets/Wwise/API/Runtime/Generated/Common/AkMIDIEventCallbackInfo.cs
  artifactKey: Guid(bf5c20286adcf4ec1a41739c841bcc98) Importer(2089858483,d624ce77472d68a35037170ec1d2d27e)
Start importing Assets/Wwise/API/Runtime/Generated/Common/AkMIDIEventCallbackInfo.cs using Guid(bf5c20286adcf4ec1a41739c841bcc98) Importer(2089858483,d624ce77472d68a35037170ec1d2d27e) (ScriptedImporter) -> (artifact id: 'dbe97e56a82251b3b18d01bdee6c4c07') in 0.001160667 seconds
Number of updated asset objects reloaded before import = 0Number of asset objects unloaded after import = 0

========================================================================
Received Import Request.
  Time since last request: 0.000072 seconds.
  path: Assets/Wwise/API/Runtime/Plugins/Mac/DSP/libAkSynthOne.bundle
  artifactKey: Guid(dfe31db7d00a740949dac50ee827dc42) Importer(2089858483,d624ce77472d68a35037170ec1d2d27e)
Start importing Assets/Wwise/API/Runtime/Plugins/Mac/DSP/libAkSynthOne.bundle using Guid(dfe31db7d00a740949dac50ee827dc42) Importer(2089858483,d624ce77472d68a35037170ec1d2d27e) (ScriptedImporter) -> (artifact id: '68dcd7140334bac45e4a02f2ac26beb1') in 0.001122833 seconds
Number of updated asset objects reloaded before import = 0Number of asset objects unloaded after import = 0

========================================================================
Received Import Request.
  Time since last request: 0.000064 seconds.
  path: Assets/Wwise/API/Runtime/Plugins/Windows/x86_64/Release/AkSoundEngine.pdb
  artifactKey: Guid(d882504a71d9c43f895b17d352b48855) Importer(2089858483,d624ce77472d68a35037170ec1d2d27e)
Start importing Assets/Wwise/API/Runtime/Plugins/Windows/x86_64/Release/AkSoundEngine.pdb using Guid(d882504a71d9c43f895b17d352b48855) Importer(2089858483,d624ce77472d68a35037170ec1d2d27e) (ScriptedImporter) -> (artifact id: '3e84e8e912d5bb6aad786dc41c6365b6') in 0.000915834 seconds
Number of updated asset objects reloaded before import = 0Number of asset objects unloaded after import = 1

========================================================================
Received Import Request.
  Time since last request: 0.000062 seconds.
  path: Assets/Wwise/API/Runtime/Generated/Common/AkPositioningInfo.cs
  artifactKey: Guid(ce94765c6fae742e7bbfb69970ea755e) Importer(2089858483,d624ce77472d68a35037170ec1d2d27e)
Start importing Assets/Wwise/API/Runtime/Generated/Common/AkPositioningInfo.cs using Guid(ce94765c6fae742e7bbfb69970ea755e) Importer(2089858483,d624ce77472d68a35037170ec1d2d27e) (ScriptedImporter) -> (artifact id: '4bc06ec1d3353adfbc2841434777c483') in 0.000933167 seconds
Number of updated asset objects reloaded before import = 0Number of asset objects unloaded after import = 0

========================================================================
Received Import Request.
  Time since last request: 0.000085 seconds.
  path: Assets/Wwise/API/Runtime/Generated/Common/AkPlaylistItem.cs
  artifactKey: Guid(d2c26c7394c024dfd821f57a9dfaed06) Importer(2089858483,d624ce77472d68a35037170ec1d2d27e)
Start importing Assets/Wwise/API/Runtime/Generated/Common/AkPlaylistItem.cs using Guid(d2c26c7394c024dfd821f57a9dfaed06) Importer(2089858483,d624ce77472d68a35037170ec1d2d27e) (ScriptedImporter) -> (artifact id: 'fe8d6bd2283cc3b769ec72091c8811ad') in 0.001030333 seconds
Number of updated asset objects reloaded before import = 0Number of asset objects unloaded after import = 0

========================================================================
Received Import Request.
  Time since last request: 0.000068 seconds.
  path: Assets/StreamingAssets/Audio/GeneratedSoundBanks/Mac
  artifactKey: Guid(764db24be3a4e48d6b33c15a557846d6) Importer(2089858483,d624ce77472d68a35037170ec1d2d27e)
Start importing Assets/StreamingAssets/Audio/GeneratedSoundBanks/Mac using Guid(764db24be3a4e48d6b33c15a557846d6) Importer(2089858483,d624ce77472d68a35037170ec1d2d27e) (ScriptedImporter) -> (artifact id: 'e17a43c1015c063079f264b654c024d7') in 0.000838875 seconds
Number of updated asset objects reloaded before import = 0Number of asset objects unloaded after import = 1

========================================================================
Received Import Request.
  Time since last request: 0.000053 seconds.
  path: Assets/Wwise/API/Runtime/Handwritten/Common/Arrays/AkMIDIPostArray.cs
  artifactKey: Guid(8d4502e67f6554364ba7be11fc6c5f1d) Importer(2089858483,d624ce77472d68a35037170ec1d2d27e)
Start importing Assets/Wwise/API/Runtime/Handwritten/Common/Arrays/AkMIDIPostArray.cs using Guid(8d4502e67f6554364ba7be11fc6c5f1d) Importer(2089858483,d624ce77472d68a35037170ec1d2d27e) (ScriptedImporter) -> (artifact id: '542f777d57dad80f1af48fb6529c63c7') in 0.001038833 seconds
Number of updated asset objects reloaded before import = 0Number of asset objects unloaded after import = 0

========================================================================
Received Import Request.
  Time since last request: 0.000069 seconds.
  path: Assets/Wwise/MonoBehaviour/Runtime/AkSpatialAudioListener.cs
  artifactKey: Guid(d1cd3683a504344888c08726508a4861) Importer(2089858483,d624ce77472d68a35037170ec1d2d27e)
Start importing Assets/Wwise/MonoBehaviour/Runtime/AkSpatialAudioListener.cs using Guid(d1cd3683a504344888c08726508a4861) Importer(2089858483,d624ce77472d68a35037170ec1d2d27e) (ScriptedImporter) -> (artifact id: '50745703f1cab6b27cc2619b9d2cbefe') in 0.001194042 seconds
Number of updated asset objects reloaded before import = 0Number of asset objects unloaded after import = 0

========================================================================
Received Import Request.
  Time since last request: 0.000125 seconds.
  path: Assets/Wwise/MonoBehaviour
  artifactKey: Guid(eb995163ba43c491e88e980cbd49bdfa) Importer(2089858483,d624ce77472d68a35037170ec1d2d27e)
Start importing Assets/Wwise/MonoBehaviour using Guid(eb995163ba43c491e88e980cbd49bdfa) Importer(2089858483,d624ce77472d68a35037170ec1d2d27e) (ScriptedImporter) -> (artifact id: 'bdfbce48e22d406b07de3c55ddb96ad0') in 0.001067458 seconds
Number of updated asset objects reloaded before import = 0Number of asset objects unloaded after import = 1

========================================================================
Received Import Request.
  Time since last request: 0.000043 seconds.
  path: Assets/Wwise/API/Runtime/Handwritten/Common/AkSoundEngineInitialization.cs
  artifactKey: Guid(84d36882cc7994c1cb41d38d99a57f4e) Importer(2089858483,d624ce77472d68a35037170ec1d2d27e)
Start importing Assets/Wwise/API/Runtime/Handwritten/Common/AkSoundEngineInitialization.cs using Guid(84d36882cc7994c1cb41d38d99a57f4e) Importer(2089858483,d624ce77472d68a35037170ec1d2d27e) (ScriptedImporter) -> (artifact id: 'a8aefd088b799fcf5195d2cfed426158') in 0.00113875 seconds
Number of updated asset objects reloaded before import = 0Number of asset objects unloaded after import = 0

========================================================================
Received Import Request.
  Time since last request: 0.000080 seconds.
  path: Assets/Wwise/Logging
  artifactKey: Guid(3864e09672c574c87b29ccb19468f12a) Importer(2089858483,d624ce77472d68a35037170ec1d2d27e)
Start importing Assets/Wwise/Logging using Guid(3864e09672c574c87b29ccb19468f12a) Importer(2089858483,d624ce77472d68a35037170ec1d2d27e) (ScriptedImporter) -> (artifact id: '29a7f72fb73720283053cd223060dbf1') in 0.000935791 seconds
Number of updated asset objects reloaded before import = 0Number of asset objects unloaded after import = 1

========================================================================
Received Import Request.
  Time since last request: 0.000085 seconds.
  path: Assets/Prefabs/UI/HUD
  artifactKey: Guid(93b3827e264304625a654b2e2fd586a1) Importer(2089858483,d624ce77472d68a35037170ec1d2d27e)
Start importing Assets/Prefabs/UI/HUD using Guid(93b3827e264304625a654b2e2fd586a1) Importer(2089858483,d624ce77472d68a35037170ec1d2d27e) (ScriptedImporter) -> (artifact id: '96864406cbee8a5f1e4b18c92263c3d4') in 0.000742333 seconds
Number of updated asset objects reloaded before import = 0Number of asset objects unloaded after import = 1

========================================================================
Received Import Request.
  Time since last request: 0.000112 seconds.
  path: Assets/Audio
  artifactKey: Guid(0e501aa7ae24848c0aa6406553df867f) Importer(2089858483,d624ce77472d68a35037170ec1d2d27e)
Start importing Assets/Audio using Guid(0e501aa7ae24848c0aa6406553df867f) Importer(2089858483,d624ce77472d68a35037170ec1d2d27e) (ScriptedImporter) -> (artifact id: 'a08d4fb97d6a6821817daf86060e05ab') in 0.000773375 seconds
Number of updated asset objects reloaded before import = 0Number of asset objects unloaded after import = 1

========================================================================
Received Import Request.
  Time since last request: 0.000077 seconds.
  path: Assets/Wwise/API/Runtime/Plugins/Windows/x86/Release/AkSoundEngine.pdb
  artifactKey: Guid(4779787c8a7134aceab300f7983c522d) Importer(2089858483,d624ce77472d68a35037170ec1d2d27e)
Start importing Assets/Wwise/API/Runtime/Plugins/Windows/x86/Release/AkSoundEngine.pdb using Guid(4779787c8a7134aceab300f7983c522d) Importer(2089858483,d624ce77472d68a35037170ec1d2d27e) (ScriptedImporter) -> (artifact id: 'a5c08715e0b82dd9ae24b51e6bb7e3a1') in 0.001042209 seconds
Number of updated asset objects reloaded before import = 0Number of asset objects unloaded after import = 1

========================================================================
Received Import Request.
  Time since last request: 0.000049 seconds.
  path: Assets/TutorialInfo
  artifactKey: Guid(49110bb8dcada46328ad741970bce702) Importer(2089858483,d624ce77472d68a35037170ec1d2d27e)
Start importing Assets/TutorialInfo using Guid(49110bb8dcada46328ad741970bce702) Importer(2089858483,d624ce77472d68a35037170ec1d2d27e) (ScriptedImporter) -> (artifact id: 'efe3e2028b07e49d629e6ebf8cbd856a') in 0.000874 seconds
Number of updated asset objects reloaded before import = 0Number of asset objects unloaded after import = 1

========================================================================
Received Import Request.
  Time since last request: 0.000058 seconds.
  path: Assets/Wwise/Timeline/Runtime/AkRTPCPlayable.cs
  artifactKey: Guid(d0aad1b902ad043b0a6d82321a1da74e) Importer(2089858483,d624ce77472d68a35037170ec1d2d27e)
Start importing Assets/Wwise/Timeline/Runtime/AkRTPCPlayable.cs using Guid(d0aad1b902ad043b0a6d82321a1da74e) Importer(2089858483,d624ce77472d68a35037170ec1d2d27e) (ScriptedImporter) -> (artifact id: '9b10357c2c01a0c8e3e0ef0bdd995d17') in 0.001092917 seconds
Number of updated asset objects reloaded before import = 0Number of asset objects unloaded after import = 0

========================================================================
Received Import Request.
  Time since last request: 0.000096 seconds.
  path: Assets/Wwise/API/Runtime/Generated/Common/AkMIDIPost.cs
  artifactKey: Guid(1a1a9ebb782a440b5b246e3fed7005a1) Importer(2089858483,d624ce77472d68a35037170ec1d2d27e)
Start importing Assets/Wwise/API/Runtime/Generated/Common/AkMIDIPost.cs using Guid(1a1a9ebb782a440b5b246e3fed7005a1) Importer(2089858483,d624ce77472d68a35037170ec1d2d27e) (ScriptedImporter) -> (artifact id: '7428175252dcc6611af97a154697312b') in 0.001099125 seconds
Number of updated asset objects reloaded before import = 0Number of asset objects unloaded after import = 0

========================================================================
Received Import Request.
  Time since last request: 0.000063 seconds.
  path: Assets/Wwise/MonoBehaviour/Runtime/AkEarlyReflections.cs
  artifactKey: Guid(7552ee4bc17b34348af8df1f2745869f) Importer(2089858483,d624ce77472d68a35037170ec1d2d27e)
Start importing Assets/Wwise/MonoBehaviour/Runtime/AkEarlyReflections.cs using Guid(7552ee4bc17b34348af8df1f2745869f) Importer(2089858483,d624ce77472d68a35037170ec1d2d27e) (ScriptedImporter) -> (artifact id: 'cbfadd573c4a5c403d77725eeaabb1be') in 0.000997459 seconds
Number of updated asset objects reloaded before import = 0Number of asset objects unloaded after import = 0

========================================================================
Received Import Request.
  Time since last request: 0.000093 seconds.
  path: Assets/Wwise/API/Runtime/Handwritten/Common/Arrays/AkChannelEmitterArray.cs
  artifactKey: Guid(994c9fe872b09402baf9c5b96d9b348c) Importer(2089858483,d624ce77472d68a35037170ec1d2d27e)
Start importing Assets/Wwise/API/Runtime/Handwritten/Common/Arrays/AkChannelEmitterArray.cs using Guid(994c9fe872b09402baf9c5b96d9b348c) Importer(2089858483,d624ce77472d68a35037170ec1d2d27e) (ScriptedImporter) -> (artifact id: '6ccc8044d719facdce79979e8ece08f5') in 0.001162292 seconds
Number of updated asset objects reloaded before import = 0Number of asset objects unloaded after import = 0

========================================================================
Received Import Request.
  Time since last request: 0.000115 seconds.
  path: Assets/Wwise/MonoBehaviour/Runtime/AkTriggerEnable.cs
  artifactKey: Guid(270785df71d904a7da7ea83d82b2dab3) Importer(2089858483,d624ce77472d68a35037170ec1d2d27e)
Start importing Assets/Wwise/MonoBehaviour/Runtime/AkTriggerEnable.cs using Guid(270785df71d904a7da7ea83d82b2dab3) Importer(2089858483,d624ce77472d68a35037170ec1d2d27e) (ScriptedImporter) -> (artifact id: '8b1ff72f177637150f33c45852f4c147') in 0.000942834 seconds
Number of updated asset objects reloaded before import = 0Number of asset objects unloaded after import = 0

========================================================================
Received Import Request.
  Time since last request: 0.000071 seconds.
  path: Assets/Wwise/API/Runtime/Generated/Common/AkExternalSourceInfo.cs
  artifactKey: Guid(c6762f2a21ce4466187c84379b23ad44) Importer(2089858483,d624ce77472d68a35037170ec1d2d27e)
Start importing Assets/Wwise/API/Runtime/Generated/Common/AkExternalSourceInfo.cs using Guid(c6762f2a21ce4466187c84379b23ad44) Importer(2089858483,d624ce77472d68a35037170ec1d2d27e) (ScriptedImporter) -> (artifact id: '07b4a9ddfd9e487c64e0fbb2e1f397c0') in 0.00100775 seconds
Number of updated asset objects reloaded before import = 0Number of asset objects unloaded after import = 0

========================================================================
Received Import Request.
  Time since last request: 0.000095 seconds.
  path: Assets/Wwise/API/Runtime/Handwritten/Common/AkVertex.cs
  artifactKey: Guid(546d686970d934334bbaaeca5ce1fc44) Importer(2089858483,d624ce77472d68a35037170ec1d2d27e)
Start importing Assets/Wwise/API/Runtime/Handwritten/Common/AkVertex.cs using Guid(546d686970d934334bbaaeca5ce1fc44) Importer(2089858483,d624ce77472d68a35037170ec1d2d27e) (ScriptedImporter) -> (artifact id: '81a7967f38e90649222d574b33b41a21') in 0.001026708 seconds
Number of updated asset objects reloaded before import = 0Number of asset objects unloaded after import = 0

========================================================================
Received Import Request.
  Time since last request: 0.000085 seconds.
  path: Assets/Scripts/Core/Input
  artifactKey: Guid(98a2791d6420e4e6986455db2d99456e) Importer(2089858483,d624ce77472d68a35037170ec1d2d27e)
Start importing Assets/Scripts/Core/Input using Guid(98a2791d6420e4e6986455db2d99456e) Importer(2089858483,d624ce77472d68a35037170ec1d2d27e) (ScriptedImporter) -> (artifact id: 'bbfdda981cafaf049fca0787c08efd6a') in 0.00096375 seconds
Number of updated asset objects reloaded before import = 0Number of asset objects unloaded after import = 1

========================================================================
Received Import Request.
  Time since last request: 0.000074 seconds.
  path: Assets/Wwise/API/Runtime/Plugins/Mac/Debug/AkSoundEngine.bundle.dSYM
  artifactKey: Guid(12abbf28d38fd489e9206699a83d8e18) Importer(2089858483,d624ce77472d68a35037170ec1d2d27e)
Start importing Assets/Wwise/API/Runtime/Plugins/Mac/Debug/AkSoundEngine.bundle.dSYM using Guid(12abbf28d38fd489e9206699a83d8e18) Importer(2089858483,d624ce77472d68a35037170ec1d2d27e) (ScriptedImporter) -> (artifact id: 'd6d8881940850878e92a95ad6605ff4b') in 0.000961167 seconds
Number of updated asset objects reloaded before import = 0Number of asset objects unloaded after import = 1

========================================================================
Received Import Request.
  Time since last request: 0.000075 seconds.
  path: Assets/Wwise/Documentation/AppleCommon/en
  artifactKey: Guid(386169675f7394e6c9c6d1f6cf6be7bb) Importer(2089858483,d624ce77472d68a35037170ec1d2d27e)
Start importing Assets/Wwise/Documentation/AppleCommon/en using Guid(386169675f7394e6c9c6d1f6cf6be7bb) Importer(2089858483,d624ce77472d68a35037170ec1d2d27e) (ScriptedImporter) -> (artifact id: 'dd9c8e9d37efd7f3045612f61e824150') in 0.000792458 seconds
Number of updated asset objects reloaded before import = 0Number of asset objects unloaded after import = 1

========================================================================
Received Import Request.
  Time since last request: 0.000059 seconds.
  path: Assets/Wwise/API/Editor/WwiseMenu/Common/AkUnityPluginInstallerBase.cs
  artifactKey: Guid(e48d91a707c8b4e3581db4adb770c206) Importer(2089858483,d624ce77472d68a35037170ec1d2d27e)
Start importing Assets/Wwise/API/Editor/WwiseMenu/Common/AkUnityPluginInstallerBase.cs using Guid(e48d91a707c8b4e3581db4adb770c206) Importer(2089858483,d624ce77472d68a35037170ec1d2d27e) (ScriptedImporter) -> (artifact id: '73e89540b24cd5ce3ae9e7a1daf3413f') in 0.001202584 seconds
Number of updated asset objects reloaded before import = 0Number of asset objects unloaded after import = 0

========================================================================
Received Import Request.
  Time since last request: 0.000071 seconds.
  path: Assets/Wwise/API/Runtime/Generated/Common/AkStreamMgrSettings.cs
  artifactKey: Guid(a47ad0d14c8f1483da6ce27ac2a0e27e) Importer(2089858483,d624ce77472d68a35037170ec1d2d27e)
Start importing Assets/Wwise/API/Runtime/Generated/Common/AkStreamMgrSettings.cs using Guid(a47ad0d14c8f1483da6ce27ac2a0e27e) Importer(2089858483,d624ce77472d68a35037170ec1d2d27e) (ScriptedImporter) -> (artifact id: '93d1fc15c8c2693e797bf424f639b4a4') in 0.001051542 seconds
Number of updated asset objects reloaded before import = 0Number of asset objects unloaded after import = 0

========================================================================
Received Import Request.
  Time since last request: 0.000089 seconds.
  path: Assets/Wwise/API/Runtime/Plugins/Mac/Profile/AkSoundEngine.bundle.dSYM/Contents/Resources/DWARF
  artifactKey: Guid(8499e6276e97b444480e7b7fb5307015) Importer(2089858483,d624ce77472d68a35037170ec1d2d27e)
Start importing Assets/Wwise/API/Runtime/Plugins/Mac/Profile/AkSoundEngine.bundle.dSYM/Contents/Resources/DWARF using Guid(8499e6276e97b444480e7b7fb5307015) Importer(2089858483,d624ce77472d68a35037170ec1d2d27e) (ScriptedImporter) -> (artifact id: 'e84e7ea33aedd5c579e30c8ccbdf1f0c') in 0.000957334 seconds
Number of updated asset objects reloaded before import = 0Number of asset objects unloaded after import = 1

========================================================================
Received Prepare
Begin MonoManager ReloadAssembly
Thread 0x178c87000 may have been prematurely finalized
Symbol file LoadedFromMemory is not a mono symbol file
- Loaded All Assemblies, in  0.297 seconds
Refreshing native plugins compatible for Editor in 2.34 ms, found 2 plugins.
Native extension for OSXStandalone target not found
Refreshing native plugins compatible for Editor in 2.38 ms, found 2 plugins.
[Package Manager] Failed to launch server process. Reason: Unity was launched with the -noUpm command-line argument
[Package Manager] Unable to send message (not connected to server process).
[Package Manager] Cannot connect to Unity Package Manager local server
Mono: successfully reloaded assembly
- Finished resetting the current domain, in  0.512 seconds
Domain Reload Profiling: 810ms
	BeginReloadAssembly (91ms)
		ExecutionOrderSort (0ms)
		DisableScriptedObjects (4ms)
		BackupInstance (0ms)
		ReleaseScriptingObjects (0ms)
		CreateAndSetChildDomain (26ms)
	RebuildCommonClasses (22ms)
	RebuildNativeTypeToScriptingClass (9ms)
	initialDomainReloadingComplete (10ms)
	LoadAllAssembliesAndSetupDomain (165ms)
		LoadAssemblies (141ms)
		RebuildTransferFunctionScriptingTraits (0ms)
		AnalyzeDomain (55ms)
			TypeCache.Refresh (5ms)
				TypeCache.ScanAssembly (0ms)
			BuildScriptInfoCaches (46ms)
			ResolveRequiredComponents (3ms)
	FinalizeReload (512ms)
		ReleaseScriptCaches (0ms)
		RebuildScriptCaches (0ms)
		SetupLoadedEditorAssemblies (448ms)
			LogAssemblyErrors (0ms)
			InitializePlatformSupportModulesInManaged (1ms)
			SetLoadedEditorAssemblies (2ms)
			BeforeProcessingInitializeOnLoad (100ms)
			ProcessInitializeOnLoadAttributes (236ms)
			ProcessInitializeOnLoadMethodAttributes (109ms)
			AfterProcessingInitializeOnLoad (1ms)
			EditorAssembliesLoaded (0ms)
		ExecutionOrderSort2 (0ms)
		AwakeInstancesAfterBackupRestoration (2ms)
Refreshing native plugins compatible for Editor in 1.99 ms, found 2 plugins.
Preloading 0 native plugins for Editor in 0.00 ms.
Unloading 4 Unused Serialized files (Serialized files now loaded: 0)
Unloading 3423 unused Assets / (0.8 MB). Loaded Objects now: 4010.
Memory consumption went from 120.9 MB to 120.1 MB.
Total: 8.669708 ms (FindLiveObjects: 0.166542 ms CreateObjectMapping: 0.065958 ms MarkObjects: 8.013917 ms  DeleteObjects: 0.422916 ms)

Prepare: number of updated asset objects reloaded= 0
========================================================================
Received Import Request.
  Time since last request: 69.529651 seconds.
  path: Assets/Prefabs/Towers/Supertower
  artifactKey: Guid(a4827a8bc8bb346008cdc5aa95b4e344) Importer(2089858483,d624ce77472d68a35037170ec1d2d27e)
Start importing Assets/Prefabs/Towers/Supertower using Guid(a4827a8bc8bb346008cdc5aa95b4e344) Importer(2089858483,d624ce77472d68a35037170ec1d2d27e) (ScriptedImporter) -> (artifact id: '9333953dac571a4fd91afce151b9d221') in 0.0176005 seconds
Number of updated asset objects reloaded before import = 0Number of asset objects unloaded after import = 1

========================================================================
Received Import Request.
  Time since last request: 0.000031 seconds.
  path: Assets/Wwise/API/Runtime/WwiseTypes/WwiseObjects/WwiseStateGroupReference.cs
  artifactKey: Guid(896d8264789dd45609bd98f83a9d6289) Importer(2089858483,d624ce77472d68a35037170ec1d2d27e)
Start importing Assets/Wwise/API/Runtime/WwiseTypes/WwiseObjects/WwiseStateGroupReference.cs using Guid(896d8264789dd45609bd98f83a9d6289) Importer(2089858483,d624ce77472d68a35037170ec1d2d27e) (ScriptedImporter) -> (artifact id: 'df21c9723de29fd3b6f58335fd9e61c0') in 0.01330225 seconds
Number of updated asset objects reloaded before import = 0Number of asset objects unloaded after import = 0

========================================================================
Received Import Request.
  Time since last request: 0.000061 seconds.
  path: Assets/Wwise/API/Editor/WwiseWindows/TreeViewIcons/stategroup_nor.png
  artifactKey: Guid(512eeec20353e4566ac1b1f6b33dfb41) Importer(2089858483,d624ce77472d68a35037170ec1d2d27e)
Start importing Assets/Wwise/API/Editor/WwiseWindows/TreeViewIcons/stategroup_nor.png using Guid(512eeec20353e4566ac1b1f6b33dfb41) Importer(2089858483,d624ce77472d68a35037170ec1d2d27e) (ScriptedImporter) -> (artifact id: '2aa5ccedebf703d3b47284a2e1b10e5d') in 0.026834833 seconds
Number of updated asset objects reloaded before import = 0Number of asset objects unloaded after import = 1

========================================================================
Received Import Request.
  Time since last request: 0.000045 seconds.
  path: Assets/Wwise/API/Runtime/Handwritten/WAAPI/Wamp.cs
  artifactKey: Guid(7ef01f609d1924faa8a3694e67401621) Importer(2089858483,d624ce77472d68a35037170ec1d2d27e)
Start importing Assets/Wwise/API/Runtime/Handwritten/WAAPI/Wamp.cs using Guid(7ef01f609d1924faa8a3694e67401621) Importer(2089858483,d624ce77472d68a35037170ec1d2d27e) (ScriptedImporter) -> (artifact id: '23738347f988b7245e119034e7ee1d90') in 0.001175292 seconds
Number of updated asset objects reloaded before import = 0Number of asset objects unloaded after import = 0

========================================================================
Received Import Request.
  Time since last request: 0.000074 seconds.
  path: Assets/Wwise/API/Runtime/Plugins/Windows/x86_64/Release
  artifactKey: Guid(3cc0093aa4f5a4572ab5d5cd7b7c971b) Importer(2089858483,d624ce77472d68a35037170ec1d2d27e)
Start importing Assets/Wwise/API/Runtime/Plugins/Windows/x86_64/Release using Guid(3cc0093aa4f5a4572ab5d5cd7b7c971b) Importer(2089858483,d624ce77472d68a35037170ec1d2d27e) (ScriptedImporter) -> (artifact id: 'eb802d615e23b0db12e33f5983c61aa3') in 0.000956333 seconds
Number of updated asset objects reloaded before import = 0Number of asset objects unloaded after import = 1

========================================================================
Received Import Request.
  Time since last request: 0.000042 seconds.
  path: Assets/Wwise/MonoBehaviour/Editor/EditorPlatformHelpers/Mac/AkMacBuildPreprocessor.cs
  artifactKey: Guid(e39a7430ec2ce451ca90426f8552e703) Importer(2089858483,d624ce77472d68a35037170ec1d2d27e)
Start importing Assets/Wwise/MonoBehaviour/Editor/EditorPlatformHelpers/Mac/AkMacBuildPreprocessor.cs using Guid(e39a7430ec2ce451ca90426f8552e703) Importer(2089858483,d624ce77472d68a35037170ec1d2d27e) (ScriptedImporter) -> (artifact id: '0b4b00059d11e0fd377ad3e4379f9e6a') in 0.001260667 seconds
Number of updated asset objects reloaded before import = 0Number of asset objects unloaded after import = 0

========================================================================
Received Import Request.
  Time since last request: 0.000074 seconds.
  path: Assets/Wwise/API/Runtime/Handwritten/Common/AkWwiseInitializationSettings.cs
  artifactKey: Guid(8987b678c4da3453198dd223f3be0951) Importer(2089858483,d624ce77472d68a35037170ec1d2d27e)
Start importing Assets/Wwise/API/Runtime/Handwritten/Common/AkWwiseInitializationSettings.cs using Guid(8987b678c4da3453198dd223f3be0951) Importer(2089858483,d624ce77472d68a35037170ec1d2d27e) (ScriptedImporter) -> (artifact id: 'f23504f2bb53fad920fc1043f2760606') in 0.001445292 seconds
Number of updated asset objects reloaded before import = 0Number of asset objects unloaded after import = 0

========================================================================
Received Import Request.
  Time since last request: 0.000078 seconds.
  path: Assets/Wwise/API/Runtime/Generated/Common/AkSourceChannelOrdering.cs
  artifactKey: Guid(5c665deeb8494418295b59006c720f50) Importer(2089858483,d624ce77472d68a35037170ec1d2d27e)
Start importing Assets/Wwise/API/Runtime/Generated/Common/AkSourceChannelOrdering.cs using Guid(5c665deeb8494418295b59006c720f50) Importer(2089858483,d624ce77472d68a35037170ec1d2d27e) (ScriptedImporter) -> (artifact id: 'b07970b04531c0cf99154496d210dc88') in 0.00124175 seconds
Number of updated asset objects reloaded before import = 0Number of asset objects unloaded after import = 0

========================================================================
Received Import Request.
  Time since last request: 0.000042 seconds.
  path: Assets/Wwise/API/Runtime/Generated/Mac/AkThreadProperties_Mac.cs
  artifactKey: Guid(68210db2ced9d4ebb80c2f86a1d995a5) Importer(2089858483,d624ce77472d68a35037170ec1d2d27e)
Start importing Assets/Wwise/API/Runtime/Generated/Mac/AkThreadProperties_Mac.cs using Guid(68210db2ced9d4ebb80c2f86a1d995a5) Importer(2089858483,d624ce77472d68a35037170ec1d2d27e) (ScriptedImporter) -> (artifact id: '54358d5dcf7969353d873e61a205695a') in 0.001237625 seconds
Number of updated asset objects reloaded before import = 0Number of asset objects unloaded after import = 0

========================================================================
Received Import Request.
  Time since last request: 0.000048 seconds.
  path: Assets/Wwise/API/Runtime/Generated/Common/AkGlobalCallbackLocation.cs
  artifactKey: Guid(0b9068b95d47049aa88536a9a81fdb89) Importer(2089858483,d624ce77472d68a35037170ec1d2d27e)
Start importing Assets/Wwise/API/Runtime/Generated/Common/AkGlobalCallbackLocation.cs using Guid(0b9068b95d47049aa88536a9a81fdb89) Importer(2089858483,d624ce77472d68a35037170ec1d2d27e) (ScriptedImporter) -> (artifact id: 'ea3b75008adef6f62170e3e418561c13') in 0.001022625 seconds
Number of updated asset objects reloaded before import = 0Number of asset objects unloaded after import = 0

========================================================================
Received Import Request.
  Time since last request: 0.000038 seconds.
  path: Assets/Wwise/LauncherInfo.json
  artifactKey: Guid(116d6f85c3a764a199b2b0c79d86fa2a) Importer(2089858483,d624ce77472d68a35037170ec1d2d27e)
Start importing Assets/Wwise/LauncherInfo.json using Guid(116d6f85c3a764a199b2b0c79d86fa2a) Importer(2089858483,d624ce77472d68a35037170ec1d2d27e) (ScriptedImporter) -> (artifact id: 'eabceb0e8bc25d0a3b35cfb295a55294') in 0.001204792 seconds
Number of updated asset objects reloaded before import = 0Number of asset objects unloaded after import = 1

========================================================================
Received Import Request.
  Time since last request: 0.000034 seconds.
  path: Assets/Scripts/ActionGameFramework/Helpers
  artifactKey: Guid(61f75af8883a944819643b2292b40504) Importer(2089858483,d624ce77472d68a35037170ec1d2d27e)
Start importing Assets/Scripts/ActionGameFramework/Helpers using Guid(61f75af8883a944819643b2292b40504) Importer(2089858483,d624ce77472d68a35037170ec1d2d27e) (ScriptedImporter) -> (artifact id: 'f76c818f990608236b4d2d91eb8e37b3') in 0.000896458 seconds
Number of updated asset objects reloaded before import = 0Number of asset objects unloaded after import = 1

========================================================================
Received Import Request.
  Time since last request: 0.000040 seconds.
  path: Assets/Prefabs/Towers/Rocket
  artifactKey: Guid(00faa802d4f7d4e6aaa2220e24e090be) Importer(2089858483,d624ce77472d68a35037170ec1d2d27e)
Start importing Assets/Prefabs/Towers/Rocket using Guid(00faa802d4f7d4e6aaa2220e24e090be) Importer(2089858483,d624ce77472d68a35037170ec1d2d27e) (ScriptedImporter) -> (artifact id: '81cd32926e45a11a0c28071939ad4066') in 0.000944208 seconds
Number of updated asset objects reloaded before import = 0Number of asset objects unloaded after import = 1

========================================================================
Received Import Request.
  Time since last request: 0.000032 seconds.
  path: Assets/Wwise/API/Runtime/Generated/Common/AkSourceSettings.cs
  artifactKey: Guid(a7428ce359dc64cb58d492e44d9100cf) Importer(2089858483,d624ce77472d68a35037170ec1d2d27e)
Start importing Assets/Wwise/API/Runtime/Generated/Common/AkSourceSettings.cs using Guid(a7428ce359dc64cb58d492e44d9100cf) Importer(2089858483,d624ce77472d68a35037170ec1d2d27e) (ScriptedImporter) -> (artifact id: '0db863a53ea6bcfb14f7fdd1d5936e3e') in 0.001360042 seconds
Number of updated asset objects reloaded before import = 0Number of asset objects unloaded after import = 0

========================================================================
Received Import Request.
  Time since last request: 0.000055 seconds.
  path: Assets/Wwise/Timeline/Runtime/AkEventPlayableBehavior.cs
  artifactKey: Guid(4a58df8e87f2e46fb90fa66f9e058e4c) Importer(2089858483,d624ce77472d68a35037170ec1d2d27e)
Start importing Assets/Wwise/Timeline/Runtime/AkEventPlayableBehavior.cs using Guid(4a58df8e87f2e46fb90fa66f9e058e4c) Importer(2089858483,d624ce77472d68a35037170ec1d2d27e) (ScriptedImporter) -> (artifact id: 'c9136ea23485f6c6582b83888962aa8d') in 0.001252459 seconds
Number of updated asset objects reloaded before import = 0Number of asset objects unloaded after import = 0

========================================================================
Received Import Request.
  Time since last request: 0.000043 seconds.
  path: Assets/Wwise/API/Runtime/Generated/Common/AkCurveInterpolation.cs
  artifactKey: Guid(3e103d4af87e344a9973bcd22ef98ba0) Importer(2089858483,d624ce77472d68a35037170ec1d2d27e)
Start importing Assets/Wwise/API/Runtime/Generated/Common/AkCurveInterpolation.cs using Guid(3e103d4af87e344a9973bcd22ef98ba0) Importer(2089858483,d624ce77472d68a35037170ec1d2d27e) (ScriptedImporter) -> (artifact id: '3f2a4655e39c36eae37db4a8d5465fe5') in 0.000939833 seconds
Number of updated asset objects reloaded before import = 0Number of asset objects unloaded after import = 0

========================================================================
Received Import Request.
  Time since last request: 0.000050 seconds.
  path: Assets/Wwise/API/Runtime/Plugins/Windows/x86_64/Release/AkSoundEngine.dll
  artifactKey: Guid(642507d6a628146ef9fef12ca2379f39) Importer(2089858483,d624ce77472d68a35037170ec1d2d27e)
Start importing Assets/Wwise/API/Runtime/Plugins/Windows/x86_64/Release/AkSoundEngine.dll using Guid(642507d6a628146ef9fef12ca2379f39) Importer(2089858483,d624ce77472d68a35037170ec1d2d27e) (ScriptedImporter) -> (artifact id: 'ddfe191c5c209b6b9a48a82841db9e28') in 0.002261375 seconds
Number of updated asset objects reloaded before import = 0Number of asset objects unloaded after import = 0

========================================================================
Received Import Request.
  Time since last request: 0.000044 seconds.
  path: Assets/Scripts/TowerDefense/Towers/Placement
  artifactKey: Guid(2201e40be9644fbba50dda5c4f184a4e) Importer(2089858483,d624ce77472d68a35037170ec1d2d27e)
Start importing Assets/Scripts/TowerDefense/Towers/Placement using Guid(2201e40be9644fbba50dda5c4f184a4e) Importer(2089858483,d624ce77472d68a35037170ec1d2d27e) (ScriptedImporter) -> (artifact id: 'f743107308fdf67ba21806e8a383c800') in 0.001285708 seconds
Number of updated asset objects reloaded before import = 0Number of asset objects unloaded after import = 1

========================================================================
Received Import Request.
  Time since last request: 0.000025 seconds.
  path: Assets/Prefabs/Towers/Pylon
  artifactKey: Guid(3443eddf16bbf4bd296315c451418af7) Importer(2089858483,d624ce77472d68a35037170ec1d2d27e)
Start importing Assets/Prefabs/Towers/Pylon using Guid(3443eddf16bbf4bd296315c451418af7) Importer(2089858483,d624ce77472d68a35037170ec1d2d27e) (ScriptedImporter) -> (artifact id: '27349257771b4db1af5833a09c24f9c1') in 0.001054875 seconds
Number of updated asset objects reloaded before import = 0Number of asset objects unloaded after import = 1

========================================================================
Received Import Request.
  Time since last request: 0.000042 seconds.
  path: Assets/Animations/MainMenu
  artifactKey: Guid(76a00d8ad59914054a924f659fcaab06) Importer(2089858483,d624ce77472d68a35037170ec1d2d27e)
Start importing Assets/Animations/MainMenu using Guid(76a00d8ad59914054a924f659fcaab06) Importer(2089858483,d624ce77472d68a35037170ec1d2d27e) (ScriptedImporter) -> (artifact id: 'ff1bd5f01a929d58bad5beddbc0bacc9') in 0.000991208 seconds
Number of updated asset objects reloaded before import = 0Number of asset objects unloaded after import = 1

========================================================================
Received Import Request.
  Time since last request: 0.000055 seconds.
  path: Assets/Wwise/API/Runtime/Generated/Common/AkMarkerCallbackInfo.cs
  artifactKey: Guid(f7050a71f362b4635be96c510e509e23) Importer(2089858483,d624ce77472d68a35037170ec1d2d27e)
Start importing Assets/Wwise/API/Runtime/Generated/Common/AkMarkerCallbackInfo.cs using Guid(f7050a71f362b4635be96c510e509e23) Importer(2089858483,d624ce77472d68a35037170ec1d2d27e) (ScriptedImporter) -> (artifact id: '2a244eb5379b102ce30cf03c6093c3c2') in 0.001372167 seconds
Number of updated asset objects reloaded before import = 0Number of asset objects unloaded after import = 0

========================================================================
Received Import Request.
  Time since last request: 0.000063 seconds.
  path: Assets/Wwise/Timeline/Runtime/AkTimelineRtpcTrack.cs
  artifactKey: Guid(32ea0d5de64b94148b1d30c0ba5682fc) Importer(2089858483,d624ce77472d68a35037170ec1d2d27e)
Start importing Assets/Wwise/Timeline/Runtime/AkTimelineRtpcTrack.cs using Guid(32ea0d5de64b94148b1d30c0ba5682fc) Importer(2089858483,d624ce77472d68a35037170ec1d2d27e) (ScriptedImporter) -> (artifact id: 'bc57a51789c02ca3673481270757df90') in 0.001234292 seconds
Number of updated asset objects reloaded before import = 0Number of asset objects unloaded after import = 0

========================================================================
Received Import Request.
  Time since last request: 0.000044 seconds.
  path: Assets/Wwise/API/Runtime/Plugins/Mac/Profile/AkSoundEngine.bundle.dSYM/Contents/Resources/Relocations/x86_64/AkSoundEngine.yml
  artifactKey: Guid(716a41d57c6504d30830fdd1e8d3475d) Importer(2089858483,d624ce77472d68a35037170ec1d2d27e)
Start importing Assets/Wwise/API/Runtime/Plugins/Mac/Profile/AkSoundEngine.bundle.dSYM/Contents/Resources/Relocations/x86_64/AkSoundEngine.yml using Guid(716a41d57c6504d30830fdd1e8d3475d) Importer(2089858483,d624ce77472d68a35037170ec1d2d27e) (ScriptedImporter) -> (artifact id: '3e1ba2b8383ac0727e0cd113ebc403f2') in 0.001063709 seconds
Number of updated asset objects reloaded before import = 0Number of asset objects unloaded after import = 1

========================================================================
Received Import Request.
  Time since last request: 0.000069 seconds.
  path: Assets/Wwise/API/Runtime/Handwritten/Windows/AkSoundEngine.cs
  artifactKey: Guid(1086e3f070a9a4b1bae78294fb4e5fb6) Importer(2089858483,d624ce77472d68a35037170ec1d2d27e)
Start importing Assets/Wwise/API/Runtime/Handwritten/Windows/AkSoundEngine.cs using Guid(1086e3f070a9a4b1bae78294fb4e5fb6) Importer(2089858483,d624ce77472d68a35037170ec1d2d27e) (ScriptedImporter) -> (artifact id: 'c3acf2af143650f4bd1a7870ea7ab9b8') in 0.001215542 seconds
Number of updated asset objects reloaded before import = 0Number of asset objects unloaded after import = 0

========================================================================
Received Import Request.
  Time since last request: 0.000042 seconds.
  path: Assets/Wwise/MonoBehaviour/Editor/AkBaseInspector.cs
  artifactKey: Guid(afbcd3cf31d38458482501357e9008d8) Importer(2089858483,d624ce77472d68a35037170ec1d2d27e)
Start importing Assets/Wwise/MonoBehaviour/Editor/AkBaseInspector.cs using Guid(afbcd3cf31d38458482501357e9008d8) Importer(2089858483,d624ce77472d68a35037170ec1d2d27e) (ScriptedImporter) -> (artifact id: 'a5b3ef52c901f6849a6cf6758e60895f') in 0.001183541 seconds
Number of updated asset objects reloaded before import = 0Number of asset objects unloaded after import = 0

========================================================================
Received Import Request.
  Time since last request: 0.000043 seconds.
  path: Assets/StreamingAssets/Audio/GeneratedSoundBanks/Windows
  artifactKey: Guid(523184e09cd5b4ce0abf50d05e972358) Importer(2089858483,d624ce77472d68a35037170ec1d2d27e)
Start importing Assets/StreamingAssets/Audio/GeneratedSoundBanks/Windows using Guid(523184e09cd5b4ce0abf50d05e972358) Importer(2089858483,d624ce77472d68a35037170ec1d2d27e) (ScriptedImporter) -> (artifact id: '5890541396c5df8a949e4e4d719b3cd9') in 0.001019875 seconds
Number of updated asset objects reloaded before import = 0Number of asset objects unloaded after import = 1

========================================================================
Received Import Request.
  Time since last request: 0.000058 seconds.
  path: Assets/Materials/Player
  artifactKey: Guid(325df724dd85b41a6a80b515fde053e6) Importer(2089858483,d624ce77472d68a35037170ec1d2d27e)
Start importing Assets/Materials/Player using Guid(325df724dd85b41a6a80b515fde053e6) Importer(2089858483,d624ce77472d68a35037170ec1d2d27e) (ScriptedImporter) -> (artifact id: '1e29da68240f7d0080cff158ba9b9aff') in 0.001156042 seconds
Number of updated asset objects reloaded before import = 0Number of asset objects unloaded after import = 1

========================================================================
Received Import Request.
  Time since last request: 0.000053 seconds.
  path: Assets/Wwise/API/Runtime/WwiseTypes/WwiseObjects/WwiseObjectReference.cs
  artifactKey: Guid(f9059f3282b1f436aa53f241c6ddfaf9) Importer(2089858483,d624ce77472d68a35037170ec1d2d27e)
Start importing Assets/Wwise/API/Runtime/WwiseTypes/WwiseObjects/WwiseObjectReference.cs using Guid(f9059f3282b1f436aa53f241c6ddfaf9) Importer(2089858483,d624ce77472d68a35037170ec1d2d27e) (ScriptedImporter) -> (artifact id: '44a3dd8d2820106ca1fca7d0a94372ef') in 0.001265625 seconds
Number of updated asset objects reloaded before import = 0Number of asset objects unloaded after import = 0

========================================================================
Received Import Request.
  Time since last request: 0.000081 seconds.
  path: Assets/Wwise/API/Runtime/Plugins/Mac/Profile/AkSoundEngine.bundle.dSYM/Contents/Resources/Relocations/aarch64
  artifactKey: Guid(3fa8d1ac78ce04661a75f7c982913002) Importer(2089858483,d624ce77472d68a35037170ec1d2d27e)
Start importing Assets/Wwise/API/Runtime/Plugins/Mac/Profile/AkSoundEngine.bundle.dSYM/Contents/Resources/Relocations/aarch64 using Guid(3fa8d1ac78ce04661a75f7c982913002) Importer(2089858483,d624ce77472d68a35037170ec1d2d27e) (ScriptedImporter) -> (artifact id: 'a2f517ff423bc5ee8531c6ab2adfa336') in 0.001113416 seconds
Number of updated asset objects reloaded before import = 0Number of asset objects unloaded after import = 1

========================================================================
Received Import Request.
  Time since last request: 0.000050 seconds.
  path: Assets/PostProcessing/Editor/Models
  artifactKey: Guid(d5341d31985da604db4b100f174142ad) Importer(2089858483,d624ce77472d68a35037170ec1d2d27e)
Start importing Assets/PostProcessing/Editor/Models using Guid(d5341d31985da604db4b100f174142ad) Importer(2089858483,d624ce77472d68a35037170ec1d2d27e) (ScriptedImporter) -> (artifact id: '09ad19fe1240970f2a553132cf7967ca') in 0.001011041 seconds
Number of updated asset objects reloaded before import = 0Number of asset objects unloaded after import = 1

========================================================================
Received Import Request.
  Time since last request: 0.000078 seconds.
  path: Assets/Scripts/TowerDefense
  artifactKey: Guid(4c2dc84a89b1e446eb2ddff82c18a868) Importer(2089858483,d624ce77472d68a35037170ec1d2d27e)
Start importing Assets/Scripts/TowerDefense using Guid(4c2dc84a89b1e446eb2ddff82c18a868) Importer(2089858483,d624ce77472d68a35037170ec1d2d27e) (ScriptedImporter) -> (artifact id: 'b667c6979c7761cb63e9c4f23bdcf29c') in 0.00117 seconds
Number of updated asset objects reloaded before import = 0Number of asset objects unloaded after import = 1

========================================================================
Received Import Request.
  Time since last request: 0.000031 seconds.
  path: Assets/Scenes
  artifactKey: Guid(4f704ae4b4f98ae41a0bce26658850c1) Importer(2089858483,d624ce77472d68a35037170ec1d2d27e)
Start importing Assets/Scenes using Guid(4f704ae4b4f98ae41a0bce26658850c1) Importer(2089858483,d624ce77472d68a35037170ec1d2d27e) (ScriptedImporter) -> (artifact id: 'e16e5176977ddfc9185a6b4ba13bd666') in 0.000905291 seconds
Number of updated asset objects reloaded before import = 0Number of asset objects unloaded after import = 1

========================================================================
Received Import Request.
  Time since last request: 0.000047 seconds.
  path: Assets/Wwise/MonoBehaviour/Runtime/AkRoomAwareObject.cs
  artifactKey: Guid(1664ff6a0d779b5449b03f1c6517332a) Importer(2089858483,d624ce77472d68a35037170ec1d2d27e)
Start importing Assets/Wwise/MonoBehaviour/Runtime/AkRoomAwareObject.cs using Guid(1664ff6a0d779b5449b03f1c6517332a) Importer(2089858483,d624ce77472d68a35037170ec1d2d27e) (ScriptedImporter) -> (artifact id: '1d86e5584116124208f98a2513070c15') in 0.001154083 seconds
Number of updated asset objects reloaded before import = 0Number of asset objects unloaded after import = 0

========================================================================
Received Import Request.
  Time since last request: 0.000049 seconds.
  path: Assets/Wwise/API/Runtime/Generated/Common/AkTriangle.cs
  artifactKey: Guid(8a46a45d195244bef9ae70aacffb190f) Importer(2089858483,d624ce77472d68a35037170ec1d2d27e)
Start importing Assets/Wwise/API/Runtime/Generated/Common/AkTriangle.cs using Guid(8a46a45d195244bef9ae70aacffb190f) Importer(2089858483,d624ce77472d68a35037170ec1d2d27e) (ScriptedImporter) -> (artifact id: '9fc81d576058f87cb1927462f20afbde') in 0.001097083 seconds
Number of updated asset objects reloaded before import = 0Number of asset objects unloaded after import = 0

========================================================================
Received Import Request.
  Time since last request: 0.000071 seconds.
  path: Assets/Wwise/Documentation/Windows/ja/WwiseUnityIntegrationHelp_ja.chm
  artifactKey: Guid(250c7e02d62c34ab28b465e52d868173) Importer(2089858483,d624ce77472d68a35037170ec1d2d27e)
Start importing Assets/Wwise/Documentation/Windows/ja/WwiseUnityIntegrationHelp_ja.chm using Guid(250c7e02d62c34ab28b465e52d868173) Importer(2089858483,d624ce77472d68a35037170ec1d2d27e) (ScriptedImporter) -> (artifact id: '90cbd623b4a903d14c73538900cc9475') in 0.001238916 seconds
Number of updated asset objects reloaded before import = 0Number of asset objects unloaded after import = 1

========================================================================
Received Import Request.
  Time since last request: 0.000036 seconds.
  path: Assets/Audio/Music
  artifactKey: Guid(9e3ddfe1f3c844750adcfed036333e9b) Importer(2089858483,d624ce77472d68a35037170ec1d2d27e)
Start importing Assets/Audio/Music using Guid(9e3ddfe1f3c844750adcfed036333e9b) Importer(2089858483,d624ce77472d68a35037170ec1d2d27e) (ScriptedImporter) -> (artifact id: '0bf6924d246c5d5ca7f04b1ab9dadd01') in 0.001135541 seconds
Number of updated asset objects reloaded before import = 0Number of asset objects unloaded after import = 1

========================================================================
Received Import Request.
  Time since last request: 0.000061 seconds.
  path: Assets/Wwise/API/Runtime/Plugins/Mac/Profile/AkSoundEngine.bundle.dSYM/Contents
  artifactKey: Guid(2f528e7c6afc44c02a8516bb482390b6) Importer(2089858483,d624ce77472d68a35037170ec1d2d27e)
Start importing Assets/Wwise/API/Runtime/Plugins/Mac/Profile/AkSoundEngine.bundle.dSYM/Contents using Guid(2f528e7c6afc44c02a8516bb482390b6) Importer(2089858483,d624ce77472d68a35037170ec1d2d27e) (ScriptedImporter) -> (artifact id: '06a447ebb381f6736f2b80839727b0dc') in 0.001063125 seconds
Number of updated asset objects reloaded before import = 0Number of asset objects unloaded after import = 1

========================================================================
Received Import Request.
  Time since last request: 0.000029 seconds.
  path: Assets/Prefabs/Towers
  artifactKey: Guid(e0013344ce5c84471bd360feec2395fa) Importer(2089858483,d624ce77472d68a35037170ec1d2d27e)
Start importing Assets/Prefabs/Towers using Guid(e0013344ce5c84471bd360feec2395fa) Importer(2089858483,d624ce77472d68a35037170ec1d2d27e) (ScriptedImporter) -> (artifact id: '57a57ef37379f2a74abfe9b8c148caa8') in 0.000984458 seconds
Number of updated asset objects reloaded before import = 0Number of asset objects unloaded after import = 1

========================================================================
Received Import Request.
  Time since last request: 0.000065 seconds.
  path: Assets/Wwise/API/Runtime/Plugins/Windows/x86_64/DSP/AkSynthOne.dll
  artifactKey: Guid(f97bb185178c94797a19770e1332df89) Importer(2089858483,d624ce77472d68a35037170ec1d2d27e)
Start importing Assets/Wwise/API/Runtime/Plugins/Windows/x86_64/DSP/AkSynthOne.dll using Guid(f97bb185178c94797a19770e1332df89) Importer(2089858483,d624ce77472d68a35037170ec1d2d27e) (ScriptedImporter) -> (artifact id: 'f9687250f91c24b43505cfe66c0acf83') in 0.0013585 seconds
Number of updated asset objects reloaded before import = 0Number of asset objects unloaded after import = 0

========================================================================
Received Import Request.
  Time since last request: 0.000058 seconds.
  path: Assets/PostProcessing/Textures/Spectral LUTs
  artifactKey: Guid(67d9249960fda4c41b0a23a65573a8a2) Importer(2089858483,d624ce77472d68a35037170ec1d2d27e)
Start importing Assets/PostProcessing/Textures/Spectral LUTs using Guid(67d9249960fda4c41b0a23a65573a8a2) Importer(2089858483,d624ce77472d68a35037170ec1d2d27e) (ScriptedImporter) -> (artifact id: 'c5663f8e57e72245b866c6d49e199b3d') in 0.001037791 seconds
Number of updated asset objects reloaded before import = 0Number of asset objects unloaded after import = 1

========================================================================
Received Import Request.
  Time since last request: 0.000036 seconds.
  path: Assets/Wwise/API/Runtime/Plugins/Mac/Debug/AkSoundEngine.bundle.dSYM/Contents/Info.plist
  artifactKey: Guid(370579cda4529449fa1fa6fe26e45565) Importer(2089858483,d624ce77472d68a35037170ec1d2d27e)
Start importing Assets/Wwise/API/Runtime/Plugins/Mac/Debug/AkSoundEngine.bundle.dSYM/Contents/Info.plist using Guid(370579cda4529449fa1fa6fe26e45565) Importer(2089858483,d624ce77472d68a35037170ec1d2d27e) (ScriptedImporter) -> (artifact id: 'f6df80c9fe954fbf56e343546d662762') in 0.001067333 seconds
Number of updated asset objects reloaded before import = 0Number of asset objects unloaded after import = 1

========================================================================
Received Import Request.
  Time since last request: 0.000038 seconds.
  path: Assets/Wwise/API/Runtime/Generated/Common/AkTrivialStdMovePolicy.cs
  artifactKey: Guid(9d1a186b063f3495c99cdbcba78f3b34) Importer(2089858483,d624ce77472d68a35037170ec1d2d27e)
Start importing Assets/Wwise/API/Runtime/Generated/Common/AkTrivialStdMovePolicy.cs using Guid(9d1a186b063f3495c99cdbcba78f3b34) Importer(2089858483,d624ce77472d68a35037170ec1d2d27e) (ScriptedImporter) -> (artifact id: '8cd1be806387bb53606df4537d2a39df') in 0.00104 seconds
Number of updated asset objects reloaded before import = 0Number of asset objects unloaded after import = 0

========================================================================
Received Import Request.
  Time since last request: 0.000073 seconds.
  path: Assets/Wwise/Editor/ProjectData
  artifactKey: Guid(ed5795c6ec1484f0bb4b0429c74e4570) Importer(2089858483,d624ce77472d68a35037170ec1d2d27e)
Start importing Assets/Wwise/Editor/ProjectData using Guid(ed5795c6ec1484f0bb4b0429c74e4570) Importer(2089858483,d624ce77472d68a35037170ec1d2d27e) (ScriptedImporter) -> (artifact id: 'c44ec7fdfa5cce44378fe601e75b6523') in 0.001105625 seconds
Number of updated asset objects reloaded before import = 0Number of asset objects unloaded after import = 1

========================================================================
Received Import Request.
  Time since last request: 0.000062 seconds.
  path: Assets/Wwise/Version.txt
  artifactKey: Guid(01f04b62acbfc48918ba59890b8e4cff) Importer(2089858483,d624ce77472d68a35037170ec1d2d27e)
Start importing Assets/Wwise/Version.txt using Guid(01f04b62acbfc48918ba59890b8e4cff) Importer(2089858483,d624ce77472d68a35037170ec1d2d27e) (ScriptedImporter) -> (artifact id: '8b2675ef05b4544413cb27b079ff127e') in 0.001094333 seconds
Number of updated asset objects reloaded before import = 0Number of asset objects unloaded after import = 1

========================================================================
Received Import Request.
  Time since last request: 0.000049 seconds.
  path: Assets/Wwise/API/Runtime/Plugins/Windows
  artifactKey: Guid(cf792f980ae374bc390ade9b80090f21) Importer(2089858483,d624ce77472d68a35037170ec1d2d27e)
Start importing Assets/Wwise/API/Runtime/Plugins/Windows using Guid(cf792f980ae374bc390ade9b80090f21) Importer(2089858483,d624ce77472d68a35037170ec1d2d27e) (ScriptedImporter) -> (artifact id: '1a6f763c075cc53c111d73c4ba64cef5') in 0.000934208 seconds
Number of updated asset objects reloaded before import = 0Number of asset objects unloaded after import = 1

========================================================================
Received Import Request.
  Time since last request: 0.000063 seconds.
  path: Assets/Wwise/MonoBehaviour/Runtime
  artifactKey: Guid(6dc40157423404c35a914bb9293ced86) Importer(2089858483,d624ce77472d68a35037170ec1d2d27e)
Start importing Assets/Wwise/MonoBehaviour/Runtime using Guid(6dc40157423404c35a914bb9293ced86) Importer(2089858483,d624ce77472d68a35037170ec1d2d27e) (ScriptedImporter) -> (artifact id: '544803c6769a58c5145573304da96c19') in 0.001001708 seconds
Number of updated asset objects reloaded before import = 0Number of asset objects unloaded after import = 1

========================================================================
Received Import Request.
  Time since last request: 0.000029 seconds.
  path: Assets/Wwise/API/Editor/WwiseMenu/Common/AkWwiseIdConverter.cs
  artifactKey: Guid(83e3db534d5fb44b7a065f6c149b6548) Importer(2089858483,d624ce77472d68a35037170ec1d2d27e)
Start importing Assets/Wwise/API/Editor/WwiseMenu/Common/AkWwiseIdConverter.cs using Guid(83e3db534d5fb44b7a065f6c149b6548) Importer(2089858483,d624ce77472d68a35037170ec1d2d27e) (ScriptedImporter) -> (artifact id: '68ee5eeccce5a7d3c5c6b296853a51e1') in 0.001229167 seconds
Number of updated asset objects reloaded before import = 0Number of asset objects unloaded after import = 0

========================================================================
Received Import Request.
  Time since last request: 0.000043 seconds.
  path: Assets/Wwise/API/Runtime/Generated/Common/AkAudioSettings.cs
  artifactKey: Guid(73d3e5584b92e4f1187bbf038258efbb) Importer(2089858483,d624ce77472d68a35037170ec1d2d27e)
Start importing Assets/Wwise/API/Runtime/Generated/Common/AkAudioSettings.cs using Guid(73d3e5584b92e4f1187bbf038258efbb) Importer(2089858483,d624ce77472d68a35037170ec1d2d27e) (ScriptedImporter) -> (artifact id: 'e6d35355d327fa031b2fe732bc8000e2') in 0.001081875 seconds
Number of updated asset objects reloaded before import = 0Number of asset objects unloaded after import = 0

========================================================================
Received Import Request.
  Time since last request: 0.000043 seconds.
  path: Assets/Animations/UI
  artifactKey: Guid(0e31f01b3076b43b3826928b70319dbf) Importer(2089858483,d624ce77472d68a35037170ec1d2d27e)
Start importing Assets/Animations/UI using Guid(0e31f01b3076b43b3826928b70319dbf) Importer(2089858483,d624ce77472d68a35037170ec1d2d27e) (ScriptedImporter) -> (artifact id: '33354f6872d02c01d8579d120a673f77') in 0.000946916 seconds
Number of updated asset objects reloaded before import = 0Number of asset objects unloaded after import = 1

========================================================================
Received Import Request.
  Time since last request: 0.000027 seconds.
  path: Assets/Wwise/Documentation
  artifactKey: Guid(7d9656631da624b04bfd4e25ab7b3dce) Importer(2089858483,d624ce77472d68a35037170ec1d2d27e)
Start importing Assets/Wwise/Documentation using Guid(7d9656631da624b04bfd4e25ab7b3dce) Importer(2089858483,d624ce77472d68a35037170ec1d2d27e) (ScriptedImporter) -> (artifact id: '3b2e8606167353c5a12ac48c797ee8d4') in 0.000819084 seconds
Number of updated asset objects reloaded before import = 0Number of asset objects unloaded after import = 1

========================================================================
Received Import Request.
  Time since last request: 0.000042 seconds.
  path: Assets/Wwise/API/Runtime/WwiseTypes/WwiseTypes/AkWwiseCallbackFlags.cs
  artifactKey: Guid(1ced774f8546b48fb8047edc93966793) Importer(2089858483,d624ce77472d68a35037170ec1d2d27e)
Start importing Assets/Wwise/API/Runtime/WwiseTypes/WwiseTypes/AkWwiseCallbackFlags.cs using Guid(1ced774f8546b48fb8047edc93966793) Importer(2089858483,d624ce77472d68a35037170ec1d2d27e) (ScriptedImporter) -> (artifact id: '4d0c0ef8310f0cecc7fdac26243ecaa9') in 0.001179459 seconds
Number of updated asset objects reloaded before import = 0Number of asset objects unloaded after import = 0

========================================================================
Received Import Request.
  Time since last request: 0.374768 seconds.
  path: Assets/Scripts/ActionGameFramework/Audio
  artifactKey: Guid(4cd118a7a3da845b08de163a80d19d89) Importer(2089858483,d624ce77472d68a35037170ec1d2d27e)
Start importing Assets/Scripts/ActionGameFramework/Audio using Guid(4cd118a7a3da845b08de163a80d19d89) Importer(2089858483,d624ce77472d68a35037170ec1d2d27e) (ScriptedImporter) -> (artifact id: '2a6b07afbde11de1c945d601ee5a22ac') in 0.001410292 seconds
Number of updated asset objects reloaded before import = 0Number of asset objects unloaded after import = 1

========================================================================
Received Import Request.
  Time since last request: 0.000027 seconds.
  path: Assets/Wwise/API/Runtime/Generated/Common/AkFloorPlane.cs
  artifactKey: Guid(d134f48b3eb2b4fc9827f05668438d08) Importer(2089858483,d624ce77472d68a35037170ec1d2d27e)
Start importing Assets/Wwise/API/Runtime/Generated/Common/AkFloorPlane.cs using Guid(d134f48b3eb2b4fc9827f05668438d08) Importer(2089858483,d624ce77472d68a35037170ec1d2d27e) (ScriptedImporter) -> (artifact id: 'c2df0945aa7ab27d882f635066495b92') in 0.001070542 seconds
Number of updated asset objects reloaded before import = 0Number of asset objects unloaded after import = 0

========================================================================
Received Import Request.
  Time since last request: 0.000031 seconds.
  path: Assets/Scripts/ActionGameFramework/Projectiles
  artifactKey: Guid(df66d583c62144dcab7c7ec47206c7cf) Importer(2089858483,d624ce77472d68a35037170ec1d2d27e)
Start importing Assets/Scripts/ActionGameFramework/Projectiles using Guid(df66d583c62144dcab7c7ec47206c7cf) Importer(2089858483,d624ce77472d68a35037170ec1d2d27e) (ScriptedImporter) -> (artifact id: 'c09d12e69db97736514e5d3589a69391') in 0.001057292 seconds
Number of updated asset objects reloaded before import = 0Number of asset objects unloaded after import = 1

========================================================================
Received Import Request.
  Time since last request: 0.000048 seconds.
  path: Assets/Data/Levels
  artifactKey: Guid(3992f1361538046e482f1f577b59b83e) Importer(2089858483,d624ce77472d68a35037170ec1d2d27e)
Start importing Assets/Data/Levels using Guid(3992f1361538046e482f1f577b59b83e) Importer(2089858483,d624ce77472d68a35037170ec1d2d27e) (ScriptedImporter) -> (artifact id: '1b31b25a068962aff2ad8c0e6f27aa1c') in 0.000874916 seconds
Number of updated asset objects reloaded before import = 0Number of asset objects unloaded after import = 1

========================================================================
Received Import Request.
  Time since last request: 0.000035 seconds.
  path: Assets/Wwise/API/Runtime/Generated/Mac
  artifactKey: Guid(475715aa999c7450fac114cf093119c1) Importer(2089858483,d624ce77472d68a35037170ec1d2d27e)
Start importing Assets/Wwise/API/Runtime/Generated/Mac using Guid(475715aa999c7450fac114cf093119c1) Importer(2089858483,d624ce77472d68a35037170ec1d2d27e) (ScriptedImporter) -> (artifact id: '82738a8a833adeb56b67f1aff888bc4d') in 0.00086775 seconds
Number of updated asset objects reloaded before import = 0Number of asset objects unloaded after import = 1

========================================================================
Received Import Request.
  Time since last request: 0.000043 seconds.
  path: Assets/Scenes/Levels/Level1_Prototype/Level1_Prototype
  artifactKey: Guid(1fae2927dfde8450c8c281da8f5a981f) Importer(2089858483,d624ce77472d68a35037170ec1d2d27e)
Start importing Assets/Scenes/Levels/Level1_Prototype/Level1_Prototype using Guid(1fae2927dfde8450c8c281da8f5a981f) Importer(2089858483,d624ce77472d68a35037170ec1d2d27e) (ScriptedImporter) -> (artifact id: '62f5c2988be82b44fc164723797f1f4b') in 0.001031375 seconds
Number of updated asset objects reloaded before import = 0Number of asset objects unloaded after import = 1

========================================================================
Received Import Request.
  Time since last request: 0.000034 seconds.
  path: Assets/PostProcessing/Editor Resources/Monitors
  artifactKey: Guid(e7358848dd8737c459f4636f1c075835) Importer(2089858483,d624ce77472d68a35037170ec1d2d27e)
Start importing Assets/PostProcessing/Editor Resources/Monitors using Guid(e7358848dd8737c459f4636f1c075835) Importer(2089858483,d624ce77472d68a35037170ec1d2d27e) (ScriptedImporter) -> (artifact id: '6cef3099c838090d45a316389455ff80') in 0.000877208 seconds
Number of updated asset objects reloaded before import = 0Number of asset objects unloaded after import = 1

========================================================================
Received Import Request.
  Time since last request: 0.000041 seconds.
  path: Assets/Wwise/API/Editor/WwiseWindows/AkWwiseTreeViewItem.cs
  artifactKey: Guid(55947173e2eb94c47ae757437fab6c64) Importer(2089858483,d624ce77472d68a35037170ec1d2d27e)
Start importing Assets/Wwise/API/Editor/WwiseWindows/AkWwiseTreeViewItem.cs using Guid(55947173e2eb94c47ae757437fab6c64) Importer(2089858483,d624ce77472d68a35037170ec1d2d27e) (ScriptedImporter) -> (artifact id: 'dd8d73a05e91dedb96a78897e2dd3c2c') in 0.001374375 seconds
Number of updated asset objects reloaded before import = 0Number of asset objects unloaded after import = 0

========================================================================
Received Import Request.
  Time since last request: 0.000044 seconds.
  path: Assets/Wwise/Documentation/AppleCommon
  artifactKey: Guid(ff3ff6a5764d24b0eb2fc7d46a8ad078) Importer(2089858483,d624ce77472d68a35037170ec1d2d27e)
Start importing Assets/Wwise/Documentation/AppleCommon using Guid(ff3ff6a5764d24b0eb2fc7d46a8ad078) Importer(2089858483,d624ce77472d68a35037170ec1d2d27e) (ScriptedImporter) -> (artifact id: 'f963fffeee6211b729e024ade4c585ae') in 0.001118625 seconds
Number of updated asset objects reloaded before import = 0Number of asset objects unloaded after import = 1

========================================================================
Received Import Request.
  Time since last request: 0.000027 seconds.
  path: Assets/Wwise/Editor
  artifactKey: Guid(b04cfe6370e8e4bc38b4fb1774b4c27c) Importer(2089858483,d624ce77472d68a35037170ec1d2d27e)
Start importing Assets/Wwise/Editor using Guid(b04cfe6370e8e4bc38b4fb1774b4c27c) Importer(2089858483,d624ce77472d68a35037170ec1d2d27e) (ScriptedImporter) -> (artifact id: '1d397872d75d5629058c77a340b43789') in 0.000963791 seconds
Number of updated asset objects reloaded before import = 0Number of asset objects unloaded after import = 1

========================================================================
Received Import Request.
  Time since last request: 0.000060 seconds.
  path: Assets/Wwise/API/Runtime/Generated/Common/AkQueryRTPCValue.cs
  artifactKey: Guid(6a6ff36adca344355ad2278dbedc02a7) Importer(2089858483,d624ce77472d68a35037170ec1d2d27e)
Start importing Assets/Wwise/API/Runtime/Generated/Common/AkQueryRTPCValue.cs using Guid(6a6ff36adca344355ad2278dbedc02a7) Importer(2089858483,d624ce77472d68a35037170ec1d2d27e) (ScriptedImporter) -> (artifact id: '4e8fc1531825d58dd578882e4159ac04') in 0.001203541 seconds
Number of updated asset objects reloaded before import = 0Number of asset objects unloaded after import = 0

========================================================================
Received Import Request.
  Time since last request: 0.000034 seconds.
  path: Assets/Wwise/API/Runtime/Generated/Common/AkAudioFormat.cs
  artifactKey: Guid(d01c3ca10cafb4cd190cce711bbb82ad) Importer(2089858483,d624ce77472d68a35037170ec1d2d27e)
Start importing Assets/Wwise/API/Runtime/Generated/Common/AkAudioFormat.cs using Guid(d01c3ca10cafb4cd190cce711bbb82ad) Importer(2089858483,d624ce77472d68a35037170ec1d2d27e) (ScriptedImporter) -> (artifact id: '114c1fd22c3cc8a70865b044d65002dc') in 0.001131542 seconds
Number of updated asset objects reloaded before import = 0Number of asset objects unloaded after import = 0

========================================================================
Received Import Request.
  Time since last request: 0.000057 seconds.
  path: Assets/Wwise/API/Runtime/Plugins/Windows/x86_64/DSP
  artifactKey: Guid(60eb4e8670f9049b7b0fe727dcf866e2) Importer(2089858483,d624ce77472d68a35037170ec1d2d27e)
Start importing Assets/Wwise/API/Runtime/Plugins/Windows/x86_64/DSP using Guid(60eb4e8670f9049b7b0fe727dcf866e2) Importer(2089858483,d624ce77472d68a35037170ec1d2d27e) (ScriptedImporter) -> (artifact id: 'e983e3d543b3ce5851b9dd93fc35656e') in 0.001163875 seconds
Number of updated asset objects reloaded before import = 0Number of asset objects unloaded after import = 1

========================================================================
Received Import Request.
  Time since last request: 0.000042 seconds.
  path: Assets/Prefabs/Towers/EMP
  artifactKey: Guid(a7cb58ec60662452398bbace50582ee0) Importer(2089858483,d624ce77472d68a35037170ec1d2d27e)
Start importing Assets/Prefabs/Towers/EMP using Guid(a7cb58ec60662452398bbace50582ee0) Importer(2089858483,d624ce77472d68a35037170ec1d2d27e) (ScriptedImporter) -> (artifact id: '4a2093de8bf66007278e800e8ade4d46') in 0.000834667 seconds
Number of updated asset objects reloaded before import = 0Number of asset objects unloaded after import = 1

========================================================================
Received Import Request.
  Time since last request: 0.000028 seconds.
  path: Assets/Wwise/API/Runtime/Plugins/Windows/x86
  artifactKey: Guid(f2ed45931d86a401c8a9f4e1de60fb78) Importer(2089858483,d624ce77472d68a35037170ec1d2d27e)
Start importing Assets/Wwise/API/Runtime/Plugins/Windows/x86 using Guid(f2ed45931d86a401c8a9f4e1de60fb78) Importer(2089858483,d624ce77472d68a35037170ec1d2d27e) (ScriptedImporter) -> (artifact id: '94b48be18acbcb829f5c1f31ebfbf510') in 0.000799041 seconds
Number of updated asset objects reloaded before import = 0Number of asset objects unloaded after import = 1

========================================================================
Received Import Request.
  Time since last request: 0.000031 seconds.
  path: Assets/Wwise/API/Runtime/Generated/Common/Ak3DAudioSinkCapabilities.cs
  artifactKey: Guid(30049d1bb2b8d4b8382df2b20fda88b9) Importer(2089858483,d624ce77472d68a35037170ec1d2d27e)
Start importing Assets/Wwise/API/Runtime/Generated/Common/Ak3DAudioSinkCapabilities.cs using Guid(30049d1bb2b8d4b8382df2b20fda88b9) Importer(2089858483,d624ce77472d68a35037170ec1d2d27e) (ScriptedImporter) -> (artifact id: '48787905b3141dab0839ea237958e6a4') in 0.001066458 seconds
Number of updated asset objects reloaded before import = 0Number of asset objects unloaded after import = 0

========================================================================
Received Import Request.
  Time since last request: 0.000056 seconds.
  path: Assets/Wwise/API/Runtime/Plugins/Windows/x86/DSP/AkSoundSeedGrain.pdb
  artifactKey: Guid(d1995164001a846eca402070b6e36537) Importer(2089858483,d624ce77472d68a35037170ec1d2d27e)
Start importing Assets/Wwise/API/Runtime/Plugins/Windows/x86/DSP/AkSoundSeedGrain.pdb using Guid(d1995164001a846eca402070b6e36537) Importer(2089858483,d624ce77472d68a35037170ec1d2d27e) (ScriptedImporter) -> (artifact id: 'c52613cfe7d91aaedba4412b0986005e') in 0.000995125 seconds
Number of updated asset objects reloaded before import = 0Number of asset objects unloaded after import = 1

========================================================================
Received Import Request.
  Time since last request: 0.000036 seconds.
  path: Assets/Wwise/API/Runtime/Plugins/Windows/x86/DSP/McDSP.pdb
  artifactKey: Guid(0331273ba5b474f91a51eb65814136ba) Importer(2089858483,d624ce77472d68a35037170ec1d2d27e)
Start importing Assets/Wwise/API/Runtime/Plugins/Windows/x86/DSP/McDSP.pdb using Guid(0331273ba5b474f91a51eb65814136ba) Importer(2089858483,d624ce77472d68a35037170ec1d2d27e) (ScriptedImporter) -> (artifact id: 'c1726fcec54d676c82acd5f8e3cccbd5') in 0.001019834 seconds
Number of updated asset objects reloaded before import = 0Number of asset objects unloaded after import = 1

========================================================================
Received Import Request.
  Time since last request: 0.000062 seconds.
  path: Assets/WwiseSettings.xml
  artifactKey: Guid(4a5501dc383fc4809835f1a1a503eae5) Importer(2089858483,d624ce77472d68a35037170ec1d2d27e)
Start importing Assets/WwiseSettings.xml using Guid(4a5501dc383fc4809835f1a1a503eae5) Importer(2089858483,d624ce77472d68a35037170ec1d2d27e) (ScriptedImporter) -> (artifact id: '503c840561a11120d97a9844a0a2fde0') in 0.00097975 seconds
Number of updated asset objects reloaded before import = 0Number of asset objects unloaded after import = 1

========================================================================
Received Import Request.
  Time since last request: 0.000057 seconds.
  path: Assets/Wwise/API/Editor/WwiseTypes/TriggerDrawer.cs
  artifactKey: Guid(ccb6a509549c64d67a6fed32b68df735) Importer(2089858483,d624ce77472d68a35037170ec1d2d27e)
Start importing Assets/Wwise/API/Editor/WwiseTypes/TriggerDrawer.cs using Guid(ccb6a509549c64d67a6fed32b68df735) Importer(2089858483,d624ce77472d68a35037170ec1d2d27e) (ScriptedImporter) -> (artifact id: '12bb8c1ea28ac1765cae514aa37e8f71') in 0.00117825 seconds
Number of updated asset objects reloaded before import = 0Number of asset objects unloaded after import = 0

========================================================================
Received Import Request.
  Time since last request: 0.000057 seconds.
  path: Assets/Wwise/MonoBehaviour/Editor/AkAmbientInspector.cs
  artifactKey: Guid(ff6d658d374004efc8216d51c4a29733) Importer(2089858483,d624ce77472d68a35037170ec1d2d27e)
Start importing Assets/Wwise/MonoBehaviour/Editor/AkAmbientInspector.cs using Guid(ff6d658d374004efc8216d51c4a29733) Importer(2089858483,d624ce77472d68a35037170ec1d2d27e) (ScriptedImporter) -> (artifact id: '3dadae5464247485c8dc3ea35c75d5db') in 0.000939583 seconds
Number of updated asset objects reloaded before import = 0Number of asset objects unloaded after import = 0

========================================================================
Received Import Request.
  Time since last request: 0.000051 seconds.
  path: Assets/Models/Towers/Laser
  artifactKey: Guid(f827724893f1e4f088e0e7ff84ff77d9) Importer(2089858483,d624ce77472d68a35037170ec1d2d27e)
Start importing Assets/Models/Towers/Laser using Guid(f827724893f1e4f088e0e7ff84ff77d9) Importer(2089858483,d624ce77472d68a35037170ec1d2d27e) (ScriptedImporter) -> (artifact id: '8e4a400a29fad257c4ac033498c4b3d0') in 0.000788208 seconds
Number of updated asset objects reloaded before import = 0Number of asset objects unloaded after import = 1

========================================================================
Received Import Request.
  Time since last request: 0.000028 seconds.
  path: Assets/Wwise/API/Editor/PluginActivator/Windows/AkWindowsPluginActivator.cs
  artifactKey: Guid(21a32fa536273410694eee2dbcddd4b1) Importer(2089858483,d624ce77472d68a35037170ec1d2d27e)
Start importing Assets/Wwise/API/Editor/PluginActivator/Windows/AkWindowsPluginActivator.cs using Guid(21a32fa536273410694eee2dbcddd4b1) Importer(2089858483,d624ce77472d68a35037170ec1d2d27e) (ScriptedImporter) -> (artifact id: '50e7b0fd89da87ab0bb93d3e8122a5e0') in 0.000990625 seconds
Number of updated asset objects reloaded before import = 0Number of asset objects unloaded after import = 0

========================================================================
Received Import Request.
  Time since last request: 0.000035 seconds.
  path: Assets/Wwise/API/Runtime/Generated/Common/AkAuxSendValue.cs
  artifactKey: Guid(bd71656074ac344c2a9654ff8037206b) Importer(2089858483,d624ce77472d68a35037170ec1d2d27e)
Start importing Assets/Wwise/API/Runtime/Generated/Common/AkAuxSendValue.cs using Guid(bd71656074ac344c2a9654ff8037206b) Importer(2089858483,d624ce77472d68a35037170ec1d2d27e) (ScriptedImporter) -> (artifact id: '34457e5740ce3f1cbfb28bd40b7c51e9') in 0.000957708 seconds
Number of updated asset objects reloaded before import = 0Number of asset objects unloaded after import = 0

========================================================================
Received Import Request.
  Time since last request: 0.000034 seconds.
  path: Assets/Wwise/API/Runtime/Plugins/Windows/x86_64/DSP/AkMotion.dll
  artifactKey: Guid(9798763cfde484f759ef42925e71e732) Importer(2089858483,d624ce77472d68a35037170ec1d2d27e)
Start importing Assets/Wwise/API/Runtime/Plugins/Windows/x86_64/DSP/AkMotion.dll using Guid(9798763cfde484f759ef42925e71e732) Importer(2089858483,d624ce77472d68a35037170ec1d2d27e) (ScriptedImporter) -> (artifact id: 'bee61d6d129e8bcd16379959de889130') in 0.001230916 seconds
Number of updated asset objects reloaded before import = 0Number of asset objects unloaded after import = 0

========================================================================
Received Import Request.
  Time since last request: 0.000075 seconds.
  path: Assets/PostProcessing/Runtime/Components
  artifactKey: Guid(c1f765b2bd3d2ad49b2677f6478a9ba3) Importer(2089858483,d624ce77472d68a35037170ec1d2d27e)
Start importing Assets/PostProcessing/Runtime/Components using Guid(c1f765b2bd3d2ad49b2677f6478a9ba3) Importer(2089858483,d624ce77472d68a35037170ec1d2d27e) (ScriptedImporter) -> (artifact id: '6c955758cc37e948ecb070a5baf37a4c') in 0.0009325 seconds
Number of updated asset objects reloaded before import = 0Number of asset objects unloaded after import = 1

========================================================================
Received Import Request.
  Time since last request: 0.000042 seconds.
  path: Assets/Scripts/TowerDefense/Towers
  artifactKey: Guid(1f6e871352154aca9d704ce7eaa61755) Importer(2089858483,d624ce77472d68a35037170ec1d2d27e)
Start importing Assets/Scripts/TowerDefense/Towers using Guid(1f6e871352154aca9d704ce7eaa61755) Importer(2089858483,d624ce77472d68a35037170ec1d2d27e) (ScriptedImporter) -> (artifact id: '2a6bc7288bf1941c1ff7aa10f85ae19f') in 0.000988 seconds
Number of updated asset objects reloaded before import = 0Number of asset objects unloaded after import = 1

========================================================================
Received Import Request.
  Time since last request: 0.000042 seconds.
  path: Assets/Models/Towers/EMP Tower/Materials
  artifactKey: Guid(626d428f8bced66498947ec3bbe4f771) Importer(2089858483,d624ce77472d68a35037170ec1d2d27e)
Start importing Assets/Models/Towers/EMP Tower/Materials using Guid(626d428f8bced66498947ec3bbe4f771) Importer(2089858483,d624ce77472d68a35037170ec1d2d27e) (ScriptedImporter) -> (artifact id: '251038bfca1b2d91604fe9b8b19bebda') in 0.001069167 seconds
Number of updated asset objects reloaded before import = 0Number of asset objects unloaded after import = 1

========================================================================
Received Import Request.
  Time since last request: 0.000031 seconds.
  path: Assets/PostProcessing/Utilities
  artifactKey: Guid(478d405e757b044f2bd9c4b777026b7e) Importer(2089858483,d624ce77472d68a35037170ec1d2d27e)
Start importing Assets/PostProcessing/Utilities using Guid(478d405e757b044f2bd9c4b777026b7e) Importer(2089858483,d624ce77472d68a35037170ec1d2d27e) (ScriptedImporter) -> (artifact id: '9a539e2fd583a8675ad8368b24ed44f3') in 0.000898458 seconds
Number of updated asset objects reloaded before import = 0Number of asset objects unloaded after import = 1

========================================================================
Received Import Request.
  Time since last request: 0.000024 seconds.
  path: Assets/Scripts/Core/Camera/Editor
  artifactKey: Guid(65978e9cbd20e410d9bf2eaac82dc551) Importer(2089858483,d624ce77472d68a35037170ec1d2d27e)
Start importing Assets/Scripts/Core/Camera/Editor using Guid(65978e9cbd20e410d9bf2eaac82dc551) Importer(2089858483,d624ce77472d68a35037170ec1d2d27e) (ScriptedImporter) -> (artifact id: 'a088f35b7d547be56fb764fa30d8ea14') in 0.0008725 seconds
Number of updated asset objects reloaded before import = 0Number of asset objects unloaded after import = 1

========================================================================
Received Import Request.
  Time since last request: 0.000035 seconds.
  path: Assets/Scripts/Core/UI
  artifactKey: Guid(fd567202639ae40f8b7b2ec331dc9b02) Importer(2089858483,d624ce77472d68a35037170ec1d2d27e)
Start importing Assets/Scripts/Core/UI using Guid(fd567202639ae40f8b7b2ec331dc9b02) Importer(2089858483,d624ce77472d68a35037170ec1d2d27e) (ScriptedImporter) -> (artifact id: 'b5c9795e95a87f7596c7dae2984aa609') in 0.000729625 seconds
Number of updated asset objects reloaded before import = 0Number of asset objects unloaded after import = 1

========================================================================
Received Import Request.
  Time since last request: 0.000027 seconds.
  path: Assets/Wwise/Documentation/AppleCommon/ja/WwiseUnityIntegrationHelp_Mac_ja.chm
  artifactKey: Guid(2e56452644690a940832cfe11be20144) Importer(2089858483,d624ce77472d68a35037170ec1d2d27e)
Start importing Assets/Wwise/Documentation/AppleCommon/ja/WwiseUnityIntegrationHelp_Mac_ja.chm using Guid(2e56452644690a940832cfe11be20144) Importer(2089858483,d624ce77472d68a35037170ec1d2d27e) (ScriptedImporter) -> (artifact id: '54dc46860d069ed0c038a15831ea44e2') in 0.00093325 seconds
Number of updated asset objects reloaded before import = 0Number of asset objects unloaded after import = 1

========================================================================
Received Import Request.
  Time since last request: 0.000028 seconds.
  path: Assets/Wwise/API/Runtime/Plugins/Mac/Debug/AkSoundEngine.bundle.dSYM/Contents/Resources
  artifactKey: Guid(0dcbd6cf1c72b45c294dd1e237bd3dbb) Importer(2089858483,d624ce77472d68a35037170ec1d2d27e)
Start importing Assets/Wwise/API/Runtime/Plugins/Mac/Debug/AkSoundEngine.bundle.dSYM/Contents/Resources using Guid(0dcbd6cf1c72b45c294dd1e237bd3dbb) Importer(2089858483,d624ce77472d68a35037170ec1d2d27e) (ScriptedImporter) -> (artifact id: '7d998d656ccd42cb74e4b20c7c038bb4') in 0.001012167 seconds
Number of updated asset objects reloaded before import = 0Number of asset objects unloaded after import = 1

========================================================================
Received Import Request.
  Time since last request: 0.000049 seconds.
  path: Assets/Wwise/API/Runtime/Plugins/Mac/DSP
  artifactKey: Guid(ce1834fdd50604e9d8f828babe17059c) Importer(2089858483,d624ce77472d68a35037170ec1d2d27e)
Start importing Assets/Wwise/API/Runtime/Plugins/Mac/DSP using Guid(ce1834fdd50604e9d8f828babe17059c) Importer(2089858483,d624ce77472d68a35037170ec1d2d27e) (ScriptedImporter) -> (artifact id: '775fa313cca11763eec7874ca59501df') in 0.0010725 seconds
Number of updated asset objects reloaded before import = 0Number of asset objects unloaded after import = 1

========================================================================
Received Import Request.
  Time since last request: 0.000034 seconds.
  path: Assets/Wwise/MonoBehaviour/Runtime/AkTriggerBase.cs
  artifactKey: Guid(328299de3f54444f191761e5a6b4cd3f) Importer(2089858483,d624ce77472d68a35037170ec1d2d27e)
Start importing Assets/Wwise/MonoBehaviour/Runtime/AkTriggerBase.cs using Guid(328299de3f54444f191761e5a6b4cd3f) Importer(2089858483,d624ce77472d68a35037170ec1d2d27e) (ScriptedImporter) -> (artifact id: 'ee215ed77bb5de4489587a220f9d9014') in 0.001064292 seconds
Number of updated asset objects reloaded before import = 0Number of asset objects unloaded after import = 0

========================================================================
Received Import Request.
  Time since last request: 0.000039 seconds.
  path: Assets/Wwise/API/Runtime/Generated/Common/AkSpeakerPanningType.cs
  artifactKey: Guid(d1803d2a7226f4bfaa4a00c553130cb1) Importer(2089858483,d624ce77472d68a35037170ec1d2d27e)
Start importing Assets/Wwise/API/Runtime/Generated/Common/AkSpeakerPanningType.cs using Guid(d1803d2a7226f4bfaa4a00c553130cb1) Importer(2089858483,d624ce77472d68a35037170ec1d2d27e) (ScriptedImporter) -> (artifact id: 'f7c3abfc6b1fedf5b306c173a61af7c7') in 0.00110775 seconds
Number of updated asset objects reloaded before import = 0Number of asset objects unloaded after import = 0

========================================================================
Received Import Request.
  Time since last request: 0.000076 seconds.
  path: Assets/Scripts/ActionGameFramework/Spawning
  artifactKey: Guid(a82dc71254f634c5fac72eda1597f461) Importer(2089858483,d624ce77472d68a35037170ec1d2d27e)
Start importing Assets/Scripts/ActionGameFramework/Spawning using Guid(a82dc71254f634c5fac72eda1597f461) Importer(2089858483,d624ce77472d68a35037170ec1d2d27e) (ScriptedImporter) -> (artifact id: 'a7e800550028f5894bc9c4de284b48f4') in 0.000956125 seconds
Number of updated asset objects reloaded before import = 0Number of asset objects unloaded after import = 1

========================================================================
Received Import Request.
  Time since last request: 0.000071 seconds.
  path: Assets/Wwise/API/Runtime/Generated/Common/AkSegmentInfo.cs
  artifactKey: Guid(65e7ca16904364ac9b85b868ed0bf224) Importer(2089858483,d624ce77472d68a35037170ec1d2d27e)
Start importing Assets/Wwise/API/Runtime/Generated/Common/AkSegmentInfo.cs using Guid(65e7ca16904364ac9b85b868ed0bf224) Importer(2089858483,d624ce77472d68a35037170ec1d2d27e) (ScriptedImporter) -> (artifact id: 'ce1b6e51e5d6a42770d665268efb96dc') in 0.001494 seconds
Number of updated asset objects reloaded before import = 0Number of asset objects unloaded after import = 0

========================================================================
Received Import Request.
  Time since last request: 0.000046 seconds.
  path: Assets/Wwise/API/Runtime/Generated/Common/AkWorldTransform.cs
  artifactKey: Guid(60d663dd5ea314e2fb771ae737d164f0) Importer(2089858483,d624ce77472d68a35037170ec1d2d27e)
Start importing Assets/Wwise/API/Runtime/Generated/Common/AkWorldTransform.cs using Guid(60d663dd5ea314e2fb771ae737d164f0) Importer(2089858483,d624ce77472d68a35037170ec1d2d27e) (ScriptedImporter) -> (artifact id: 'f48bfed78934ec8bde51390fc06f5617') in 0.001195 seconds
Number of updated asset objects reloaded before import = 0Number of asset objects unloaded after import = 0

========================================================================
Received Import Request.
  Time since last request: 0.000069 seconds.
  path: Assets/Wwise/Documentation/AppleCommon/ja
  artifactKey: Guid(9ba309e3976544009b848e5268824f1e) Importer(2089858483,d624ce77472d68a35037170ec1d2d27e)
Start importing Assets/Wwise/Documentation/AppleCommon/ja using Guid(9ba309e3976544009b848e5268824f1e) Importer(2089858483,d624ce77472d68a35037170ec1d2d27e) (ScriptedImporter) -> (artifact id: '3546b2508690ba3dcde0b2bc5f6ee2ee') in 0.00100275 seconds
Number of updated asset objects reloaded before import = 0Number of asset objects unloaded after import = 1

========================================================================
Received Import Request.
  Time since last request: 0.000071 seconds.
  path: Assets/PostProcessing/Runtime/Models
  artifactKey: Guid(8d5a699332eb8a9499077fa4bcd4e0a0) Importer(2089858483,d624ce77472d68a35037170ec1d2d27e)
Start importing Assets/PostProcessing/Runtime/Models using Guid(8d5a699332eb8a9499077fa4bcd4e0a0) Importer(2089858483,d624ce77472d68a35037170ec1d2d27e) (ScriptedImporter) -> (artifact id: 'acb1622937184d5110200571d045df7a') in 0.001118875 seconds
Number of updated asset objects reloaded before import = 0Number of asset objects unloaded after import = 1

========================================================================
Received Import Request.
  Time since last request: 0.000056 seconds.
  path: Assets/Wwise/API/Runtime/Generated/Common/AkDurationCallbackInfo.cs
  artifactKey: Guid(d4c9bd1fb20884892933e847a71054a7) Importer(2089858483,d624ce77472d68a35037170ec1d2d27e)
Start importing Assets/Wwise/API/Runtime/Generated/Common/AkDurationCallbackInfo.cs using Guid(d4c9bd1fb20884892933e847a71054a7) Importer(2089858483,d624ce77472d68a35037170ec1d2d27e) (ScriptedImporter) -> (artifact id: '387209e0f3d886ad5bd415abcbb939bc') in 0.001348833 seconds
Number of updated asset objects reloaded before import = 0Number of asset objects unloaded after import = 0

========================================================================
Received Import Request.
  Time since last request: 0.000055 seconds.
  path: Assets/Wwise/API/Runtime/Plugins/Mac/Release/AkSoundEngine.bundle.dSYM/Contents/Resources/DWARF
  artifactKey: Guid(0a3d49f35a70a49c2a72c8a826b130cb) Importer(2089858483,d624ce77472d68a35037170ec1d2d27e)
Start importing Assets/Wwise/API/Runtime/Plugins/Mac/Release/AkSoundEngine.bundle.dSYM/Contents/Resources/DWARF using Guid(0a3d49f35a70a49c2a72c8a826b130cb) Importer(2089858483,d624ce77472d68a35037170ec1d2d27e) (ScriptedImporter) -> (artifact id: 'facde54d45d73e7c3e409fd302460bf5') in 0.001022167 seconds
Number of updated asset objects reloaded before import = 0Number of asset objects unloaded after import = 1

========================================================================
Received Import Request.
  Time since last request: 0.000052 seconds.
  path: Assets/Wwise/MonoBehaviour/Runtime/AkReverbZone.cs
  artifactKey: Guid(c8003db2b878c466a905303ff887f18c) Importer(2089858483,d624ce77472d68a35037170ec1d2d27e)
Start importing Assets/Wwise/MonoBehaviour/Runtime/AkReverbZone.cs using Guid(c8003db2b878c466a905303ff887f18c) Importer(2089858483,d624ce77472d68a35037170ec1d2d27e) (ScriptedImporter) -> (artifact id: '8e3282290f0e532e9067c523b91c8fc4') in 0.001167042 seconds
Number of updated asset objects reloaded before import = 0Number of asset objects unloaded after import = 0

========================================================================
Received Import Request.
  Time since last request: 0.000066 seconds.
  path: Assets/Wwise/API/Runtime/Plugins/Windows/x86/DSP/Auro.pdb
  artifactKey: Guid(41118bf1c218242118dbc93bbf7e3bb1) Importer(2089858483,d624ce77472d68a35037170ec1d2d27e)
Start importing Assets/Wwise/API/Runtime/Plugins/Windows/x86/DSP/Auro.pdb using Guid(41118bf1c218242118dbc93bbf7e3bb1) Importer(2089858483,d624ce77472d68a35037170ec1d2d27e) (ScriptedImporter) -> (artifact id: '545a45b49cb352329dfdab27c88fb38e') in 0.001052667 seconds
Number of updated asset objects reloaded before import = 0Number of asset objects unloaded after import = 1

========================================================================
Received Import Request.
  Time since last request: 0.000051 seconds.
  path: Assets/Prefabs/Towers/Laser
  artifactKey: Guid(211b0cbdda3834a5383361809467f764) Importer(2089858483,d624ce77472d68a35037170ec1d2d27e)
Start importing Assets/Prefabs/Towers/Laser using Guid(211b0cbdda3834a5383361809467f764) Importer(2089858483,d624ce77472d68a35037170ec1d2d27e) (ScriptedImporter) -> (artifact id: 'e810fdb6cec1e546f1b70887d688b02c') in 0.000791375 seconds
Number of updated asset objects reloaded before import = 0Number of asset objects unloaded after import = 1

========================================================================
Received Import Request.
  Time since last request: 0.000063 seconds.
  path: Assets/Wwise/API/Editor/PluginActivator/Common/StaticPluginRegistration.cs
  artifactKey: Guid(42703a9990cf14939af5eb05f53d5dbb) Importer(2089858483,d624ce77472d68a35037170ec1d2d27e)
Start importing Assets/Wwise/API/Editor/PluginActivator/Common/StaticPluginRegistration.cs using Guid(42703a9990cf14939af5eb05f53d5dbb) Importer(2089858483,d624ce77472d68a35037170ec1d2d27e) (ScriptedImporter) -> (artifact id: 'e3424e76dd498c463303b1f9b88853f7') in 0.001286083 seconds
Number of updated asset objects reloaded before import = 0Number of asset objects unloaded after import = 0

========================================================================
Received Import Request.
  Time since last request: 0.000051 seconds.
  path: Assets/Wwise/API/Runtime/Plugins/Windows/x86/Release
  artifactKey: Guid(b63af5213b4ca49c39656645948417c0) Importer(2089858483,d624ce77472d68a35037170ec1d2d27e)
Start importing Assets/Wwise/API/Runtime/Plugins/Windows/x86/Release using Guid(b63af5213b4ca49c39656645948417c0) Importer(2089858483,d624ce77472d68a35037170ec1d2d27e) (ScriptedImporter) -> (artifact id: '50ba258db551e6a9c54938258acfaef0') in 0.00089275 seconds
Number of updated asset objects reloaded before import = 0Number of asset objects unloaded after import = 1

========================================================================
Received Import Request.
  Time since last request: 0.000064 seconds.
  path: Assets/Wwise/API/Runtime/WwiseTypes/WwiseTypes/AkWwiseSwitch.cs
  artifactKey: Guid(d63a379cacb6b4f779c4ed7eeb3bf534) Importer(2089858483,d624ce77472d68a35037170ec1d2d27e)
Start importing Assets/Wwise/API/Runtime/WwiseTypes/WwiseTypes/AkWwiseSwitch.cs using Guid(d63a379cacb6b4f779c4ed7eeb3bf534) Importer(2089858483,d624ce77472d68a35037170ec1d2d27e) (ScriptedImporter) -> (artifact id: 'b50c3d8a8e04407175b887438521f82b') in 0.001247542 seconds
Number of updated asset objects reloaded before import = 0Number of asset objects unloaded after import = 0

========================================================================
Received Import Request.
  Time since last request: 0.000056 seconds.
  path: Assets/Wwise/Timeline/Runtime/AkRTPCTrack.cs
  artifactKey: Guid(78775f4dca1e94965a5545f14c57ade4) Importer(2089858483,d624ce77472d68a35037170ec1d2d27e)
Start importing Assets/Wwise/Timeline/Runtime/AkRTPCTrack.cs using Guid(78775f4dca1e94965a5545f14c57ade4) Importer(2089858483,d624ce77472d68a35037170ec1d2d27e) (ScriptedImporter) -> (artifact id: '747a7af55cf4c003602d7f4f0779e64f') in 0.001456958 seconds
Number of updated asset objects reloaded before import = 0Number of asset objects unloaded after import = 0

========================================================================
Received Import Request.
  Time since last request: 0.000064 seconds.
  path: Assets/Audio/SFX/Towers/Laser
  artifactKey: Guid(1f5ab5dc9a1894cd089b855da72fcf40) Importer(2089858483,d624ce77472d68a35037170ec1d2d27e)
Start importing Assets/Audio/SFX/Towers/Laser using Guid(1f5ab5dc9a1894cd089b855da72fcf40) Importer(2089858483,d624ce77472d68a35037170ec1d2d27e) (ScriptedImporter) -> (artifact id: 'b931a89988acd1e34665e9a1e647eff2') in 0.001186334 seconds
Number of updated asset objects reloaded before import = 0Number of asset objects unloaded after import = 1

========================================================================
Received Import Request.
  Time since last request: 0.000060 seconds.
  path: Assets/Scripts/TowerDefense/Effects
  artifactKey: Guid(1265909d76f04f3284557c1155d1dabf) Importer(2089858483,d624ce77472d68a35037170ec1d2d27e)
Start importing Assets/Scripts/TowerDefense/Effects using Guid(1265909d76f04f3284557c1155d1dabf) Importer(2089858483,d624ce77472d68a35037170ec1d2d27e) (ScriptedImporter) -> (artifact id: '089847c5dfcf55f9e31b056150a26694') in 0.000998875 seconds
Number of updated asset objects reloaded before import = 0Number of asset objects unloaded after import = 1

========================================================================
Received Import Request.
  Time since last request: 0.000050 seconds.
  path: Assets/Wwise/Timeline/Editor/AkRTPCPlayableInspector.cs
  artifactKey: Guid(1760f8d24eed64b89aec1dc71fa60675) Importer(2089858483,d624ce77472d68a35037170ec1d2d27e)
Start importing Assets/Wwise/Timeline/Editor/AkRTPCPlayableInspector.cs using Guid(1760f8d24eed64b89aec1dc71fa60675) Importer(2089858483,d624ce77472d68a35037170ec1d2d27e) (ScriptedImporter) -> (artifact id: 'dde7f3bfaaf7eeb76a5078d3e1bc64e3') in 0.001231958 seconds
Number of updated asset objects reloaded before import = 0Number of asset objects unloaded after import = 0

========================================================================
Received Import Request.
  Time since last request: 0.000062 seconds.
  path: Assets/Models/Towers/MachineGun
  artifactKey: Guid(d5bdab058adf9415a954b8cdf2bfa979) Importer(2089858483,d624ce77472d68a35037170ec1d2d27e)
Start importing Assets/Models/Towers/MachineGun using Guid(d5bdab058adf9415a954b8cdf2bfa979) Importer(2089858483,d624ce77472d68a35037170ec1d2d27e) (ScriptedImporter) -> (artifact id: 'f609052f3ac22f25e2f22e8026ad3eb9') in 0.000963125 seconds
Number of updated asset objects reloaded before import = 0Number of asset objects unloaded after import = 1

========================================================================
Received Import Request.
  Time since last request: 0.000060 seconds.
  path: Assets/Wwise/API/Runtime/Generated/Mac/AkSoundEngine_Mac.cs
  artifactKey: Guid(9a7dccbfb2d494b72a1483fba3b469ac) Importer(2089858483,d624ce77472d68a35037170ec1d2d27e)
Start importing Assets/Wwise/API/Runtime/Generated/Mac/AkSoundEngine_Mac.cs using Guid(9a7dccbfb2d494b72a1483fba3b469ac) Importer(2089858483,d624ce77472d68a35037170ec1d2d27e) (ScriptedImporter) -> (artifact id: '370126547ac7da0c9582f4a1d4f22b5e') in 0.001232042 seconds
Number of updated asset objects reloaded before import = 0Number of asset objects unloaded after import = 0

========================================================================
Received Import Request.
  Time since last request: 0.000073 seconds.
  path: Assets/Scripts/TowerDefense/Towers/TowerLaunchers
  artifactKey: Guid(85d28ab554a64e7480fafd9350048612) Importer(2089858483,d624ce77472d68a35037170ec1d2d27e)
Start importing Assets/Scripts/TowerDefense/Towers/TowerLaunchers using Guid(85d28ab554a64e7480fafd9350048612) Importer(2089858483,d624ce77472d68a35037170ec1d2d27e) (ScriptedImporter) -> (artifact id: '06ffc81730e05d0772373821b9e68560') in 0.001043666 seconds
Number of updated asset objects reloaded before import = 0Number of asset objects unloaded after import = 1

========================================================================
Received Import Request.
  Time since last request: 0.000060 seconds.
  path: Assets/Wwise/API/Runtime/WwiseTypes/WwiseTypes/AkWwiseBaseGroupType.cs
  artifactKey: Guid(f6ef14235987d42c1b6a550d8c815fec) Importer(2089858483,d624ce77472d68a35037170ec1d2d27e)
Start importing Assets/Wwise/API/Runtime/WwiseTypes/WwiseTypes/AkWwiseBaseGroupType.cs using Guid(f6ef14235987d42c1b6a550d8c815fec) Importer(2089858483,d624ce77472d68a35037170ec1d2d27e) (ScriptedImporter) -> (artifact id: 'c83daff96ce4ff81c35ae24275f26ade') in 0.001234125 seconds
Number of updated asset objects reloaded before import = 0Number of asset objects unloaded after import = 0

========================================================================
Received Import Request.
  Time since last request: 0.000051 seconds.
  path: Assets/Wwise/MonoBehaviour/Runtime/AkSpatialAudioDebugDraw.cs
  artifactKey: Guid(fc4800818a9ece04896734bc6771c04c) Importer(2089858483,d624ce77472d68a35037170ec1d2d27e)
Start importing Assets/Wwise/MonoBehaviour/Runtime/AkSpatialAudioDebugDraw.cs using Guid(fc4800818a9ece04896734bc6771c04c) Importer(2089858483,d624ce77472d68a35037170ec1d2d27e) (ScriptedImporter) -> (artifact id: '4fa9021397102ae7fa0c307559e86168') in 0.00109725 seconds
Number of updated asset objects reloaded before import = 0Number of asset objects unloaded after import = 0

========================================================================
Received Import Request.
  Time since last request: 0.000055 seconds.
  path: Assets/Wwise/API/Runtime/Handwritten/Common/Arrays/AkPositionArray.cs
  artifactKey: Guid(d773078e7e89d46c08d1dd6d52500bd5) Importer(2089858483,d624ce77472d68a35037170ec1d2d27e)
Start importing Assets/Wwise/API/Runtime/Handwritten/Common/Arrays/AkPositionArray.cs using Guid(d773078e7e89d46c08d1dd6d52500bd5) Importer(2089858483,d624ce77472d68a35037170ec1d2d27e) (ScriptedImporter) -> (artifact id: '8b1fe0282e6b6bc7001484ea330e62a5') in 0.000980042 seconds
Number of updated asset objects reloaded before import = 0Number of asset objects unloaded after import = 0

========================================================================
Received Import Request.
  Time since last request: 0.000067 seconds.
  path: Assets/Materials/Towers/SuperTower
  artifactKey: Guid(26f99d91697134eb9bf64ac7ef2fd9d4) Importer(2089858483,d624ce77472d68a35037170ec1d2d27e)
Start importing Assets/Materials/Towers/SuperTower using Guid(26f99d91697134eb9bf64ac7ef2fd9d4) Importer(2089858483,d624ce77472d68a35037170ec1d2d27e) (ScriptedImporter) -> (artifact id: '7036490c90e620599ce9ab60817b93e9') in 0.000902 seconds
Number of updated asset objects reloaded before import = 0Number of asset objects unloaded after import = 1

========================================================================
Received Import Request.
  Time since last request: 0.000055 seconds.
  path: Assets/TutorialInfo/Icons
  artifactKey: Guid(8a0c9218a650547d98138cd835033977) Importer(2089858483,d624ce77472d68a35037170ec1d2d27e)
Start importing Assets/TutorialInfo/Icons using Guid(8a0c9218a650547d98138cd835033977) Importer(2089858483,d624ce77472d68a35037170ec1d2d27e) (ScriptedImporter) -> (artifact id: '54168a313c97fa74900281659de694e3') in 0.001117417 seconds
Number of updated asset objects reloaded before import = 0Number of asset objects unloaded after import = 1

========================================================================
Received Import Request.
  Time since last request: 0.000034 seconds.
  path: Assets/Wwise/API/Runtime/Plugins/Mac/Debug
  artifactKey: Guid(535616f65c66f4d02b127e3da105af2e) Importer(2089858483,d624ce77472d68a35037170ec1d2d27e)
Start importing Assets/Wwise/API/Runtime/Plugins/Mac/Debug using Guid(535616f65c66f4d02b127e3da105af2e) Importer(2089858483,d624ce77472d68a35037170ec1d2d27e) (ScriptedImporter) -> (artifact id: '7591536311930149ec1ca5c52e2b390c') in 0.001048625 seconds
Number of updated asset objects reloaded before import = 0Number of asset objects unloaded after import = 1

========================================================================
Received Import Request.
  Time since last request: 0.000032 seconds.
  path: Assets/Wwise/Timeline/Editor
  artifactKey: Guid(9732907b8e0fc43aaa2a35c5a09ca865) Importer(2089858483,d624ce77472d68a35037170ec1d2d27e)
Start importing Assets/Wwise/Timeline/Editor using Guid(9732907b8e0fc43aaa2a35c5a09ca865) Importer(2089858483,d624ce77472d68a35037170ec1d2d27e) (ScriptedImporter) -> (artifact id: '8f718a67020dd3928c94bf4781863662') in 0.0010385 seconds
Number of updated asset objects reloaded before import = 0Number of asset objects unloaded after import = 1

========================================================================
Received Import Request.
  Time since last request: 0.000051 seconds.
  path: Assets/Wwise/API/Runtime/Plugins/Mac/Debug/AkSoundEngine.bundle.dSYM/Contents
  artifactKey: Guid(ff099aad80df64eefa2771e0ae162e58) Importer(2089858483,d624ce77472d68a35037170ec1d2d27e)
Start importing Assets/Wwise/API/Runtime/Plugins/Mac/Debug/AkSoundEngine.bundle.dSYM/Contents using Guid(ff099aad80df64eefa2771e0ae162e58) Importer(2089858483,d624ce77472d68a35037170ec1d2d27e) (ScriptedImporter) -> (artifact id: 'a1183eb526abe6d6a6c4b5b883a729d6') in 0.000983959 seconds
Number of updated asset objects reloaded before import = 0Number of asset objects unloaded after import = 1

========================================================================
Received Import Request.
  Time since last request: 0.000059 seconds.
  path: Assets/Wwise/API/Runtime/Plugins/Mac
  artifactKey: Guid(a5d2e54b55f534914ae45470e6ccb64a) Importer(2089858483,d624ce77472d68a35037170ec1d2d27e)
Start importing Assets/Wwise/API/Runtime/Plugins/Mac using Guid(a5d2e54b55f534914ae45470e6ccb64a) Importer(2089858483,d624ce77472d68a35037170ec1d2d27e) (ScriptedImporter) -> (artifact id: 'ce22df1930d169435e304e226d336388') in 0.001057417 seconds
Number of updated asset objects reloaded before import = 0Number of asset objects unloaded after import = 1

========================================================================
Received Import Request.
  Time since last request: 0.000057 seconds.
  path: Assets/Wwise/API/Runtime/Plugins/Windows/x86_64/DSP/AkMotion.pdb
  artifactKey: Guid(5532b288a86914474b75dd7bb58395c7) Importer(2089858483,d624ce77472d68a35037170ec1d2d27e)
Start importing Assets/Wwise/API/Runtime/Plugins/Windows/x86_64/DSP/AkMotion.pdb using Guid(5532b288a86914474b75dd7bb58395c7) Importer(2089858483,d624ce77472d68a35037170ec1d2d27e) (ScriptedImporter) -> (artifact id: '3217aed7978a0b22f9698a4b1a4fc084') in 0.000994375 seconds
Number of updated asset objects reloaded before import = 0Number of asset objects unloaded after import = 1

========================================================================
Received Import Request.
  Time since last request: 0.000042 seconds.
  path: Assets/Wwise/Documentation/AppleCommon/zh
  artifactKey: Guid(5ff3ec5f968034b018002e54f2315f70) Importer(2089858483,d624ce77472d68a35037170ec1d2d27e)
Start importing Assets/Wwise/Documentation/AppleCommon/zh using Guid(5ff3ec5f968034b018002e54f2315f70) Importer(2089858483,d624ce77472d68a35037170ec1d2d27e) (ScriptedImporter) -> (artifact id: '526e0b88fd4fad887a51a836a427dd51') in 0.00083325 seconds
Number of updated asset objects reloaded before import = 0Number of asset objects unloaded after import = 1

========================================================================
Received Import Request.
  Time since last request: 0.000073 seconds.
  path: Assets/Scripts/TowerDefense/UI/HUD
  artifactKey: Guid(b01ef9419aab4445392c04c9f27b71d2) Importer(2089858483,d624ce77472d68a35037170ec1d2d27e)
Start importing Assets/Scripts/TowerDefense/UI/HUD using Guid(b01ef9419aab4445392c04c9f27b71d2) Importer(2089858483,d624ce77472d68a35037170ec1d2d27e) (ScriptedImporter) -> (artifact id: 'a210c9d4d844a0010ce9039143b82461') in 0.001061666 seconds
Number of updated asset objects reloaded before import = 0Number of asset objects unloaded after import = 1

========================================================================
Received Import Request.
  Time since last request: 0.000059 seconds.
  path: Assets/PostProcessing/Utilities/CustomMotionTexture/Models
  artifactKey: Guid(ef5ce588de3614b39b5ba7b0613cbe43) Importer(2089858483,d624ce77472d68a35037170ec1d2d27e)
Start importing Assets/PostProcessing/Utilities/CustomMotionTexture/Models using Guid(ef5ce588de3614b39b5ba7b0613cbe43) Importer(2089858483,d624ce77472d68a35037170ec1d2d27e) (ScriptedImporter) -> (artifact id: 'acba45c07b05c90f539f1b9250380ff3') in 0.000984042 seconds
Number of updated asset objects reloaded before import = 0Number of asset objects unloaded after import = 1

========================================================================
Received Import Request.
  Time since last request: 0.000055 seconds.
  path: Assets/StreamingAssets/Audio/GeneratedSoundBanks/Mac/DecodedBanks/English(US)
  artifactKey: Guid(9d7092dd0c6ee471095ca398d3ba94a0) Importer(2089858483,d624ce77472d68a35037170ec1d2d27e)
Start importing Assets/StreamingAssets/Audio/GeneratedSoundBanks/Mac/DecodedBanks/English(US) using Guid(9d7092dd0c6ee471095ca398d3ba94a0) Importer(2089858483,d624ce77472d68a35037170ec1d2d27e) (ScriptedImporter) -> (artifact id: 'c28bdbbeb0a3ce01f4e0ac61f94eb6cd') in 0.001029875 seconds
Number of updated asset objects reloaded before import = 0Number of asset objects unloaded after import = 1

========================================================================
Received Import Request.
  Time since last request: 0.000072 seconds.
  path: Assets/Wwise/MonoBehaviour/Editor/AK.Wwise.Unity.MonoBehaviour.Editor.asmdef
  artifactKey: Guid(ea05d7ea27ac24fd280a1df4fb791c8d) Importer(2089858483,d624ce77472d68a35037170ec1d2d27e)
Start importing Assets/Wwise/MonoBehaviour/Editor/AK.Wwise.Unity.MonoBehaviour.Editor.asmdef using Guid(ea05d7ea27ac24fd280a1df4fb791c8d) Importer(2089858483,d624ce77472d68a35037170ec1d2d27e) (ScriptedImporter) -> (artifact id: '3e0771439cd7f143d5d84654c593000f') in 0.00169525 seconds
Number of updated asset objects reloaded before import = 0Number of asset objects unloaded after import = 1

========================================================================
Received Import Request.
  Time since last request: 0.000061 seconds.
  path: Assets/Wwise/API/Runtime/Generated/Common/AkChannelConfigType.cs
  artifactKey: Guid(dde638b9d59a649cfaed0577c79697b3) Importer(2089858483,d624ce77472d68a35037170ec1d2d27e)
Start importing Assets/Wwise/API/Runtime/Generated/Common/AkChannelConfigType.cs using Guid(dde638b9d59a649cfaed0577c79697b3) Importer(2089858483,d624ce77472d68a35037170ec1d2d27e) (ScriptedImporter) -> (artifact id: '5cf229da6327b3e9d385ced6bdd65827') in 0.001219916 seconds
Number of updated asset objects reloaded before import = 0Number of asset objects unloaded after import = 0

========================================================================
Received Import Request.
  Time since last request: 0.000071 seconds.
  path: Assets/PostProcessing/Utilities/CustomMotionTexture/Textures
  artifactKey: Guid(92c42dce939f844cea2248583e06bd55) Importer(2089858483,d624ce77472d68a35037170ec1d2d27e)
Start importing Assets/PostProcessing/Utilities/CustomMotionTexture/Textures using Guid(92c42dce939f844cea2248583e06bd55) Importer(2089858483,d624ce77472d68a35037170ec1d2d27e) (ScriptedImporter) -> (artifact id: '69affb43a875e64d58cb1fe1c646fe96') in 0.001033375 seconds
Number of updated asset objects reloaded before import = 0Number of asset objects unloaded after import = 1

========================================================================
Received Import Request.
  Time since last request: 0.000063 seconds.
  path: Assets/Wwise/MonoBehaviour/Runtime/AkTriggerDisable.cs
  artifactKey: Guid(7609e285fda4c40e98805f5fdfe19042) Importer(2089858483,d624ce77472d68a35037170ec1d2d27e)
Start importing Assets/Wwise/MonoBehaviour/Runtime/AkTriggerDisable.cs using Guid(7609e285fda4c40e98805f5fdfe19042) Importer(2089858483,d624ce77472d68a35037170ec1d2d27e) (ScriptedImporter) -> (artifact id: '89dd3349d7ac8cc0e4c54f1c6597e0b0') in 0.001234375 seconds
Number of updated asset objects reloaded before import = 0Number of asset objects unloaded after import = 0

========================================================================
Received Import Request.
  Time since last request: 0.000065 seconds.
  path: Assets/Prefabs/Towers/MachineGun
  artifactKey: Guid(5d8baff9a28754bd6b649f0c1ae1704b) Importer(2089858483,d624ce77472d68a35037170ec1d2d27e)
Start importing Assets/Prefabs/Towers/MachineGun using Guid(5d8baff9a28754bd6b649f0c1ae1704b) Importer(2089858483,d624ce77472d68a35037170ec1d2d27e) (ScriptedImporter) -> (artifact id: '02328b69a9060cece04dc2e207d37a66') in 0.001037042 seconds
Number of updated asset objects reloaded before import = 0Number of asset objects unloaded after import = 1

========================================================================
Received Import Request.
  Time since last request: 0.000059 seconds.
  path: Assets/Wwise/API/Runtime/Plugins/Mac/Debug/AkSoundEngine.bundle.dSYM/Contents/Resources/Relocations/x86_64/AkSoundEngine.yml
  artifactKey: Guid(143b3bc74e36b4a3da5aabdc5ccae43d) Importer(2089858483,d624ce77472d68a35037170ec1d2d27e)
Start importing Assets/Wwise/API/Runtime/Plugins/Mac/Debug/AkSoundEngine.bundle.dSYM/Contents/Resources/Relocations/x86_64/AkSoundEngine.yml using Guid(143b3bc74e36b4a3da5aabdc5ccae43d) Importer(2089858483,d624ce77472d68a35037170ec1d2d27e) (ScriptedImporter) -> (artifact id: '6fa90649b6a61a2e119a4b1b0d0adb44') in 0.000975042 seconds
Number of updated asset objects reloaded before import = 0Number of asset objects unloaded after import = 1

========================================================================
Received Import Request.
  Time since last request: 0.000073 seconds.
  path: Assets/Wwise/API/Runtime/Plugins/Mac/Profile/AkSoundEngine.bundle.dSYM/Contents/Resources/DWARF/AkSoundEngine
  artifactKey: Guid(6b4d2cdc8220f4fa68c4688a6ae055c2) Importer(2089858483,d624ce77472d68a35037170ec1d2d27e)
Start importing Assets/Wwise/API/Runtime/Plugins/Mac/Profile/AkSoundEngine.bundle.dSYM/Contents/Resources/DWARF/AkSoundEngine using Guid(6b4d2cdc8220f4fa68c4688a6ae055c2) Importer(2089858483,d624ce77472d68a35037170ec1d2d27e) (ScriptedImporter) -> (artifact id: '87a02f7f0833263b09862332dc16495f') in 0.001146542 seconds
Number of updated asset objects reloaded before import = 0Number of asset objects unloaded after import = 1

========================================================================
Received Import Request.
  Time since last request: 0.000050 seconds.
  path: Assets/Wwise/API/Runtime/Plugins/Windows/x86_64/Profile/AkSoundEngine.pdb
  artifactKey: Guid(a039525d5f5ef4c12bfba69bde51f890) Importer(2089858483,d624ce77472d68a35037170ec1d2d27e)
Start importing Assets/Wwise/API/Runtime/Plugins/Windows/x86_64/Profile/AkSoundEngine.pdb using Guid(a039525d5f5ef4c12bfba69bde51f890) Importer(2089858483,d624ce77472d68a35037170ec1d2d27e) (ScriptedImporter) -> (artifact id: '083fdebf710d98efbe461a16a221fcc1') in 0.000914542 seconds
Number of updated asset objects reloaded before import = 0Number of asset objects unloaded after import = 1

========================================================================
Received Import Request.
  Time since last request: 0.000043 seconds.
  path: Assets/Wwise/API/Runtime/Generated/Common/MonitorErrorInfo.cs
  artifactKey: Guid(51316f54eed4c493d91785d924554925) Importer(2089858483,d624ce77472d68a35037170ec1d2d27e)
Start importing Assets/Wwise/API/Runtime/Generated/Common/MonitorErrorInfo.cs using Guid(51316f54eed4c493d91785d924554925) Importer(2089858483,d624ce77472d68a35037170ec1d2d27e) (ScriptedImporter) -> (artifact id: 'd53b18e3c9f5ae3a0275148e9528fa05') in 0.001257833 seconds
Number of updated asset objects reloaded before import = 0Number of asset objects unloaded after import = 0

========================================================================
Received Import Request.
  Time since last request: 0.395561 seconds.
  path: Assets/Wwise/API/Runtime/Generated/Common/Ak3DPositionType.cs
  artifactKey: Guid(41e4667cafe13418c9b431a726724223) Importer(2089858483,d624ce77472d68a35037170ec1d2d27e)
Start importing Assets/Wwise/API/Runtime/Generated/Common/Ak3DPositionType.cs using Guid(41e4667cafe13418c9b431a726724223) Importer(2089858483,d624ce77472d68a35037170ec1d2d27e) (ScriptedImporter) -> (artifact id: 'de3ebda69f2bedc54f9d585316d9caac') in 0.001813791 seconds
Number of updated asset objects reloaded before import = 0Number of asset objects unloaded after import = 0

========================================================================
Received Import Request.
  Time since last request: 0.000089 seconds.
  path: Assets/Wwise/API/Runtime/Plugins/Mac/Debug/AkSoundEngine.bundle.dSYM/Contents/Resources/Relocations
  artifactKey: Guid(9f40f5d75fe0f4ce89a6207d43d9f733) Importer(2089858483,d624ce77472d68a35037170ec1d2d27e)
Start importing Assets/Wwise/API/Runtime/Plugins/Mac/Debug/AkSoundEngine.bundle.dSYM/Contents/Resources/Relocations using Guid(9f40f5d75fe0f4ce89a6207d43d9f733) Importer(2089858483,d624ce77472d68a35037170ec1d2d27e) (ScriptedImporter) -> (artifact id: 'a727fa4045911d353686457b07c21d9f') in 0.001184333 seconds
Number of updated asset objects reloaded before import = 0Number of asset objects unloaded after import = 1

========================================================================
Received Import Request.
  Time since last request: 0.000031 seconds.
  path: Assets/Wwise/ScriptableObjects/Soundbank
  artifactKey: Guid(62960eaf801184a94ab0e9f5e6e72b7b) Importer(2089858483,d624ce77472d68a35037170ec1d2d27e)
Start importing Assets/Wwise/ScriptableObjects/Soundbank using Guid(62960eaf801184a94ab0e9f5e6e72b7b) Importer(2089858483,d624ce77472d68a35037170ec1d2d27e) (ScriptedImporter) -> (artifact id: '5c6b2187694baaff29d8adb90e829a6a') in 0.000965917 seconds
Number of updated asset objects reloaded before import = 0Number of asset objects unloaded after import = 1

========================================================================
Received Import Request.
  Time since last request: 0.000049 seconds.
  path: Assets/Wwise/API/Editor/WwiseWindows/TreeViewIcons/switchgroup_nor.png
  artifactKey: Guid(aeead997cc3604ddcb17413796d44daa) Importer(2089858483,d624ce77472d68a35037170ec1d2d27e)
Start importing Assets/Wwise/API/Editor/WwiseWindows/TreeViewIcons/switchgroup_nor.png using Guid(aeead997cc3604ddcb17413796d44daa) Importer(2089858483,d624ce77472d68a35037170ec1d2d27e) (ScriptedImporter) -> (artifact id: 'bf899227d6e788b2daa42dc38924b7f9') in 0.003601875 seconds
Number of updated asset objects reloaded before import = 0Number of asset objects unloaded after import = 1

========================================================================
Received Import Request.
  Time since last request: 0.000041 seconds.
  path: Assets/Wwise/API/Runtime/Plugins/Windows/x86/DSP/AkSoundEngineDLL.pdb
  artifactKey: Guid(807183d8fd2a64bd993fbd6cf8f7613c) Importer(2089858483,d624ce77472d68a35037170ec1d2d27e)
Start importing Assets/Wwise/API/Runtime/Plugins/Windows/x86/DSP/AkSoundEngineDLL.pdb using Guid(807183d8fd2a64bd993fbd6cf8f7613c) Importer(2089858483,d624ce77472d68a35037170ec1d2d27e) (ScriptedImporter) -> (artifact id: 'd43530b1953f65cf89f0521f8e1b1dac') in 0.001200459 seconds
Number of updated asset objects reloaded before import = 0Number of asset objects unloaded after import = 1

========================================================================
Received Import Request.
  Time since last request: 0.000076 seconds.
  path: Assets/Wwise/API/Runtime/Handwritten/Common/Arrays/AkSourceSettingsArray.cs
  artifactKey: Guid(7a585dd143ff24c5e9be4f1ea7d74168) Importer(2089858483,d624ce77472d68a35037170ec1d2d27e)
Start importing Assets/Wwise/API/Runtime/Handwritten/Common/Arrays/AkSourceSettingsArray.cs using Guid(7a585dd143ff24c5e9be4f1ea7d74168) Importer(2089858483,d624ce77472d68a35037170ec1d2d27e) (ScriptedImporter) -> (artifact id: '7658106c81c661c688a3e1fc12d756d7') in 0.004524708 seconds
Number of updated asset objects reloaded before import = 0Number of asset objects unloaded after import = 0

========================================================================
Received Import Request.
  Time since last request: 0.000049 seconds.
  path: Assets/Wwise/API/Runtime/Handwritten/WAAPI/AkWaapiUtilities.cs
  artifactKey: Guid(dad4e56406c3049018dfd2ca614a6954) Importer(2089858483,d624ce77472d68a35037170ec1d2d27e)
Start importing Assets/Wwise/API/Runtime/Handwritten/WAAPI/AkWaapiUtilities.cs using Guid(dad4e56406c3049018dfd2ca614a6954) Importer(2089858483,d624ce77472d68a35037170ec1d2d27e) (ScriptedImporter) -> (artifact id: '8957f807a7f9f3d51a42612521ae690b') in 0.001132916 seconds
Number of updated asset objects reloaded before import = 0Number of asset objects unloaded after import = 0

========================================================================
Received Import Request.
  Time since last request: 0.000079 seconds.
  path: Assets/Wwise/API/Editor/WwiseTypes/RTPCDrawer.cs
  artifactKey: Guid(9c3a986ed51da466db32ba60490f92c5) Importer(2089858483,d624ce77472d68a35037170ec1d2d27e)
Start importing Assets/Wwise/API/Editor/WwiseTypes/RTPCDrawer.cs using Guid(9c3a986ed51da466db32ba60490f92c5) Importer(2089858483,d624ce77472d68a35037170ec1d2d27e) (ScriptedImporter) -> (artifact id: 'a7af9b7446ffe37264fde6958c236deb') in 0.001141042 seconds
Number of updated asset objects reloaded before import = 0Number of asset objects unloaded after import = 0

========================================================================
Received Import Request.
  Time since last request: 0.000045 seconds.
  path: Assets/Scripts/TowerDefense/UI
  artifactKey: Guid(6521d16f93d5a4be18fa5b101445c68c) Importer(2089858483,d624ce77472d68a35037170ec1d2d27e)
Start importing Assets/Scripts/TowerDefense/UI using Guid(6521d16f93d5a4be18fa5b101445c68c) Importer(2089858483,d624ce77472d68a35037170ec1d2d27e) (ScriptedImporter) -> (artifact id: '805faf2925fb65630685f9d055c9459d') in 0.001102666 seconds
Number of updated asset objects reloaded before import = 0Number of asset objects unloaded after import = 1

========================================================================
Received Import Request.
  Time since last request: 0.000054 seconds.
  path: Assets/Wwise/MonoBehaviour/Runtime/AkBank.cs
  artifactKey: Guid(05b9bdbd4bda04d44bc38a59b9bb924e) Importer(2089858483,d624ce77472d68a35037170ec1d2d27e)
Start importing Assets/Wwise/MonoBehaviour/Runtime/AkBank.cs using Guid(05b9bdbd4bda04d44bc38a59b9bb924e) Importer(2089858483,d624ce77472d68a35037170ec1d2d27e) (ScriptedImporter) -> (artifact id: '0c84cec833911bae13994a57d1f41eaf') in 0.001173167 seconds
Number of updated asset objects reloaded before import = 0Number of asset objects unloaded after import = 0

========================================================================
Received Import Request.
  Time since last request: 0.000067 seconds.
  path: Assets/Wwise/MonoBehaviour/Editor/AkBankInspector.cs
  artifactKey: Guid(f6339043f6d354ca49cc82a582d852c5) Importer(2089858483,d624ce77472d68a35037170ec1d2d27e)
Start importing Assets/Wwise/MonoBehaviour/Editor/AkBankInspector.cs using Guid(f6339043f6d354ca49cc82a582d852c5) Importer(2089858483,d624ce77472d68a35037170ec1d2d27e) (ScriptedImporter) -> (artifact id: '4e3e5b67cea2254390435e9d3ec24c52') in 0.001246208 seconds
Number of updated asset objects reloaded before import = 0Number of asset objects unloaded after import = 0

========================================================================
Received Import Request.
  Time since last request: 0.000050 seconds.
  path: Assets/Wwise/API/Runtime/AK.Wwise.Unity.API.asmdef
  artifactKey: Guid(6c583549b8c4e411bb1e4c0f5326b0a4) Importer(2089858483,d624ce77472d68a35037170ec1d2d27e)
Start importing Assets/Wwise/API/Runtime/AK.Wwise.Unity.API.asmdef using Guid(6c583549b8c4e411bb1e4c0f5326b0a4) Importer(2089858483,d624ce77472d68a35037170ec1d2d27e) (ScriptedImporter) -> (artifact id: 'e80b027905da41b0537a982900ba611f') in 0.001567958 seconds
Number of updated asset objects reloaded before import = 0Number of asset objects unloaded after import = 1

========================================================================
Received Import Request.
  Time since last request: 0.000054 seconds.
  path: Assets/Wwise/API/Runtime/Handwritten/Common/AkCommonPlatformSettings.cs
  artifactKey: Guid(d36c9830280c2446e971b8c696c89cd0) Importer(2089858483,d624ce77472d68a35037170ec1d2d27e)
Start importing Assets/Wwise/API/Runtime/Handwritten/Common/AkCommonPlatformSettings.cs using Guid(d36c9830280c2446e971b8c696c89cd0) Importer(2089858483,d624ce77472d68a35037170ec1d2d27e) (ScriptedImporter) -> (artifact id: 'fc4063c0955d4e0034f173b0ce491546') in 0.001123042 seconds
Number of updated asset objects reloaded before import = 0Number of asset objects unloaded after import = 0

========================================================================
Received Import Request.
  Time since last request: 0.000035 seconds.
  path: Assets/Wwise/Tools
  artifactKey: Guid(6851c569cb39644af861a3970f4e2ff8) Importer(2089858483,d624ce77472d68a35037170ec1d2d27e)
Start importing Assets/Wwise/Tools using Guid(6851c569cb39644af861a3970f4e2ff8) Importer(2089858483,d624ce77472d68a35037170ec1d2d27e) (ScriptedImporter) -> (artifact id: '69d5655abc9e771a611852a882514ade') in 0.000762417 seconds
Number of updated asset objects reloaded before import = 0Number of asset objects unloaded after import = 1

========================================================================
Received Import Request.
  Time since last request: 0.000036 seconds.
  path: Assets/Wwise/API/Runtime/Handwritten/Common/Arrays/AkReflectionPathInfoArray.cs
  artifactKey: Guid(c8e5197225a724aa4ab7e02690d8736b) Importer(2089858483,d624ce77472d68a35037170ec1d2d27e)
Start importing Assets/Wwise/API/Runtime/Handwritten/Common/Arrays/AkReflectionPathInfoArray.cs using Guid(c8e5197225a724aa4ab7e02690d8736b) Importer(2089858483,d624ce77472d68a35037170ec1d2d27e) (ScriptedImporter) -> (artifact id: '64c2853837084ff3bbca5a0925aa0097') in 0.001051792 seconds
Number of updated asset objects reloaded before import = 0Number of asset objects unloaded after import = 0

========================================================================
Received Import Request.
  Time since last request: 0.000030 seconds.
  path: Assets/Scenes/Levels/Level1_Prototype/Prototype
  artifactKey: Guid(1eac2557b0bac094b8a37d0477611499) Importer(2089858483,d624ce77472d68a35037170ec1d2d27e)
Start importing Assets/Scenes/Levels/Level1_Prototype/Prototype using Guid(1eac2557b0bac094b8a37d0477611499) Importer(2089858483,d624ce77472d68a35037170ec1d2d27e) (ScriptedImporter) -> (artifact id: '1d65b13d739dc175342134b51cb1b523') in 0.000814916 seconds
Number of updated asset objects reloaded before import = 0Number of asset objects unloaded after import = 1

========================================================================
Received Import Request.
  Time since last request: 0.000072 seconds.
  path: Assets/Wwise/API/Editor/WwiseTypes/EventDrawer.cs
  artifactKey: Guid(54bb83ef364ab44cebd2c3df32854124) Importer(2089858483,d624ce77472d68a35037170ec1d2d27e)
Start importing Assets/Wwise/API/Editor/WwiseTypes/EventDrawer.cs using Guid(54bb83ef364ab44cebd2c3df32854124) Importer(2089858483,d624ce77472d68a35037170ec1d2d27e) (ScriptedImporter) -> (artifact id: 'ec7d3e719c26cb588c0d3709ac2e797c') in 0.001100125 seconds
Number of updated asset objects reloaded before import = 0Number of asset objects unloaded after import = 0

========================================================================
Received Import Request.
  Time since last request: 0.000052 seconds.
  path: Assets/Wwise/API/Runtime/Handwritten/Common/AkSoundEngine.cs
  artifactKey: Guid(de3c8280345344b8c9062a47c1678c99) Importer(2089858483,d624ce77472d68a35037170ec1d2d27e)
Start importing Assets/Wwise/API/Runtime/Handwritten/Common/AkSoundEngine.cs using Guid(de3c8280345344b8c9062a47c1678c99) Importer(2089858483,d624ce77472d68a35037170ec1d2d27e) (ScriptedImporter) -> (artifact id: '0fe24866a1b7d8c52703b96dd33bf9a3') in 0.001543583 seconds
Number of updated asset objects reloaded before import = 0Number of asset objects unloaded after import = 0

========================================================================
Received Import Request.
  Time since last request: 0.000078 seconds.
  path: Assets/Wwise/API/Runtime/WwiseTypes/WwiseObjects/WwiseSwitchGroupReference.cs
  artifactKey: Guid(7a6846fc8b89449d7811264056e567e5) Importer(2089858483,d624ce77472d68a35037170ec1d2d27e)
Start importing Assets/Wwise/API/Runtime/WwiseTypes/WwiseObjects/WwiseSwitchGroupReference.cs using Guid(7a6846fc8b89449d7811264056e567e5) Importer(2089858483,d624ce77472d68a35037170ec1d2d27e) (ScriptedImporter) -> (artifact id: '391b91a8fbce1bb870ef9a14f6094b37') in 0.001226833 seconds
Number of updated asset objects reloaded before import = 0Number of asset objects unloaded after import = 0

========================================================================
Received Import Request.
  Time since last request: 0.000072 seconds.
  path: Assets/Scenes/Levels
  artifactKey: Guid(b13665ef5008541f6ba8fa1b520d6d5e) Importer(2089858483,d624ce77472d68a35037170ec1d2d27e)
Start importing Assets/Scenes/Levels using Guid(b13665ef5008541f6ba8fa1b520d6d5e) Importer(2089858483,d624ce77472d68a35037170ec1d2d27e) (ScriptedImporter) -> (artifact id: '896d11296753cae056c0cee1826a1b4b') in 0.001020958 seconds
Number of updated asset objects reloaded before import = 0Number of asset objects unloaded after import = 1

========================================================================
Received Import Request.
  Time since last request: 0.000029 seconds.
  path: Assets/Wwise/API/Runtime/Generated/Common/AkMeteringFlags.cs
  artifactKey: Guid(cd58586ecf8ae463e9f81ff6f800100e) Importer(2089858483,d624ce77472d68a35037170ec1d2d27e)
Start importing Assets/Wwise/API/Runtime/Generated/Common/AkMeteringFlags.cs using Guid(cd58586ecf8ae463e9f81ff6f800100e) Importer(2089858483,d624ce77472d68a35037170ec1d2d27e) (ScriptedImporter) -> (artifact id: '4295de304312c2623826126ad27793a2') in 0.000981584 seconds
Number of updated asset objects reloaded before import = 0Number of asset objects unloaded after import = 0

========================================================================
Received Import Request.
  Time since last request: 0.000063 seconds.
  path: Assets/Wwise/API/Editor/WwiseWindows/TreeViewIcons/acoustictexture_nor.png
  artifactKey: Guid(cdbdc1ae209b342e5b3fb4945ac3dbe6) Importer(2089858483,d624ce77472d68a35037170ec1d2d27e)
Start importing Assets/Wwise/API/Editor/WwiseWindows/TreeViewIcons/acoustictexture_nor.png using Guid(cdbdc1ae209b342e5b3fb4945ac3dbe6) Importer(2089858483,d624ce77472d68a35037170ec1d2d27e) (ScriptedImporter) -> (artifact id: '4e13748aaf34e8ea7d9b3c32f49b9b64') in 0.003839834 seconds
Number of updated asset objects reloaded before import = 0Number of asset objects unloaded after import = 1

========================================================================
Received Import Request.
  Time since last request: 0.000036 seconds.
  path: Assets/Wwise/API/Runtime/Handwritten/Mac/AkMacBasePathGetter.cs
  artifactKey: Guid(146a77c55f220441592243267aef001c) Importer(2089858483,d624ce77472d68a35037170ec1d2d27e)
Start importing Assets/Wwise/API/Runtime/Handwritten/Mac/AkMacBasePathGetter.cs using Guid(146a77c55f220441592243267aef001c) Importer(2089858483,d624ce77472d68a35037170ec1d2d27e) (ScriptedImporter) -> (artifact id: '7ffb61e989495e7539fdcc5fd4aff93e') in 0.001396959 seconds
Number of updated asset objects reloaded before import = 0Number of asset objects unloaded after import = 0

========================================================================
Received Import Request.
  Time since last request: 0.000083 seconds.
  path: Assets/Data/TowerLibrary
  artifactKey: Guid(347f2120277334b7aad145e4f5607796) Importer(2089858483,d624ce77472d68a35037170ec1d2d27e)
Start importing Assets/Data/TowerLibrary using Guid(347f2120277334b7aad145e4f5607796) Importer(2089858483,d624ce77472d68a35037170ec1d2d27e) (ScriptedImporter) -> (artifact id: '32d9174374f8b5b934eb29246035072e') in 0.001138583 seconds
Number of updated asset objects reloaded before import = 0Number of asset objects unloaded after import = 1

========================================================================
Received Import Request.
  Time since last request: 0.000037 seconds.
  path: Assets/Models/Player
  artifactKey: Guid(020cb56d70855425d9fee09769df9272) Importer(2089858483,d624ce77472d68a35037170ec1d2d27e)
Start importing Assets/Models/Player using Guid(020cb56d70855425d9fee09769df9272) Importer(2089858483,d624ce77472d68a35037170ec1d2d27e) (ScriptedImporter) -> (artifact id: 'e44e71695348cda63f13dfdb177bd12a') in 0.001073291 seconds
Number of updated asset objects reloaded before import = 0Number of asset objects unloaded after import = 1

========================================================================
Received Import Request.
  Time since last request: 0.000028 seconds.
  path: Assets/Wwise/API/Runtime/WwiseTypes/WwiseTypes/AkWwiseEvent.cs
  artifactKey: Guid(f7ef19716fed04f30b16551a59c6f5ef) Importer(2089858483,d624ce77472d68a35037170ec1d2d27e)
Start importing Assets/Wwise/API/Runtime/WwiseTypes/WwiseTypes/AkWwiseEvent.cs using Guid(f7ef19716fed04f30b16551a59c6f5ef) Importer(2089858483,d624ce77472d68a35037170ec1d2d27e) (ScriptedImporter) -> (artifact id: '99bad915a3541f8eca2a2979651903dc') in 0.001385667 seconds
Number of updated asset objects reloaded before import = 0Number of asset objects unloaded after import = 0

========================================================================
Received Import Request.
  Time since last request: 0.000030 seconds.
  path: Assets/Wwise/MonoBehaviour/Editor/AkRoomPortalInspector.cs
  artifactKey: Guid(438873d3489674dd1854b9dd4e3109b1) Importer(2089858483,d624ce77472d68a35037170ec1d2d27e)
Start importing Assets/Wwise/MonoBehaviour/Editor/AkRoomPortalInspector.cs using Guid(438873d3489674dd1854b9dd4e3109b1) Importer(2089858483,d624ce77472d68a35037170ec1d2d27e) (ScriptedImporter) -> (artifact id: '942f9c9c001e9efba64b670c0d71cfda') in 0.001110333 seconds
Number of updated asset objects reloaded before import = 0Number of asset objects unloaded after import = 0

========================================================================
Received Import Request.
  Time since last request: 0.000060 seconds.
  path: Assets/Wwise/API/Editor/WwiseWindows
  artifactKey: Guid(1acff5fbaeb504220ba674ef419393f4) Importer(2089858483,d624ce77472d68a35037170ec1d2d27e)
Start importing Assets/Wwise/API/Editor/WwiseWindows using Guid(1acff5fbaeb504220ba674ef419393f4) Importer(2089858483,d624ce77472d68a35037170ec1d2d27e) (ScriptedImporter) -> (artifact id: '990199237850edcaf881c2e6dfe291a1') in 0.000953709 seconds
Number of updated asset objects reloaded before import = 0Number of asset objects unloaded after import = 1

========================================================================
Received Import Request.
  Time since last request: 0.000037 seconds.
  path: Assets/UI
  artifactKey: Guid(336af3131d3964009a1c5b734e96484a) Importer(2089858483,d624ce77472d68a35037170ec1d2d27e)
Start importing Assets/UI using Guid(336af3131d3964009a1c5b734e96484a) Importer(2089858483,d624ce77472d68a35037170ec1d2d27e) (ScriptedImporter) -> (artifact id: '6cfdb4e99ee39e55781d94e8fe59fce1') in 0.000987042 seconds
Number of updated asset objects reloaded before import = 0Number of asset objects unloaded after import = 1

========================================================================
Received Import Request.
  Time since last request: 0.000031 seconds.
  path: Assets/Wwise/API/Runtime/WwiseTypes/WwiseTypes/AkWwiseBaseType.cs
  artifactKey: Guid(041f4f87dc088415f90e06bf6728788f) Importer(2089858483,d624ce77472d68a35037170ec1d2d27e)
Start importing Assets/Wwise/API/Runtime/WwiseTypes/WwiseTypes/AkWwiseBaseType.cs using Guid(041f4f87dc088415f90e06bf6728788f) Importer(2089858483,d624ce77472d68a35037170ec1d2d27e) (ScriptedImporter) -> (artifact id: '8455bc4825b51be15f591bdc4df4a2c7') in 0.001296209 seconds
Number of updated asset objects reloaded before import = 0Number of asset objects unloaded after import = 0

========================================================================
Received Import Request.
  Time since last request: 0.000046 seconds.
  path: Assets/Wwise/API/Editor/WwiseWindows/AkWwiseXMLBuilder.cs
  artifactKey: Guid(235fd74d554464a4292aba834b347207) Importer(2089858483,d624ce77472d68a35037170ec1d2d27e)
Start importing Assets/Wwise/API/Editor/WwiseWindows/AkWwiseXMLBuilder.cs using Guid(235fd74d554464a4292aba834b347207) Importer(2089858483,d624ce77472d68a35037170ec1d2d27e) (ScriptedImporter) -> (artifact id: 'ce3cc12935e8043fa3fb778a0bb4448b') in 0.001045 seconds
Number of updated asset objects reloaded before import = 0Number of asset objects unloaded after import = 0

========================================================================
Received Import Request.
  Time since last request: 0.000065 seconds.
  path: Assets/Wwise/MonoBehaviour/Editor/AkEnvironmentInspector.cs
  artifactKey: Guid(5bd45fea03e814b72957e6d0edb29730) Importer(2089858483,d624ce77472d68a35037170ec1d2d27e)
Start importing Assets/Wwise/MonoBehaviour/Editor/AkEnvironmentInspector.cs using Guid(5bd45fea03e814b72957e6d0edb29730) Importer(2089858483,d624ce77472d68a35037170ec1d2d27e) (ScriptedImporter) -> (artifact id: 'cfff9addb696f40908c85583c6725d42') in 0.001055208 seconds
Number of updated asset objects reloaded before import = 0Number of asset objects unloaded after import = 0

========================================================================
Received Import Request.
  Time since last request: 0.000071 seconds.
  path: Assets/Scenes/Levels/Level3
  artifactKey: Guid(57850ed3660984057ae79f500bef7700) Importer(2089858483,d624ce77472d68a35037170ec1d2d27e)
Start importing Assets/Scenes/Levels/Level3 using Guid(57850ed3660984057ae79f500bef7700) Importer(2089858483,d624ce77472d68a35037170ec1d2d27e) (ScriptedImporter) -> (artifact id: '7ee8390361ec2cdae73e40e9f9158d75') in 0.000981125 seconds
Number of updated asset objects reloaded before import = 0Number of asset objects unloaded after import = 1

========================================================================
Received Import Request.
  Time since last request: 0.000029 seconds.
  path: Assets/Wwise/MonoBehaviour/Editor/EditorPlatformHelpers/Windows
  artifactKey: Guid(53bdbd5bcb6db419083b3058724e7603) Importer(2089858483,d624ce77472d68a35037170ec1d2d27e)
Start importing Assets/Wwise/MonoBehaviour/Editor/EditorPlatformHelpers/Windows using Guid(53bdbd5bcb6db419083b3058724e7603) Importer(2089858483,d624ce77472d68a35037170ec1d2d27e) (ScriptedImporter) -> (artifact id: 'e9d05b9be32c111ab5efc6015125d16d') in 0.000953416 seconds
Number of updated asset objects reloaded before import = 0Number of asset objects unloaded after import = 1

========================================================================
Received Import Request.
  Time since last request: 0.000056 seconds.
  path: Assets/Scripts/TowerDefense/Nodes
  artifactKey: Guid(13adc9411a5c34dcfa26e274d64ecd27) Importer(2089858483,d624ce77472d68a35037170ec1d2d27e)
Start importing Assets/Scripts/TowerDefense/Nodes using Guid(13adc9411a5c34dcfa26e274d64ecd27) Importer(2089858483,d624ce77472d68a35037170ec1d2d27e) (ScriptedImporter) -> (artifact id: '50c5ab443c0a16418417645301ea9b10') in 0.00100575 seconds
Number of updated asset objects reloaded before import = 0Number of asset objects unloaded after import = 1

========================================================================
Received Import Request.
  Time since last request: 0.000037 seconds.
  path: Assets/Wwise/API/Runtime/Generated/Common/AkSpatialAudioInitSettings.cs
  artifactKey: Guid(6660d0789ea7648ca89e278aed8ebf86) Importer(2089858483,d624ce77472d68a35037170ec1d2d27e)
Start importing Assets/Wwise/API/Runtime/Generated/Common/AkSpatialAudioInitSettings.cs using Guid(6660d0789ea7648ca89e278aed8ebf86) Importer(2089858483,d624ce77472d68a35037170ec1d2d27e) (ScriptedImporter) -> (artifact id: '24936efcb97945e8fed2c213691968e2') in 0.001172291 seconds
Number of updated asset objects reloaded before import = 0Number of asset objects unloaded after import = 0

========================================================================
Received Import Request.
  Time since last request: 0.000032 seconds.
  path: Assets/Wwise/API/Runtime/Generated/Common/AkImageSourceParams.cs
  artifactKey: Guid(9452a379d4d4f4a4e898f87efb4b0e4f) Importer(2089858483,d624ce77472d68a35037170ec1d2d27e)
Start importing Assets/Wwise/API/Runtime/Generated/Common/AkImageSourceParams.cs using Guid(9452a379d4d4f4a4e898f87efb4b0e4f) Importer(2089858483,d624ce77472d68a35037170ec1d2d27e) (ScriptedImporter) -> (artifact id: '6233d28dcbad9cc2dd60fb9c32ba03f1') in 0.001088666 seconds
Number of updated asset objects reloaded before import = 0Number of asset objects unloaded after import = 0

========================================================================
Received Import Request.
  Time since last request: 0.000035 seconds.
  path: Assets/Wwise/API/Runtime/Plugins/Windows/x86/DSP/AkSoundSeedGrain.dll
  artifactKey: Guid(baa7eb5a536f5445e993c3ebc485c29f) Importer(2089858483,d624ce77472d68a35037170ec1d2d27e)
Start importing Assets/Wwise/API/Runtime/Plugins/Windows/x86/DSP/AkSoundSeedGrain.dll using Guid(baa7eb5a536f5445e993c3ebc485c29f) Importer(2089858483,d624ce77472d68a35037170ec1d2d27e) (ScriptedImporter) -> (artifact id: 'c2c529dc1df2a720a1b18ea91ac4595c') in 0.001462625 seconds
Number of updated asset objects reloaded before import = 0Number of asset objects unloaded after import = 0

========================================================================
Received Import Request.
  Time since last request: 0.000042 seconds.
  path: Assets/Wwise/API/Editor/WwiseTypes/AcousticTextureDrawer.cs
  artifactKey: Guid(4ec002f6f332a459ab6ab644b27b7c6a) Importer(2089858483,d624ce77472d68a35037170ec1d2d27e)
Start importing Assets/Wwise/API/Editor/WwiseTypes/AcousticTextureDrawer.cs using Guid(4ec002f6f332a459ab6ab644b27b7c6a) Importer(2089858483,d624ce77472d68a35037170ec1d2d27e) (ScriptedImporter) -> (artifact id: '97c7d9128acf07f8e526a1e841ec43ef') in 0.001199083 seconds
Number of updated asset objects reloaded before import = 0Number of asset objects unloaded after import = 0

========================================================================
Received Import Request.
  Time since last request: 0.000042 seconds.
  path: Assets/Wwise/MonoBehaviour/Runtime/AkRoom.cs
  artifactKey: Guid(0610cc792e8c6411d949e052db585cbf) Importer(2089858483,d624ce77472d68a35037170ec1d2d27e)
Start importing Assets/Wwise/MonoBehaviour/Runtime/AkRoom.cs using Guid(0610cc792e8c6411d949e052db585cbf) Importer(2089858483,d624ce77472d68a35037170ec1d2d27e) (ScriptedImporter) -> (artifact id: 'dcf9b97a60727c1a4749ba69b76d4ab4') in 0.001116208 seconds
Number of updated asset objects reloaded before import = 0Number of asset objects unloaded after import = 0

========================================================================
Received Import Request.
  Time since last request: 0.000051 seconds.
  path: Assets/Data
  artifactKey: Guid(a4c2a45bb060e46f5815758729fa9528) Importer(2089858483,d624ce77472d68a35037170ec1d2d27e)
Start importing Assets/Data using Guid(a4c2a45bb060e46f5815758729fa9528) Importer(2089858483,d624ce77472d68a35037170ec1d2d27e) (ScriptedImporter) -> (artifact id: 'f1d67b18d44d0e5679340f0f1bdc47c6') in 0.000966666 seconds
Number of updated asset objects reloaded before import = 0Number of asset objects unloaded after import = 1

========================================================================
Received Import Request.
  Time since last request: 0.000044 seconds.
  path: Assets/Audio/SFX/Towers/MachineGun
  artifactKey: Guid(21687f4a515e34662a8a461038313d3c) Importer(2089858483,d624ce77472d68a35037170ec1d2d27e)
Start importing Assets/Audio/SFX/Towers/MachineGun using Guid(21687f4a515e34662a8a461038313d3c) Importer(2089858483,d624ce77472d68a35037170ec1d2d27e) (ScriptedImporter) -> (artifact id: '1c65398a58e6d2bf8c2216d582ba1cd9') in 0.001020291 seconds
Number of updated asset objects reloaded before import = 0Number of asset objects unloaded after import = 1

========================================================================
Received Import Request.
  Time since last request: 0.000056 seconds.
  path: Assets/Wwise/API/Runtime/Generated/Windows/AkSoundEngine_Windows.cs
  artifactKey: Guid(84594505b2eab4611af22bdc1a891a40) Importer(2089858483,d624ce77472d68a35037170ec1d2d27e)
Start importing Assets/Wwise/API/Runtime/Generated/Windows/AkSoundEngine_Windows.cs using Guid(84594505b2eab4611af22bdc1a891a40) Importer(2089858483,d624ce77472d68a35037170ec1d2d27e) (ScriptedImporter) -> (artifact id: 'a67cca7fce70138fb658047354bd7999') in 0.001225458 seconds
Number of updated asset objects reloaded before import = 0Number of asset objects unloaded after import = 0

========================================================================
Received Import Request.
  Time since last request: 0.000031 seconds.
  path: Assets/Prefabs/Audio
  artifactKey: Guid(1eb94afd570a04088a1958c00da13ae7) Importer(2089858483,d624ce77472d68a35037170ec1d2d27e)
Start importing Assets/Prefabs/Audio using Guid(1eb94afd570a04088a1958c00da13ae7) Importer(2089858483,d624ce77472d68a35037170ec1d2d27e) (ScriptedImporter) -> (artifact id: 'fdcc95c5096a49b739abaf63e3d9593c') in 0.000928958 seconds
Number of updated asset objects reloaded before import = 0Number of asset objects unloaded after import = 1

========================================================================
Received Import Request.
  Time since last request: 0.000053 seconds.
  path: Assets/Wwise/MonoBehaviour/Editor/AkAudioListenerInspector.cs
  artifactKey: Guid(aef5462a9d25d452ebc28cb794bb3fcc) Importer(2089858483,d624ce77472d68a35037170ec1d2d27e)
Start importing Assets/Wwise/MonoBehaviour/Editor/AkAudioListenerInspector.cs using Guid(aef5462a9d25d452ebc28cb794bb3fcc) Importer(2089858483,d624ce77472d68a35037170ec1d2d27e) (ScriptedImporter) -> (artifact id: '4ad346a77430a01f0164e467cf617361') in 0.001089417 seconds
Number of updated asset objects reloaded before import = 0Number of asset objects unloaded after import = 0

========================================================================
Received Import Request.
  Time since last request: 0.000057 seconds.
  path: Assets/Icon
  artifactKey: Guid(a919b80b66c894d9ab91dbe673b130a9) Importer(2089858483,d624ce77472d68a35037170ec1d2d27e)
Start importing Assets/Icon using Guid(a919b80b66c894d9ab91dbe673b130a9) Importer(2089858483,d624ce77472d68a35037170ec1d2d27e) (ScriptedImporter) -> (artifact id: 'd0649302bb1e165db24ad3a43b2508d9') in 0.000904083 seconds
Number of updated asset objects reloaded before import = 0Number of asset objects unloaded after import = 1

========================================================================
Received Import Request.
  Time since last request: 0.000051 seconds.
  path: Assets/Wwise/Timeline/Runtime/AkTimelineRtpcPlayable.cs
  artifactKey: Guid(05a4bce6f2e4c0347920a26cc6ac2384) Importer(2089858483,d624ce77472d68a35037170ec1d2d27e)
Start importing Assets/Wwise/Timeline/Runtime/AkTimelineRtpcPlayable.cs using Guid(05a4bce6f2e4c0347920a26cc6ac2384) Importer(2089858483,d624ce77472d68a35037170ec1d2d27e) (ScriptedImporter) -> (artifact id: 'ea47ce330f6737b4cc5d28859fe06911') in 0.001248958 seconds
Number of updated asset objects reloaded before import = 0Number of asset objects unloaded after import = 0

========================================================================
Received Import Request.
  Time since last request: 0.000066 seconds.
  path: Assets/Wwise/API/Runtime/Plugins/Mac/Release/AkSoundEngine.bundle.dSYM/Contents/Resources/Relocations/x86_64/AkSoundEngine.yml
  artifactKey: Guid(e8e17778c1a8c43f19c42cab245f90d1) Importer(2089858483,d624ce77472d68a35037170ec1d2d27e)
Start importing Assets/Wwise/API/Runtime/Plugins/Mac/Release/AkSoundEngine.bundle.dSYM/Contents/Resources/Relocations/x86_64/AkSoundEngine.yml using Guid(e8e17778c1a8c43f19c42cab245f90d1) Importer(2089858483,d624ce77472d68a35037170ec1d2d27e) (ScriptedImporter) -> (artifact id: 'dcdb751ed58883939b1f7eb1f6882e30') in 0.00134325 seconds
Number of updated asset objects reloaded before import = 0Number of asset objects unloaded after import = 1

========================================================================
Received Import Request.
  Time since last request: 0.000037 seconds.
  path: Assets/PostProcessing/Editor
  artifactKey: Guid(e0e418747b892364db5c5f4451e67ede) Importer(2089858483,d624ce77472d68a35037170ec1d2d27e)
Start importing Assets/PostProcessing/Editor using Guid(e0e418747b892364db5c5f4451e67ede) Importer(2089858483,d624ce77472d68a35037170ec1d2d27e) (ScriptedImporter) -> (artifact id: '9a3702e3304ad57a7b6b2de44c6e9f8f') in 0.001073708 seconds
Number of updated asset objects reloaded before import = 0Number of asset objects unloaded after import = 1

========================================================================
Received Import Request.
  Time since last request: 0.000044 seconds.
  path: Assets/Wwise/MonoBehaviour/Editor/AkRoomAwareObjectInspector.cs
  artifactKey: Guid(5b2c524d6eff34a9886ff91d91df3c53) Importer(2089858483,d624ce77472d68a35037170ec1d2d27e)
Start importing Assets/Wwise/MonoBehaviour/Editor/AkRoomAwareObjectInspector.cs using Guid(5b2c524d6eff34a9886ff91d91df3c53) Importer(2089858483,d624ce77472d68a35037170ec1d2d27e) (ScriptedImporter) -> (artifact id: 'b46f46b2489c9cdfe37a563265924750') in 0.001113 seconds
Number of updated asset objects reloaded before import = 0Number of asset objects unloaded after import = 0

========================================================================
Received Import Request.
  Time since last request: 0.000058 seconds.
  path: Assets/Wwise/MonoBehaviour/Editor/AkEventInspector.cs
  artifactKey: Guid(730a0a8da768c4720833ed7e001a5a51) Importer(2089858483,d624ce77472d68a35037170ec1d2d27e)
Start importing Assets/Wwise/MonoBehaviour/Editor/AkEventInspector.cs using Guid(730a0a8da768c4720833ed7e001a5a51) Importer(2089858483,d624ce77472d68a35037170ec1d2d27e) (ScriptedImporter) -> (artifact id: 'acccedff3741b84c0c6d5a8792d22739') in 0.001028292 seconds
Number of updated asset objects reloaded before import = 0Number of asset objects unloaded after import = 0

========================================================================
Received Import Request.
  Time since last request: 0.000050 seconds.
  path: Assets/Wwise/MonoBehaviour/Runtime/AkTriggerEnter.cs
  artifactKey: Guid(16c1c33c980094d9faf8feccd442dfa1) Importer(2089858483,d624ce77472d68a35037170ec1d2d27e)
Start importing Assets/Wwise/MonoBehaviour/Runtime/AkTriggerEnter.cs using Guid(16c1c33c980094d9faf8feccd442dfa1) Importer(2089858483,d624ce77472d68a35037170ec1d2d27e) (ScriptedImporter) -> (artifact id: 'd46ea7f43a4d03215133b0a8ab7a2307') in 0.001360167 seconds
Number of updated asset objects reloaded before import = 0Number of asset objects unloaded after import = 0

========================================================================
Received Import Request.
  Time since last request: 0.000061 seconds.
  path: Assets/Wwise/API/Runtime/Generated/Common/AkDynamicSequenceType.cs
  artifactKey: Guid(f80da40060fb945bc8294f25aac4237c) Importer(2089858483,d624ce77472d68a35037170ec1d2d27e)
Start importing Assets/Wwise/API/Runtime/Generated/Common/AkDynamicSequenceType.cs using Guid(f80da40060fb945bc8294f25aac4237c) Importer(2089858483,d624ce77472d68a35037170ec1d2d27e) (ScriptedImporter) -> (artifact id: '08cea55a16740a85d52098a19d7b0fbb') in 0.001151166 seconds
Number of updated asset objects reloaded before import = 0Number of asset objects unloaded after import = 0

========================================================================
Received Import Request.
  Time since last request: 0.000042 seconds.
  path: Assets/Wwise/API/Runtime/Generated/Common/AkMusicSettings.cs
  artifactKey: Guid(6e584619f6a6b4243a6b57b211a18a0b) Importer(2089858483,d624ce77472d68a35037170ec1d2d27e)
Start importing Assets/Wwise/API/Runtime/Generated/Common/AkMusicSettings.cs using Guid(6e584619f6a6b4243a6b57b211a18a0b) Importer(2089858483,d624ce77472d68a35037170ec1d2d27e) (ScriptedImporter) -> (artifact id: '44cf1f8f9c481156d7129ceae489fc26') in 0.00106475 seconds
Number of updated asset objects reloaded before import = 0Number of asset objects unloaded after import = 0

========================================================================
Received Import Request.
  Time since last request: 0.000060 seconds.
  path: Assets/Wwise/API/Runtime/Plugins
  artifactKey: Guid(63f23a05e742b4f2a952f4fbf9271837) Importer(2089858483,d624ce77472d68a35037170ec1d2d27e)
Start importing Assets/Wwise/API/Runtime/Plugins using Guid(63f23a05e742b4f2a952f4fbf9271837) Importer(2089858483,d624ce77472d68a35037170ec1d2d27e) (ScriptedImporter) -> (artifact id: '45d4df58a64d534127dd87c317cb8a43') in 0.000860167 seconds
Number of updated asset objects reloaded before import = 0Number of asset objects unloaded after import = 1

========================================================================
Received Import Request.
  Time since last request: 0.000051 seconds.
  path: Assets/Wwise/MonoBehaviour/Runtime/AkMemBankLoader.cs
  artifactKey: Guid(e683dbc0c5cbf4dc099dbf5aa923bc91) Importer(2089858483,d624ce77472d68a35037170ec1d2d27e)
Start importing Assets/Wwise/MonoBehaviour/Runtime/AkMemBankLoader.cs using Guid(e683dbc0c5cbf4dc099dbf5aa923bc91) Importer(2089858483,d624ce77472d68a35037170ec1d2d27e) (ScriptedImporter) -> (artifact id: '312bac48a74ebe14378c283ec3bcae0d') in 0.001014791 seconds
Number of updated asset objects reloaded before import = 0Number of asset objects unloaded after import = 0

========================================================================
Received Import Request.
  Time since last request: 0.000065 seconds.
  path: Assets/Wwise/API/Runtime/Generated/Mac/AkAudioAPI_Mac.cs
  artifactKey: Guid(afb27e5ccb93d45e49e48b62e3031f3a) Importer(2089858483,d624ce77472d68a35037170ec1d2d27e)
Start importing Assets/Wwise/API/Runtime/Generated/Mac/AkAudioAPI_Mac.cs using Guid(afb27e5ccb93d45e49e48b62e3031f3a) Importer(2089858483,d624ce77472d68a35037170ec1d2d27e) (ScriptedImporter) -> (artifact id: '970ec2c32b6efd43bdd6d35bcd4c8ec4') in 0.000993417 seconds
Number of updated asset objects reloaded before import = 0Number of asset objects unloaded after import = 0

========================================================================
Received Import Request.
  Time since last request: 0.000050 seconds.
  path: Assets/Wwise/API/Editor/WwiseWindows/TreeViewIcons/blank.png
  artifactKey: Guid(81b3623a3085447a2b21f3864ee0d36b) Importer(2089858483,d624ce77472d68a35037170ec1d2d27e)
Start importing Assets/Wwise/API/Editor/WwiseWindows/TreeViewIcons/blank.png using Guid(81b3623a3085447a2b21f3864ee0d36b) Importer(2089858483,d624ce77472d68a35037170ec1d2d27e) (ScriptedImporter) -> (artifact id: '5596a5e6d6cf17bc41a5875aa931e5a2') in 0.003781042 seconds
Number of updated asset objects reloaded before import = 0Number of asset objects unloaded after import = 1

========================================================================
Received Import Request.
  Time since last request: 0.000016 seconds.
  path: Assets/Prefabs/Player
  artifactKey: Guid(66b1da2a53f4b4073a74c685818e7905) Importer(2089858483,d624ce77472d68a35037170ec1d2d27e)
Start importing Assets/Prefabs/Player using Guid(66b1da2a53f4b4073a74c685818e7905) Importer(2089858483,d624ce77472d68a35037170ec1d2d27e) (ScriptedImporter) -> (artifact id: '9765c34363aea6d18c5a822b4fc79092') in 0.00121 seconds
Number of updated asset objects reloaded before import = 0Number of asset objects unloaded after import = 1

========================================================================
Received Import Request.
  Time since last request: 0.000049 seconds.
  path: Assets/Wwise/API/Editor/WwiseTypes/SwitchDrawer.cs
  artifactKey: Guid(52765e1c8191440e2aa97126e2f384b7) Importer(2089858483,d624ce77472d68a35037170ec1d2d27e)
Start importing Assets/Wwise/API/Editor/WwiseTypes/SwitchDrawer.cs using Guid(52765e1c8191440e2aa97126e2f384b7) Importer(2089858483,d624ce77472d68a35037170ec1d2d27e) (ScriptedImporter) -> (artifact id: '8643d30d452644dfe1db5c4b42f92cd5') in 0.001323125 seconds
Number of updated asset objects reloaded before import = 0Number of asset objects unloaded after import = 0

========================================================================
Received Import Request.
  Time since last request: 0.000048 seconds.
  path: Assets/Wwise/API/Runtime/Generated/Common/AkAudioObjectDestination.cs
  artifactKey: Guid(7e283c33160ae4d0d91aaebaf52b3fe2) Importer(2089858483,d624ce77472d68a35037170ec1d2d27e)
Start importing Assets/Wwise/API/Runtime/Generated/Common/AkAudioObjectDestination.cs using Guid(7e283c33160ae4d0d91aaebaf52b3fe2) Importer(2089858483,d624ce77472d68a35037170ec1d2d27e) (ScriptedImporter) -> (artifact id: 'a3d8aac2593e02604346c2f4f20a353b') in 0.001092583 seconds
Number of updated asset objects reloaded before import = 0Number of asset objects unloaded after import = 0

========================================================================
Received Import Request.
  Time since last request: 0.000047 seconds.
  path: Assets/Resources
  artifactKey: Guid(ecffcff4a63f64e6b87ee7bb31448ce2) Importer(2089858483,d624ce77472d68a35037170ec1d2d27e)
Start importing Assets/Resources using Guid(ecffcff4a63f64e6b87ee7bb31448ce2) Importer(2089858483,d624ce77472d68a35037170ec1d2d27e) (ScriptedImporter) -> (artifact id: '25174de2d3e11ef5030918440696f98b') in 0.000931042 seconds
Number of updated asset objects reloaded before import = 0Number of asset objects unloaded after import = 1

========================================================================
Received Import Request.
  Time since last request: 0.000055 seconds.
  path: Assets/Wwise/API/Editor/PluginActivator/Common/AkPlatformPluginList.cs
  artifactKey: Guid(e0e5143b6a85f4ddfbaa0d2d4753869f) Importer(2089858483,d624ce77472d68a35037170ec1d2d27e)
Start importing Assets/Wwise/API/Editor/PluginActivator/Common/AkPlatformPluginList.cs using Guid(e0e5143b6a85f4ddfbaa0d2d4753869f) Importer(2089858483,d624ce77472d68a35037170ec1d2d27e) (ScriptedImporter) -> (artifact id: 'ac343f5401201b779b88ae5dd842668e') in 0.00113725 seconds
Number of updated asset objects reloaded before import = 0Number of asset objects unloaded after import = 0

========================================================================
Received Import Request.
  Time since last request: 0.000044 seconds.
  path: Assets/Wwise/API/Runtime/Plugins/Windows/x86_64
  artifactKey: Guid(eebfa3c948e5447f1bdad6b71662ab7e) Importer(2089858483,d624ce77472d68a35037170ec1d2d27e)
Start importing Assets/Wwise/API/Runtime/Plugins/Windows/x86_64 using Guid(eebfa3c948e5447f1bdad6b71662ab7e) Importer(2089858483,d624ce77472d68a35037170ec1d2d27e) (ScriptedImporter) -> (artifact id: '8df43fbb552a4db1b1851b685b01e861') in 0.001407083 seconds
Number of updated asset objects reloaded before import = 0Number of asset objects unloaded after import = 1

========================================================================
Received Import Request.
  Time since last request: 0.000030 seconds.
  path: Assets/Wwise/API/Runtime/Generated/Common/AkOutputSettings.cs
  artifactKey: Guid(af87b2b2bdbc64124a0eb0a5ee6e3d51) Importer(2089858483,d624ce77472d68a35037170ec1d2d27e)
Start importing Assets/Wwise/API/Runtime/Generated/Common/AkOutputSettings.cs using Guid(af87b2b2bdbc64124a0eb0a5ee6e3d51) Importer(2089858483,d624ce77472d68a35037170ec1d2d27e) (ScriptedImporter) -> (artifact id: '142866bbe673a5de360c901d3eb6adf2') in 0.001119458 seconds
Number of updated asset objects reloaded before import = 0Number of asset objects unloaded after import = 0

========================================================================
Received Import Request.
  Time since last request: 0.000056 seconds.
  path: Assets/Models/Towers
  artifactKey: Guid(b07dd3a1405954fc79915e7d1548b94c) Importer(2089858483,d624ce77472d68a35037170ec1d2d27e)
Start importing Assets/Models/Towers using Guid(b07dd3a1405954fc79915e7d1548b94c) Importer(2089858483,d624ce77472d68a35037170ec1d2d27e) (ScriptedImporter) -> (artifact id: '7cff531f37cd79d4237ba6e58a3a052a') in 0.001060333 seconds
Number of updated asset objects reloaded before import = 0Number of asset objects unloaded after import = 1

========================================================================
Received Import Request.
  Time since last request: 0.000053 seconds.
  path: Assets/Prefabs/Health
  artifactKey: Guid(0a2854f5be50f4a70a372198057945fd) Importer(2089858483,d624ce77472d68a35037170ec1d2d27e)
Start importing Assets/Prefabs/Health using Guid(0a2854f5be50f4a70a372198057945fd) Importer(2089858483,d624ce77472d68a35037170ec1d2d27e) (ScriptedImporter) -> (artifact id: 'df03af9316a42bfa1418436f36e1b265') in 0.000872541 seconds
Number of updated asset objects reloaded before import = 0Number of asset objects unloaded after import = 1

========================================================================
Received Import Request.
  Time since last request: 0.000042 seconds.
  path: Assets/Wwise/API/Runtime/Plugins/Mac/Release/AkSoundEngine.bundle.dSYM/Contents/Resources/Relocations
  artifactKey: Guid(7cf76c6786fff455fb493e863617d755) Importer(2089858483,d624ce77472d68a35037170ec1d2d27e)
Start importing Assets/Wwise/API/Runtime/Plugins/Mac/Release/AkSoundEngine.bundle.dSYM/Contents/Resources/Relocations using Guid(7cf76c6786fff455fb493e863617d755) Importer(2089858483,d624ce77472d68a35037170ec1d2d27e) (ScriptedImporter) -> (artifact id: '98b28e72774de673aa677a5dfc2fbdd3') in 0.00090825 seconds
Number of updated asset objects reloaded before import = 0Number of asset objects unloaded after import = 1

========================================================================
Received Import Request.
  Time since last request: 0.000047 seconds.
  path: Assets/Wwise/API/Runtime/Handwritten/Common/Arrays/AkObstructionOcclusionValuesArray.cs
  artifactKey: Guid(d27e236bbf9ed4fea8e5d852bed07ea0) Importer(2089858483,d624ce77472d68a35037170ec1d2d27e)
Start importing Assets/Wwise/API/Runtime/Handwritten/Common/Arrays/AkObstructionOcclusionValuesArray.cs using Guid(d27e236bbf9ed4fea8e5d852bed07ea0) Importer(2089858483,d624ce77472d68a35037170ec1d2d27e) (ScriptedImporter) -> (artifact id: '75dc3dfca59b5f4ede4005a7f99a461b') in 0.001384541 seconds
Number of updated asset objects reloaded before import = 0Number of asset objects unloaded after import = 0

========================================================================
Received Import Request.
  Time since last request: 0.000030 seconds.
  path: Assets/Wwise/MonoBehaviour/Editor/EditorPlatformHelpers
  artifactKey: Guid(088c312305b34416791bf6b36f72237d) Importer(2089858483,d624ce77472d68a35037170ec1d2d27e)
Start importing Assets/Wwise/MonoBehaviour/Editor/EditorPlatformHelpers using Guid(088c312305b34416791bf6b36f72237d) Importer(2089858483,d624ce77472d68a35037170ec1d2d27e) (ScriptedImporter) -> (artifact id: '7640a74f40dd03941f8b41f2ada3e7f1') in 0.001072667 seconds
Number of updated asset objects reloaded before import = 0Number of asset objects unloaded after import = 1

========================================================================
Received Import Request.
  Time since last request: 0.000045 seconds.
  path: Assets/Fonts/Roboto
  artifactKey: Guid(8960551f78dc843c8b318abe7cb9b9ba) Importer(2089858483,d624ce77472d68a35037170ec1d2d27e)
Start importing Assets/Fonts/Roboto using Guid(8960551f78dc843c8b318abe7cb9b9ba) Importer(2089858483,d624ce77472d68a35037170ec1d2d27e) (ScriptedImporter) -> (artifact id: 'eadedf6ce22c0e958b78a6a47ab7084c') in 0.000900291 seconds
Number of updated asset objects reloaded before import = 0Number of asset objects unloaded after import = 1

========================================================================
Received Import Request.
  Time since last request: 0.000047 seconds.
  path: Assets/Wwise/API/Runtime/Plugins/Windows/x86/DSP/AkConvolutionReverb.pdb
  artifactKey: Guid(fd3966c7d8a2746629c08937285cf11d) Importer(2089858483,d624ce77472d68a35037170ec1d2d27e)
Start importing Assets/Wwise/API/Runtime/Plugins/Windows/x86/DSP/AkConvolutionReverb.pdb using Guid(fd3966c7d8a2746629c08937285cf11d) Importer(2089858483,d624ce77472d68a35037170ec1d2d27e) (ScriptedImporter) -> (artifact id: '7d9643358c9ba03886b7ba8a20de28a6') in 0.00098975 seconds
Number of updated asset objects reloaded before import = 0Number of asset objects unloaded after import = 1

========================================================================
Received Import Request.
  Time since last request: 0.000059 seconds.
  path: Assets/Wwise/API/Runtime/Plugins/Windows/x86/DSP
  artifactKey: Guid(fd75ff2f24f104e649814e9758f41f4f) Importer(2089858483,d624ce77472d68a35037170ec1d2d27e)
Start importing Assets/Wwise/API/Runtime/Plugins/Windows/x86/DSP using Guid(fd75ff2f24f104e649814e9758f41f4f) Importer(2089858483,d624ce77472d68a35037170ec1d2d27e) (ScriptedImporter) -> (artifact id: '61e33435a72668aff5de72a9387f9d59') in 0.0007985 seconds
Number of updated asset objects reloaded before import = 0Number of asset objects unloaded after import = 1

========================================================================
Received Import Request.
  Time since last request: 0.000055 seconds.
  path: Assets/TutorialInfo/Scripts/Editor
  artifactKey: Guid(3ad9b87dffba344c89909c6d1b1c17e1) Importer(2089858483,d624ce77472d68a35037170ec1d2d27e)
Start importing Assets/TutorialInfo/Scripts/Editor using Guid(3ad9b87dffba344c89909c6d1b1c17e1) Importer(2089858483,d624ce77472d68a35037170ec1d2d27e) (ScriptedImporter) -> (artifact id: 'e97a029a25a0b07a5546e3c797dbfc8e') in 0.000838875 seconds
Number of updated asset objects reloaded before import = 0Number of asset objects unloaded after import = 1

========================================================================
Received Import Request.
  Time since last request: 0.000034 seconds.
  path: Assets/Wwise/API/Runtime/Plugins/Windows/x86_64/DSP/AkConvolutionReverb.dll
  artifactKey: Guid(2735ae4c1769545b3abd35cbd08926f8) Importer(2089858483,d624ce77472d68a35037170ec1d2d27e)
Start importing Assets/Wwise/API/Runtime/Plugins/Windows/x86_64/DSP/AkConvolutionReverb.dll using Guid(2735ae4c1769545b3abd35cbd08926f8) Importer(2089858483,d624ce77472d68a35037170ec1d2d27e) (ScriptedImporter) -> (artifact id: '368d2e45f8f2654573d213f104152580') in 0.001313875 seconds
Number of updated asset objects reloaded before import = 0Number of asset objects unloaded after import = 0

========================================================================
Received Import Request.
  Time since last request: 0.387031 seconds.
  path: Assets/Wwise/API/Editor/WwiseMenu/Windows/AkWwiseMenu_Windows.cs
  artifactKey: Guid(af889609f9c344004bbbc14978b63389) Importer(2089858483,d624ce77472d68a35037170ec1d2d27e)
Start importing Assets/Wwise/API/Editor/WwiseMenu/Windows/AkWwiseMenu_Windows.cs using Guid(af889609f9c344004bbbc14978b63389) Importer(2089858483,d624ce77472d68a35037170ec1d2d27e) (ScriptedImporter) -> (artifact id: '77c79cc3d45f75097b0430060a5c07fc') in 0.00185275 seconds
Number of updated asset objects reloaded before import = 0Number of asset objects unloaded after import = 0

========================================================================
Received Import Request.
  Time since last request: 0.000046 seconds.
  path: Assets/Wwise/Documentation/AppleCommon/ko
  artifactKey: Guid(c46e9b193540148c49067eba1f593067) Importer(2089858483,d624ce77472d68a35037170ec1d2d27e)
Start importing Assets/Wwise/Documentation/AppleCommon/ko using Guid(c46e9b193540148c49067eba1f593067) Importer(2089858483,d624ce77472d68a35037170ec1d2d27e) (ScriptedImporter) -> (artifact id: '50a6d202e5952845598b928eafac03e6') in 0.000992542 seconds
Number of updated asset objects reloaded before import = 0Number of asset objects unloaded after import = 1

========================================================================
Received Import Request.
  Time since last request: 0.000038 seconds.
  path: Assets/Wwise/API/Runtime/Handwritten/Common/AkShowOnlyAttribute.cs
  artifactKey: Guid(ed080225891204070b585322e2a30017) Importer(2089858483,d624ce77472d68a35037170ec1d2d27e)
Start importing Assets/Wwise/API/Runtime/Handwritten/Common/AkShowOnlyAttribute.cs using Guid(ed080225891204070b585322e2a30017) Importer(2089858483,d624ce77472d68a35037170ec1d2d27e) (ScriptedImporter) -> (artifact id: 'b53714cbc3cc0da69d1fd67b54a358b7') in 0.001018125 seconds
Number of updated asset objects reloaded before import = 0Number of asset objects unloaded after import = 0

========================================================================
Received Import Request.
  Time since last request: 0.000057 seconds.
  path: Assets/Wwise/API/Runtime/Generated/Common/Ak3dData.cs
  artifactKey: Guid(f8d5a5d4bc02e4208ba798dc4c9c0df5) Importer(2089858483,d624ce77472d68a35037170ec1d2d27e)
Start importing Assets/Wwise/API/Runtime/Generated/Common/Ak3dData.cs using Guid(f8d5a5d4bc02e4208ba798dc4c9c0df5) Importer(2089858483,d624ce77472d68a35037170ec1d2d27e) (ScriptedImporter) -> (artifact id: '9f5dc6e0d1adfad7af104ac8a0385132') in 0.001177916 seconds
Number of updated asset objects reloaded before import = 0Number of asset objects unloaded after import = 0

========================================================================
Received Import Request.
  Time since last request: 0.000042 seconds.
  path: Assets/Wwise/MonoBehaviour/Runtime/AkRadialEmitter.cs
  artifactKey: Guid(c04f67c53875f44c09cf894b1d0b1119) Importer(2089858483,d624ce77472d68a35037170ec1d2d27e)
Start importing Assets/Wwise/MonoBehaviour/Runtime/AkRadialEmitter.cs using Guid(c04f67c53875f44c09cf894b1d0b1119) Importer(2089858483,d624ce77472d68a35037170ec1d2d27e) (ScriptedImporter) -> (artifact id: 'b1d8d22a1fb97071e02f0238b74542d1') in 0.000979958 seconds
Number of updated asset objects reloaded before import = 0Number of asset objects unloaded after import = 0

========================================================================
Received Import Request.
  Time since last request: 0.000054 seconds.
  path: Assets/PostProcessing/Editor Resources/UI
  artifactKey: Guid(df37d60cc69b7b04d9705a74938179e7) Importer(2089858483,d624ce77472d68a35037170ec1d2d27e)
Start importing Assets/PostProcessing/Editor Resources/UI using Guid(df37d60cc69b7b04d9705a74938179e7) Importer(2089858483,d624ce77472d68a35037170ec1d2d27e) (ScriptedImporter) -> (artifact id: '1cd03e066d23b0407c27aa04cb6d8f45') in 0.000927083 seconds
Number of updated asset objects reloaded before import = 0Number of asset objects unloaded after import = 1

========================================================================
Received Import Request.
  Time since last request: 0.000023 seconds.
  path: Assets/Wwise/API/Runtime/Handwritten/Common/AkLogger.cs
  artifactKey: Guid(54c1da070fac34c1887b91f4bd975f0f) Importer(2089858483,d624ce77472d68a35037170ec1d2d27e)
Start importing Assets/Wwise/API/Runtime/Handwritten/Common/AkLogger.cs using Guid(54c1da070fac34c1887b91f4bd975f0f) Importer(2089858483,d624ce77472d68a35037170ec1d2d27e) (ScriptedImporter) -> (artifact id: 'a350babbcf1ac8b2b0c6e4652e9f4b54') in 0.001012292 seconds
Number of updated asset objects reloaded before import = 0Number of asset objects unloaded after import = 0

========================================================================
Received Import Request.
  Time since last request: 0.000034 seconds.
  path: Assets/Wwise/MonoBehaviour/Runtime/AkGameObj.cs
  artifactKey: Guid(979007c641fcb4205833fac53f4b56c0) Importer(2089858483,d624ce77472d68a35037170ec1d2d27e)
Start importing Assets/Wwise/MonoBehaviour/Runtime/AkGameObj.cs using Guid(979007c641fcb4205833fac53f4b56c0) Importer(2089858483,d624ce77472d68a35037170ec1d2d27e) (ScriptedImporter) -> (artifact id: '5f76d24b7ce4deb8aed9c8417b276d56') in 0.001000834 seconds
Number of updated asset objects reloaded before import = 0Number of asset objects unloaded after import = 0

========================================================================
Received Import Request.
  Time since last request: 0.000072 seconds.
  path: Assets/Wwise/API/Runtime/Generated/Common/AkBankTypeEnum.cs
  artifactKey: Guid(f19c21905fcff4d9c9ffaaa9c8d63918) Importer(2089858483,d624ce77472d68a35037170ec1d2d27e)
Start importing Assets/Wwise/API/Runtime/Generated/Common/AkBankTypeEnum.cs using Guid(f19c21905fcff4d9c9ffaaa9c8d63918) Importer(2089858483,d624ce77472d68a35037170ec1d2d27e) (ScriptedImporter) -> (artifact id: 'b289217cdf4619643b3f94b89f4c343b') in 0.001210916 seconds
Number of updated asset objects reloaded before import = 0Number of asset objects unloaded after import = 0

========================================================================
Received Import Request.
  Time since last request: 0.000054 seconds.
  path: Assets/PostProcessing/Editor/Utils
  artifactKey: Guid(b52c69ccefdae7545bfb4d0bf9b7df71) Importer(2089858483,d624ce77472d68a35037170ec1d2d27e)
Start importing Assets/PostProcessing/Editor/Utils using Guid(b52c69ccefdae7545bfb4d0bf9b7df71) Importer(2089858483,d624ce77472d68a35037170ec1d2d27e) (ScriptedImporter) -> (artifact id: '7ed2455137e915d3b5fba599ee9f033d') in 0.001059541 seconds
Number of updated asset objects reloaded before import = 0Number of asset objects unloaded after import = 1

========================================================================
Received Import Request.
  Time since last request: 0.000029 seconds.
  path: Assets/Wwise/API/Runtime/Plugins/Mac/Profile/AkSoundEngine.bundle.dSYM/Contents/Info.plist
  artifactKey: Guid(2678135f0e6984881839c7552657af8b) Importer(2089858483,d624ce77472d68a35037170ec1d2d27e)
Start importing Assets/Wwise/API/Runtime/Plugins/Mac/Profile/AkSoundEngine.bundle.dSYM/Contents/Info.plist using Guid(2678135f0e6984881839c7552657af8b) Importer(2089858483,d624ce77472d68a35037170ec1d2d27e) (ScriptedImporter) -> (artifact id: '2e635a699d0c3c719a67c7eaba957a85') in 0.000880708 seconds
Number of updated asset objects reloaded before import = 0Number of asset objects unloaded after import = 1

========================================================================
Received Import Request.
  Time since last request: 0.000070 seconds.
  path: Assets/Wwise/API/Runtime/Generated/Windows
  artifactKey: Guid(9e4735eb76db74905bb10589191dc169) Importer(2089858483,d624ce77472d68a35037170ec1d2d27e)
Start importing Assets/Wwise/API/Runtime/Generated/Windows using Guid(9e4735eb76db74905bb10589191dc169) Importer(2089858483,d624ce77472d68a35037170ec1d2d27e) (ScriptedImporter) -> (artifact id: 'b9e232012a870fd492c57f0cd661ff41') in 0.000856791 seconds
Number of updated asset objects reloaded before import = 0Number of asset objects unloaded after import = 1

========================================================================
Received Import Request.
  Time since last request: 0.000045 seconds.
  path: Assets/Wwise/MonoBehaviour/Runtime/AkObstructionOcclusion.cs
  artifactKey: Guid(361345659f2f34aa8ab8ada3b3278da1) Importer(2089858483,d624ce77472d68a35037170ec1d2d27e)
Start importing Assets/Wwise/MonoBehaviour/Runtime/AkObstructionOcclusion.cs using Guid(361345659f2f34aa8ab8ada3b3278da1) Importer(2089858483,d624ce77472d68a35037170ec1d2d27e) (ScriptedImporter) -> (artifact id: '4da2da3451305342432ebfb5bc6f73c8') in 0.000916292 seconds
Number of updated asset objects reloaded before import = 0Number of asset objects unloaded after import = 0

========================================================================
Received Import Request.
  Time since last request: 0.000080 seconds.
  path: Assets/Wwise/API/Runtime/Generated/Common/AkRoomParams.cs
  artifactKey: Guid(ef46fcb8bbe5a41a28373bbeeb6fe454) Importer(2089858483,d624ce77472d68a35037170ec1d2d27e)
Start importing Assets/Wwise/API/Runtime/Generated/Common/AkRoomParams.cs using Guid(ef46fcb8bbe5a41a28373bbeeb6fe454) Importer(2089858483,d624ce77472d68a35037170ec1d2d27e) (ScriptedImporter) -> (artifact id: '8b317713c92c05d536f6e45263cac4bd') in 0.0010615 seconds
Number of updated asset objects reloaded before import = 0Number of asset objects unloaded after import = 0

========================================================================
Received Import Request.
  Time since last request: 0.000039 seconds.
  path: Assets/Wwise/API/Runtime/Handwritten/WAAPI/Uri.cs
  artifactKey: Guid(d658513ffa8584eeb852f34f132a0b9e) Importer(2089858483,d624ce77472d68a35037170ec1d2d27e)
Start importing Assets/Wwise/API/Runtime/Handwritten/WAAPI/Uri.cs using Guid(d658513ffa8584eeb852f34f132a0b9e) Importer(2089858483,d624ce77472d68a35037170ec1d2d27e) (ScriptedImporter) -> (artifact id: 'd4fdb1f2e1ea4098a19814cd027107f4') in 0.000948333 seconds
Number of updated asset objects reloaded before import = 0Number of asset objects unloaded after import = 0

========================================================================
Received Import Request.
  Time since last request: 0.000052 seconds.
  path: Assets/Wwise/MonoBehaviour/Editor/AkStateInspector.cs
  artifactKey: Guid(5eb2220c2cebb406c821c0a3bc529f02) Importer(2089858483,d624ce77472d68a35037170ec1d2d27e)
Start importing Assets/Wwise/MonoBehaviour/Editor/AkStateInspector.cs using Guid(5eb2220c2cebb406c821c0a3bc529f02) Importer(2089858483,d624ce77472d68a35037170ec1d2d27e) (ScriptedImporter) -> (artifact id: '162160bf6c8990c34d79e1f21332593b') in 0.000997 seconds
Number of updated asset objects reloaded before import = 0Number of asset objects unloaded after import = 0

========================================================================
Received Import Request.
  Time since last request: 0.000047 seconds.
  path: Assets/Wwise/API/Runtime
  artifactKey: Guid(d7e3b316a33e14a868966eca853113b2) Importer(2089858483,d624ce77472d68a35037170ec1d2d27e)
Start importing Assets/Wwise/API/Runtime using Guid(d7e3b316a33e14a868966eca853113b2) Importer(2089858483,d624ce77472d68a35037170ec1d2d27e) (ScriptedImporter) -> (artifact id: '245cd0ba40ad0d2cc78b3cfaeeaa9a9f') in 0.000805084 seconds
Number of updated asset objects reloaded before import = 0Number of asset objects unloaded after import = 1

========================================================================
Received Import Request.
  Time since last request: 0.000048 seconds.
  path: Assets/Wwise/API/Runtime/Generated/Common/AkMIDIEventTypes.cs
  artifactKey: Guid(f13dfb3587f7b4bef8cc5bd5bf3245f0) Importer(2089858483,d624ce77472d68a35037170ec1d2d27e)
Start importing Assets/Wwise/API/Runtime/Generated/Common/AkMIDIEventTypes.cs using Guid(f13dfb3587f7b4bef8cc5bd5bf3245f0) Importer(2089858483,d624ce77472d68a35037170ec1d2d27e) (ScriptedImporter) -> (artifact id: 'b66aa6c4857bf1b579ec3c49ade989b2') in 0.001039417 seconds
Number of updated asset objects reloaded before import = 0Number of asset objects unloaded after import = 0

========================================================================
Received Import Request.
  Time since last request: 0.000052 seconds.
  path: Assets/Wwise/API/Runtime/Generated/Mac/AkSoundEnginePINVOKE_Mac.cs
  artifactKey: Guid(86a6bbd607e6d4d2fa355d9f0d1eeefc) Importer(2089858483,d624ce77472d68a35037170ec1d2d27e)
Start importing Assets/Wwise/API/Runtime/Generated/Mac/AkSoundEnginePINVOKE_Mac.cs using Guid(86a6bbd607e6d4d2fa355d9f0d1eeefc) Importer(2089858483,d624ce77472d68a35037170ec1d2d27e) (ScriptedImporter) -> (artifact id: '1ac540d8d3665083767d5aa344b3182a') in 0.001109792 seconds
Number of updated asset objects reloaded before import = 0Number of asset objects unloaded after import = 0

========================================================================
Received Import Request.
  Time since last request: 0.000055 seconds.
  path: Assets/Wwise/API/Runtime/Generated/Common/AkGeometryInstanceParams.cs
  artifactKey: Guid(0d0f840b8b1384fda8311654e9a4d489) Importer(2089858483,d624ce77472d68a35037170ec1d2d27e)
Start importing Assets/Wwise/API/Runtime/Generated/Common/AkGeometryInstanceParams.cs using Guid(0d0f840b8b1384fda8311654e9a4d489) Importer(2089858483,d624ce77472d68a35037170ec1d2d27e) (ScriptedImporter) -> (artifact id: '71d8e2a91c07b96af72cceb7ab1ca669') in 0.00099275 seconds
Number of updated asset objects reloaded before import = 0Number of asset objects unloaded after import = 0

========================================================================
Received Import Request.
  Time since last request: 0.000037 seconds.
  path: Assets/Wwise/MonoBehaviour/Runtime/AkAmbient.cs
  artifactKey: Guid(ec2574b196f8d4d079a6ffb9faa2b1e7) Importer(2089858483,d624ce77472d68a35037170ec1d2d27e)
Start importing Assets/Wwise/MonoBehaviour/Runtime/AkAmbient.cs using Guid(ec2574b196f8d4d079a6ffb9faa2b1e7) Importer(2089858483,d624ce77472d68a35037170ec1d2d27e) (ScriptedImporter) -> (artifact id: '8aa49a47f854b9ab9a34734bbd8687e4') in 0.000880584 seconds
Number of updated asset objects reloaded before import = 0Number of asset objects unloaded after import = 0

========================================================================
Received Import Request.
  Time since last request: 0.000033 seconds.
  path: Assets/Wwise/API/Runtime/WwiseTypes/WwiseObjects/WwiseAuxBusReference.cs
  artifactKey: Guid(cf22f71a35d9f4f4a9a2ac563884f82f) Importer(2089858483,d624ce77472d68a35037170ec1d2d27e)
Start importing Assets/Wwise/API/Runtime/WwiseTypes/WwiseObjects/WwiseAuxBusReference.cs using Guid(cf22f71a35d9f4f4a9a2ac563884f82f) Importer(2089858483,d624ce77472d68a35037170ec1d2d27e) (ScriptedImporter) -> (artifact id: 'a68fe674cb6e960767587e97f95697d9') in 0.001042541 seconds
Number of updated asset objects reloaded before import = 0Number of asset objects unloaded after import = 0

========================================================================
Received Import Request.
  Time since last request: 0.000058 seconds.
  path: Assets/Wwise/MonoBehaviour/Runtime/AkTerminator.cs
  artifactKey: Guid(3afbd97461078444fb2b3d579fbf45d7) Importer(2089858483,d624ce77472d68a35037170ec1d2d27e)
Start importing Assets/Wwise/MonoBehaviour/Runtime/AkTerminator.cs using Guid(3afbd97461078444fb2b3d579fbf45d7) Importer(2089858483,d624ce77472d68a35037170ec1d2d27e) (ScriptedImporter) -> (artifact id: '7b9e2664187fcf43c0f12aa3059ada70') in 0.001049042 seconds
Number of updated asset objects reloaded before import = 0Number of asset objects unloaded after import = 0

========================================================================
Received Import Request.
  Time since last request: 0.000062 seconds.
  path: Assets/Wwise/API/Runtime/Handwritten/Common/Arrays/AkAcousticSurfaceArray.cs
  artifactKey: Guid(d4efab6538aee44369a1e93845bb1aea) Importer(2089858483,d624ce77472d68a35037170ec1d2d27e)
Start importing Assets/Wwise/API/Runtime/Handwritten/Common/Arrays/AkAcousticSurfaceArray.cs using Guid(d4efab6538aee44369a1e93845bb1aea) Importer(2089858483,d624ce77472d68a35037170ec1d2d27e) (ScriptedImporter) -> (artifact id: '3ccba4fd4a12bb1022a7233fd3befe20') in 0.001023667 seconds
Number of updated asset objects reloaded before import = 0Number of asset objects unloaded after import = 0

========================================================================
Received Import Request.
  Time since last request: 0.000041 seconds.
  path: Assets/Wwise/MonoBehaviour/Runtime/AkTriggerExit.cs
  artifactKey: Guid(3b2f384f85ff34a27914737702d2e2bd) Importer(2089858483,d624ce77472d68a35037170ec1d2d27e)
Start importing Assets/Wwise/MonoBehaviour/Runtime/AkTriggerExit.cs using Guid(3b2f384f85ff34a27914737702d2e2bd) Importer(2089858483,d624ce77472d68a35037170ec1d2d27e) (ScriptedImporter) -> (artifact id: '6a71a312f05b3937b4ba996ca97ff112') in 0.0011825 seconds
Number of updated asset objects reloaded before import = 0Number of asset objects unloaded after import = 0

========================================================================
Received Import Request.
  Time since last request: 0.000033 seconds.
  path: Assets/Wwise/API/Runtime/AkSoundEngine.extensions.cs
  artifactKey: Guid(a3fe5b45630fc4e54b4778f25851ddea) Importer(2089858483,d624ce77472d68a35037170ec1d2d27e)
Start importing Assets/Wwise/API/Runtime/AkSoundEngine.extensions.cs using Guid(a3fe5b45630fc4e54b4778f25851ddea) Importer(2089858483,d624ce77472d68a35037170ec1d2d27e) (ScriptedImporter) -> (artifact id: '0acd1e1e96bd5aaf3d1ec93e7261bfb3') in 0.001096333 seconds
Number of updated asset objects reloaded before import = 0Number of asset objects unloaded after import = 0

========================================================================
Received Import Request.
  Time since last request: 0.000034 seconds.
  path: Assets/Wwise/API/Runtime/WwiseTypes/WwiseTypes/AkWwiseAcousticTexture.cs
  artifactKey: Guid(9825839910963478d84110c5cc8772c0) Importer(2089858483,d624ce77472d68a35037170ec1d2d27e)
Start importing Assets/Wwise/API/Runtime/WwiseTypes/WwiseTypes/AkWwiseAcousticTexture.cs using Guid(9825839910963478d84110c5cc8772c0) Importer(2089858483,d624ce77472d68a35037170ec1d2d27e) (ScriptedImporter) -> (artifact id: '805893d239ab3538f9e9fdd11d3e0f0d') in 0.001159 seconds
Number of updated asset objects reloaded before import = 0Number of asset objects unloaded after import = 0

========================================================================
Received Import Request.
  Time since last request: 0.000049 seconds.
  path: Assets/Scripts/TowerDefense/MeshCreator
  artifactKey: Guid(40ab8c7d868ca4b88a7d4ea2a0bfcbb7) Importer(2089858483,d624ce77472d68a35037170ec1d2d27e)
Start importing Assets/Scripts/TowerDefense/MeshCreator using Guid(40ab8c7d868ca4b88a7d4ea2a0bfcbb7) Importer(2089858483,d624ce77472d68a35037170ec1d2d27e) (ScriptedImporter) -> (artifact id: '3f314fbdccd7beeb8bc7ab1e1b710dfb') in 0.000900583 seconds
Number of updated asset objects reloaded before import = 0Number of asset objects unloaded after import = 1

========================================================================
Received Import Request.
  Time since last request: 0.000026 seconds.
  path: Assets/Wwise/API/Runtime/Generated/Common/AkMonitoringCallbackInfo.cs
  artifactKey: Guid(367bb24cc0fc342949a8801dbe0c2698) Importer(2089858483,d624ce77472d68a35037170ec1d2d27e)
Start importing Assets/Wwise/API/Runtime/Generated/Common/AkMonitoringCallbackInfo.cs using Guid(367bb24cc0fc342949a8801dbe0c2698) Importer(2089858483,d624ce77472d68a35037170ec1d2d27e) (ScriptedImporter) -> (artifact id: '34bccac4c0aaee94b26479bf37660f71') in 0.001114292 seconds
Number of updated asset objects reloaded before import = 0Number of asset objects unloaded after import = 0

========================================================================
Received Import Request.
  Time since last request: 0.000034 seconds.
  path: Assets/Wwise/API/Runtime/WwiseTypes/WwiseObjects/WwiseEventReference.cs
  artifactKey: Guid(4965ae55aae92461bb195c03b11bf698) Importer(2089858483,d624ce77472d68a35037170ec1d2d27e)
Start importing Assets/Wwise/API/Runtime/WwiseTypes/WwiseObjects/WwiseEventReference.cs using Guid(4965ae55aae92461bb195c03b11bf698) Importer(2089858483,d624ce77472d68a35037170ec1d2d27e) (ScriptedImporter) -> (artifact id: 'ba325c24fec7c69fa5d1988e24fe30d5') in 0.000939042 seconds
Number of updated asset objects reloaded before import = 0Number of asset objects unloaded after import = 0

========================================================================
Received Import Request.
  Time since last request: 0.000055 seconds.
  path: Assets/Wwise/API/Runtime/Generated/Common/AkBankCallbackInfo.cs
  artifactKey: Guid(51bb06810db054cefaf651812aab4312) Importer(2089858483,d624ce77472d68a35037170ec1d2d27e)
Start importing Assets/Wwise/API/Runtime/Generated/Common/AkBankCallbackInfo.cs using Guid(51bb06810db054cefaf651812aab4312) Importer(2089858483,d624ce77472d68a35037170ec1d2d27e) (ScriptedImporter) -> (artifact id: '4f2f7628d7c789e48462840474410c23') in 0.000987333 seconds
Number of updated asset objects reloaded before import = 0Number of asset objects unloaded after import = 0

========================================================================
Received Import Request.
  Time since last request: 0.000063 seconds.
  path: Assets/Wwise/Tools/AddressableUpdater
  artifactKey: Guid(34aca90428c83437aa9ad77e4e0c65c9) Importer(2089858483,d624ce77472d68a35037170ec1d2d27e)
Start importing Assets/Wwise/Tools/AddressableUpdater using Guid(34aca90428c83437aa9ad77e4e0c65c9) Importer(2089858483,d624ce77472d68a35037170ec1d2d27e) (ScriptedImporter) -> (artifact id: 'c4e1b0ffacf55581069c9fa00905963d') in 0.000810375 seconds
Number of updated asset objects reloaded before import = 0Number of asset objects unloaded after import = 1

========================================================================
Received Import Request.
  Time since last request: 0.000047 seconds.
  path: Assets/Wwise/MonoBehaviour/Runtime/AkSoundEngineController.cs
  artifactKey: Guid(1ab8d0a333fdb4540b8e5e29b61f4904) Importer(2089858483,d624ce77472d68a35037170ec1d2d27e)
Start importing Assets/Wwise/MonoBehaviour/Runtime/AkSoundEngineController.cs using Guid(1ab8d0a333fdb4540b8e5e29b61f4904) Importer(2089858483,d624ce77472d68a35037170ec1d2d27e) (ScriptedImporter) -> (artifact id: '058af91a5d358728dd2a5f26f32f3860') in 0.000976792 seconds
Number of updated asset objects reloaded before import = 0Number of asset objects unloaded after import = 0

========================================================================
Received Import Request.
  Time since last request: 0.000034 seconds.
  path: Assets/Wwise/Timeline/Runtime/AK.Wwise.Unity.Timeline.asmdef
  artifactKey: Guid(44f5da7d6160b4062be83c1e153edd28) Importer(2089858483,d624ce77472d68a35037170ec1d2d27e)
Start importing Assets/Wwise/Timeline/Runtime/AK.Wwise.Unity.Timeline.asmdef using Guid(44f5da7d6160b4062be83c1e153edd28) Importer(2089858483,d624ce77472d68a35037170ec1d2d27e) (ScriptedImporter) -> (artifact id: '6b51480fc4fc04c537c67253fc64d7d4') in 0.001324208 seconds
Number of updated asset objects reloaded before import = 0Number of asset objects unloaded after import = 1

========================================================================
Received Import Request.
  Time since last request: 0.000079 seconds.
  path: Assets/Wwise/API/Runtime/Handwritten/Common/Arrays
  artifactKey: Guid(82d26f6f40aff4e6c9670982c8934112) Importer(2089858483,d624ce77472d68a35037170ec1d2d27e)
Start importing Assets/Wwise/API/Runtime/Handwritten/Common/Arrays using Guid(82d26f6f40aff4e6c9670982c8934112) Importer(2089858483,d624ce77472d68a35037170ec1d2d27e) (ScriptedImporter) -> (artifact id: 'b5e9016cf2bba3b267bfd2b289a02986') in 0.001007917 seconds
Number of updated asset objects reloaded before import = 0Number of asset objects unloaded after import = 1

========================================================================
Received Import Request.
  Time since last request: 0.000033 seconds.
  path: Assets/Models/Towers/Rocket
  artifactKey: Guid(7da2b86401a6d4ec6b6853fe2ba6d4b4) Importer(2089858483,d624ce77472d68a35037170ec1d2d27e)
Start importing Assets/Models/Towers/Rocket using Guid(7da2b86401a6d4ec6b6853fe2ba6d4b4) Importer(2089858483,d624ce77472d68a35037170ec1d2d27e) (ScriptedImporter) -> (artifact id: '3441094250e3618d21ba25a043408b6b') in 0.000977667 seconds
Number of updated asset objects reloaded before import = 0Number of asset objects unloaded after import = 1

========================================================================
Received Import Request.
  Time since last request: 0.000051 seconds.
  path: Assets/Models/Projectiles
  artifactKey: Guid(e9ceb9b2a402b46d682afc4122bccb77) Importer(2089858483,d624ce77472d68a35037170ec1d2d27e)
Start importing Assets/Models/Projectiles using Guid(e9ceb9b2a402b46d682afc4122bccb77) Importer(2089858483,d624ce77472d68a35037170ec1d2d27e) (ScriptedImporter) -> (artifact id: '088f2dae098ea005258c656e2a3159a3') in 0.001004916 seconds
Number of updated asset objects reloaded before import = 0Number of asset objects unloaded after import = 1

========================================================================
Received Import Request.
  Time since last request: 0.000038 seconds.
  path: Assets/Data/Alignments
  artifactKey: Guid(3d7f8cacb90104ee9939a6647a56fb4d) Importer(2089858483,d624ce77472d68a35037170ec1d2d27e)
Start importing Assets/Data/Alignments using Guid(3d7f8cacb90104ee9939a6647a56fb4d) Importer(2089858483,d624ce77472d68a35037170ec1d2d27e) (ScriptedImporter) -> (artifact id: '21fac47f8e664cccdf068031239d92c4') in 0.001016583 seconds
Number of updated asset objects reloaded before import = 0Number of asset objects unloaded after import = 1

========================================================================
Received Import Request.
  Time since last request: 0.000046 seconds.
  path: Assets/Wwise/MonoBehaviour/Editor/EditorPlatformHelpers/Mac
  artifactKey: Guid(3b9426fd4e0584f03a2088a4816194b4) Importer(2089858483,d624ce77472d68a35037170ec1d2d27e)
Start importing Assets/Wwise/MonoBehaviour/Editor/EditorPlatformHelpers/Mac using Guid(3b9426fd4e0584f03a2088a4816194b4) Importer(2089858483,d624ce77472d68a35037170ec1d2d27e) (ScriptedImporter) -> (artifact id: '1b02e920e6355a1508215080cf55cea4') in 0.000992 seconds
Number of updated asset objects reloaded before import = 0Number of asset objects unloaded after import = 1

========================================================================
Received Import Request.
  Time since last request: 0.000025 seconds.
  path: Assets/Particles
  artifactKey: Guid(299dd29a0c6a94c969a7a4840a602b8d) Importer(2089858483,d624ce77472d68a35037170ec1d2d27e)
Start importing Assets/Particles using Guid(299dd29a0c6a94c969a7a4840a602b8d) Importer(2089858483,d624ce77472d68a35037170ec1d2d27e) (ScriptedImporter) -> (artifact id: '1cd96b4b8965997b4b8599e6c6797ddc') in 0.000985875 seconds
Number of updated asset objects reloaded before import = 0Number of asset objects unloaded after import = 1

========================================================================
Received Import Request.
  Time since last request: 0.000037 seconds.
  path: Assets/Scenes/Levels/Level1/Level1
  artifactKey: Guid(6fe02822fc5e24e9e9a8577215aa1c24) Importer(2089858483,d624ce77472d68a35037170ec1d2d27e)
Start importing Assets/Scenes/Levels/Level1/Level1 using Guid(6fe02822fc5e24e9e9a8577215aa1c24) Importer(2089858483,d624ce77472d68a35037170ec1d2d27e) (ScriptedImporter) -> (artifact id: 'c30311bdb7f63663ef48cd32f61e23d4') in 0.000952041 seconds
Number of updated asset objects reloaded before import = 0Number of asset objects unloaded after import = 1

========================================================================
Received Import Request.
  Time since last request: 0.000084 seconds.
  path: Assets/Wwise/API/Runtime/Generated/Common/AkAudioSourceChangeCallbackInfo.cs
  artifactKey: Guid(9af5568f9e89b4e58a910355b07472ec) Importer(2089858483,d624ce77472d68a35037170ec1d2d27e)
Start importing Assets/Wwise/API/Runtime/Generated/Common/AkAudioSourceChangeCallbackInfo.cs using Guid(9af5568f9e89b4e58a910355b07472ec) Importer(2089858483,d624ce77472d68a35037170ec1d2d27e) (ScriptedImporter) -> (artifact id: '3f958b3628cb532ec5221e3e33645b99') in 0.001422208 seconds
Number of updated asset objects reloaded before import = 0Number of asset objects unloaded after import = 0

========================================================================
Received Prepare
Begin MonoManager ReloadAssembly
[Licensing::Client] Successfully resolved entitlement details
[Licensing::Module] License group:
  Id: F4-MDDQ-UTMJ-XCKQ-XTS6-XXXX
  Product: Unity Personal
  Type: ULF
  Expiration: Unlimited
[Licensing::Module] License group:
  Id: 59760-UnityPersXXXX
  Product: Unity Personal
  Type: Assigned
  Expiration: Unlimited
Thread 0x16f0e3000 may have been prematurely finalized
ADTM: Control thread waiting for realtime thread timed out, have to lock...
Symbol file LoadedFromMemory is not a mono symbol file
- Loaded All Assemblies, in  1.306 seconds
Refreshing native plugins compatible for Editor in 2.20 ms, found 2 plugins.
Native extension for OSXStandalone target not found
Refreshing native plugins compatible for Editor in 1.66 ms, found 2 plugins.
[Package Manager] Failed to launch server process. Reason: Unity was launched with the -noUpm command-line argument
[Package Manager] Unable to send message (not connected to server process).
[Package Manager] Cannot connect to Unity Package Manager local server
Mono: successfully reloaded assembly
- Finished resetting the current domain, in  0.519 seconds
Domain Reload Profiling: 1825ms
	BeginReloadAssembly (1092ms)
		ExecutionOrderSort (0ms)
		DisableScriptedObjects (4ms)
		BackupInstance (0ms)
		ReleaseScriptingObjects (0ms)
		CreateAndSetChildDomain (1027ms)
	RebuildCommonClasses (24ms)
	RebuildNativeTypeToScriptingClass (9ms)
	initialDomainReloadingComplete (12ms)
	LoadAllAssembliesAndSetupDomain (168ms)
		LoadAssemblies (141ms)
		RebuildTransferFunctionScriptingTraits (0ms)
		AnalyzeDomain (59ms)
			TypeCache.Refresh (4ms)
				TypeCache.ScanAssembly (0ms)
			BuildScriptInfoCaches (51ms)
			ResolveRequiredComponents (3ms)
	FinalizeReload (519ms)
		ReleaseScriptCaches (0ms)
		RebuildScriptCaches (0ms)
		SetupLoadedEditorAssemblies (451ms)
			LogAssemblyErrors (0ms)
			InitializePlatformSupportModulesInManaged (1ms)
			SetLoadedEditorAssemblies (2ms)
			BeforeProcessingInitializeOnLoad (102ms)
			ProcessInitializeOnLoadAttributes (238ms)
			ProcessInitializeOnLoadMethodAttributes (107ms)
			AfterProcessingInitializeOnLoad (1ms)
			EditorAssembliesLoaded (0ms)
		ExecutionOrderSort2 (0ms)
		AwakeInstancesAfterBackupRestoration (2ms)
Refreshing native plugins compatible for Editor in 2.60 ms, found 2 plugins.
Preloading 0 native plugins for Editor in 0.00 ms.
Unloading 4 Unused Serialized files (Serialized files now loaded: 0)
Unloading 3423 unused Assets / (1.0 MB). Loaded Objects now: 4011.
Memory consumption went from 130.1 MB to 129.1 MB.
Total: 9.174500 ms (FindLiveObjects: 0.195125 ms CreateObjectMapping: 0.066291 ms MarkObjects: 8.377750 ms  DeleteObjects: 0.534917 ms)

Prepare: number of updated asset objects reloaded= 0
Editor requested this worker to shutdown with reason: Scaling down because of idle timeout
AssetImportWorker is now disconnected from the server
Process exiting
