Unity Editor version:    6000.3.2f1 (a9779f353c9b)
Branch:                  6000.3/staging
Build type:              Release
Batch mode:              YES
macOS version:           Version 26.2 (Build 25C56)
Darwin version:          25.2.0
Architecture:            arm64
Running under Rosetta:   NO
Available memory:        65536 MB
Date:                    2026-01-05T03:10:20Z
[Licensing::Module] Trying to connect to existing licensing client channel...
[Licensing::IpcConnector] Successfully connected to: "LicenseClient-michaelsweet" at "2026-01-05T03:10:20.007192Z"

COMMAND LINE ARGUMENTS:
/Applications/Unity/Hub/Editor/6000.3.2f1/Unity.app/Contents/MacOS/Unity
-adb2
-batchMode
-noUpm
-name
AssetImportWorker1
-projectPath
/Users/michaelsweet/Documents/Work/Berklee/GIT-NEW/Unity-Wwise-Game-Template-TowerDefense
-logFile
Logs/AssetImportWorker1.log
-srvPort
51450
-licensingIpc
LicenseClient-michaelsweet
-job-worker-count
7
-background-job-worker-count
8
-gc-helper-count
1
-name AssetImport
Successfully changed project path to: /Users/michaelsweet/Documents/Work/Berklee/GIT-NEW/Unity-Wwise-Game-Template-TowerDefense
/Users/michaelsweet/Documents/Work/Berklee/GIT-NEW/Unity-Wwise-Game-Template-TowerDefense
[UnityMemory] Configuration Parameters - Can be set up in boot.config
    "memorysetup-allocator-temp-initial-block-size-main=262144"
    "memorysetup-allocator-temp-initial-block-size-worker=262144"
    "memorysetup-temp-allocator-size-background-worker=32768"
    "memorysetup-temp-allocator-size-job-worker=262144"
    "memorysetup-temp-allocator-size-preload-manager=33554432"
    "memorysetup-temp-allocator-size-nav-mesh-worker=65536"
    "memorysetup-temp-allocator-size-audio-worker=65536"
    "memorysetup-temp-allocator-size-cloud-worker=32768"
    "memorysetup-bucket-allocator-granularity=16"
    "memorysetup-bucket-allocator-bucket-count=8"
    "memorysetup-bucket-allocator-block-size=33554432"
    "memorysetup-bucket-allocator-block-count=8"
    "memorysetup-main-allocator-block-size=16777216"
    "memorysetup-thread-allocator-block-size=16777216"
    "memorysetup-gfx-main-allocator-block-size=16777216"
    "memorysetup-gfx-thread-allocator-block-size=16777216"
    "memorysetup-cache-allocator-block-size=4194304"
    "memorysetup-typetree-allocator-block-size=2097152"
    "memorysetup-profiler-bucket-allocator-granularity=16"
    "memorysetup-profiler-bucket-allocator-bucket-count=8"
    "memorysetup-profiler-bucket-allocator-block-size=33554432"
    "memorysetup-profiler-bucket-allocator-block-count=8"
    "memorysetup-profiler-allocator-block-size=16777216"
    "memorysetup-profiler-editor-allocator-block-size=1048576"
    "memorysetup-temp-allocator-size-main=16777216"
    "memorysetup-job-temp-allocator-block-size=2097152"
    "memorysetup-job-temp-allocator-block-size-background=1048576"
    "memorysetup-job-temp-allocator-reduction-small-platforms=262144"
    "memorysetup-temp-allocator-size-gi-baking-worker=262144"
    "memorysetup-temp-allocator-size-gi-baking-worker=262144"
    "memorysetup-temp-allocator-size-gi-baking-worker=262144"
    "memorysetup-temp-allocator-size-gi-baking-worker=262144"
    "memorysetup-temp-allocator-size-gi-baking-worker=262144"
    "memorysetup-temp-allocator-size-gfx=262144"
Player connection [8715119680]  Target information:

Player connection [8715119680]  * "[IP] 192.168.86.43 [Port] 0 [Flags] 2 [Guid] 2388597929 [EditorId] 2388597929 [Version] 1048832 [Id] OSXEditor(0,michaels-m3-max.lan) [Debug] 1 [PackageName] OSXEditor [ProjectName] Editor" 

Player connection [8715119680]  * "[IP] 192.168.86.29 [Port] 0 [Flags] 2 [Guid] 2388597929 [EditorId] 2388597929 [Version] 1048832 [Id] OSXEditor(0,michaels-m3-max.lan) [Debug] 1 [PackageName] OSXEditor [ProjectName] Editor" 

Player connection [8715119680] Host joined multi-casting on [225.0.0.222:54997]...
Player connection [8715119680] Host joined alternative multi-casting on [225.0.0.222:34997]...
JobSystem: Creating JobQueue using job-worker-count value 7
Input System module state changed to: Initialized.
[Physics::Module] Initialized fallback backend.
[Physics::Module] Id: 0xdecafbad
Library Redirect Path: Library/
[Physics::Module] Selected backend.
[Physics::Module] Name: PhysX
[Physics::Module] Id: 0xf2b8ea05
[Physics::Module] SDK Version: 4.1.2
[Physics::Module] Integration Version: 1.0.0
[Physics::Module] Threading Mode: Multi-Threaded
Refreshing native plugins compatible for Editor in 6.22 ms, found 2 plugins.
Preloading 0 native plugins for Editor in 0.00 ms.
Initialize engine version: 6000.3.2f1 (a9779f353c9b)
[Subsystems] Discovering subsystems at path /Applications/Unity/Hub/Editor/6000.3.2f1/Unity.app/Contents/Resources/UnitySubsystems
[Subsystems] Discovering subsystems at path /Users/michaelsweet/Documents/Work/Berklee/GIT-NEW/Unity-Wwise-Game-Template-TowerDefense/Assets
GfxDevice: creating device client; kGfxThreadingModeNonThreaded
 preferred device: Apple M3 Max (high power)
Metal devices available: 1
0: Apple M3 Max (high power)
Using device Apple M3 Max (high power)
Initializing Metal device caps: Apple M3 Max
Mac GPU Family: 2
Apple GPU Family: 9
MSL Version: 3.0
Has Float MSAA: 1
Has Float Filtering: 1
ReadWrite Texture Tier: 2
Initialize mono
Mono path[0] = '/Applications/Unity/Hub/Editor/6000.3.2f1/Unity.app/Contents/Resources/Scripting/Managed'
Mono path[1] = '/Applications/Unity/Hub/Editor/6000.3.2f1/Unity.app/Contents/Resources/Scripting/MonoBleedingEdge/lib/mono/unityjit-macos'
Mono config path = '/Applications/Unity/Hub/Editor/6000.3.2f1/Unity.app/Contents/Resources/Scripting/MonoBleedingEdge/etc'
Using monoOptions --debugger-agent=transport=dt_socket,embedding=1,server=y,suspend=n,address=127.0.0.1:56282
Begin MonoManager ReloadAssembly
[Licensing::Client] Handshaking with LicensingClient:
  Version:                 1.17.4+4293ba1
  Session Id:              919dfbfedc9f4c5a95708a0af8d07df4
  Correlation Id:          efac2a3520ee392f23b9d5d9077704ec
  External correlation Id: 3990282189486052821
  Machine Id:              og3c7pcNUI9x9MDwb46jxOcnyes=
[Licensing::Module] Successfully connected to LicensingClient on channel: "LicenseClient-michaelsweet" (connect: 0.00s, validation: 0.00s, handshake: 0.27s)
[Licensing::IpcConnector] Successfully connected to: "LicenseClient-michaelsweet-notifications" at "2026-01-05T03:10:20.282145Z"
[Licensing::Module] Licensing Background thread has ended after 0.27s
Registering precompiled unity dll's ...
Register platform support module: /Applications/Unity/Hub/Editor/6000.3.2f1/Unity.app/Contents/PlaybackEngines/MacStandaloneSupport/UnityEditor.OSXStandalone.Extensions.dll
Registered in 0.000331 seconds.
- Loaded All Assemblies, in  0.204 seconds
Native extension for OSXStandalone target not found
Mono: successfully reloaded assembly
- Finished resetting the current domain, in  0.240 seconds
Domain Reload Profiling: 444ms
	BeginReloadAssembly (44ms)
		ExecutionOrderSort (0ms)
		DisableScriptedObjects (0ms)
		BackupInstance (0ms)
		ReleaseScriptingObjects (0ms)
		CreateAndSetChildDomain (0ms)
	RebuildCommonClasses (24ms)
	RebuildNativeTypeToScriptingClass (10ms)
	initialDomainReloadingComplete (22ms)
	LoadAllAssembliesAndSetupDomain (104ms)
		LoadAssemblies (43ms)
		RebuildTransferFunctionScriptingTraits (0ms)
		AnalyzeDomain (102ms)
			TypeCache.Refresh (101ms)
				TypeCache.ScanAssembly (93ms)
			BuildScriptInfoCaches (0ms)
			ResolveRequiredComponents (0ms)
	FinalizeReload (240ms)
		ReleaseScriptCaches (0ms)
		RebuildScriptCaches (0ms)
		SetupLoadedEditorAssemblies (213ms)
			LogAssemblyErrors (0ms)
			InitializePlatformSupportModulesInManaged (26ms)
			SetLoadedEditorAssemblies (3ms)
			BeforeProcessingInitializeOnLoad (55ms)
			ProcessInitializeOnLoadAttributes (86ms)
			ProcessInitializeOnLoadMethodAttributes (44ms)
			AfterProcessingInitializeOnLoad (0ms)
			EditorAssembliesLoaded (0ms)
		ExecutionOrderSort2 (0ms)
		AwakeInstancesAfterBackupRestoration (0ms)
[CoreBusinessMetrics] Unexpected thread when updating session info.
========================================================================
Worker process is ready to serve import requests
Import Worker Mode flag is 0x00
Begin MonoManager ReloadAssembly
[Licensing::Client] Successfully resolved entitlement details
[Licensing::Module] License group:
  Id: F4-MDDQ-UTMJ-XCKQ-XTS6-XXXX
  Product: Unity Personal
  Type: ULF
  Expiration: Unlimited
[Licensing::Module] License group:
  Id: 59760-UnityPersXXXX
  Product: Unity Personal
  Type: Assigned
  Expiration: Unlimited
Symbol file LoadedFromMemory is not a mono symbol file
- Loaded All Assemblies, in  0.310 seconds
Refreshing native plugins compatible for Editor in 1.45 ms, found 2 plugins.
Native extension for OSXStandalone target not found
Refreshing native plugins compatible for Editor in 1.88 ms, found 2 plugins.
Package Manager log level set to [2]
[Package Manager] Failed to launch server process. Reason: Unity was launched with the -noUpm command-line argument
[Package Manager] Unable to send message (not connected to server process).
[Package Manager] Cannot connect to Unity Package Manager local server
Mono: successfully reloaded assembly
- Finished resetting the current domain, in  0.500 seconds
Domain Reload Profiling: 809ms
	BeginReloadAssembly (75ms)
		ExecutionOrderSort (0ms)
		DisableScriptedObjects (3ms)
		BackupInstance (0ms)
		ReleaseScriptingObjects (0ms)
		CreateAndSetChildDomain (15ms)
	RebuildCommonClasses (23ms)
	RebuildNativeTypeToScriptingClass (10ms)
	initialDomainReloadingComplete (18ms)
	LoadAllAssembliesAndSetupDomain (184ms)
		LoadAssemblies (135ms)
		RebuildTransferFunctionScriptingTraits (0ms)
		AnalyzeDomain (82ms)
			TypeCache.Refresh (63ms)
				TypeCache.ScanAssembly (52ms)
			BuildScriptInfoCaches (15ms)
			ResolveRequiredComponents (3ms)
	FinalizeReload (500ms)
		ReleaseScriptCaches (0ms)
		RebuildScriptCaches (0ms)
		SetupLoadedEditorAssemblies (436ms)
			LogAssemblyErrors (0ms)
			InitializePlatformSupportModulesInManaged (1ms)
			SetLoadedEditorAssemblies (2ms)
			BeforeProcessingInitializeOnLoad (94ms)
			ProcessInitializeOnLoadAttributes (237ms)
			ProcessInitializeOnLoadMethodAttributes (102ms)
			AfterProcessingInitializeOnLoad (1ms)
			EditorAssembliesLoaded (0ms)
		ExecutionOrderSort2 (0ms)
		AwakeInstancesAfterBackupRestoration (1ms)
Launching external process: /Applications/Unity/Hub/Editor/6000.3.2f1/Unity.app/Contents/Helpers/UnityShaderCompiler
Launched and connected shader compiler UnityShaderCompiler after 0.03 seconds
Refreshing native plugins compatible for Editor in 2.05 ms, found 2 plugins.
Preloading 0 native plugins for Editor in 0.00 ms.
Unloading 4 Unused Serialized files (Serialized files now loaded: 0)
Unloading 3425 unused Assets / (1.1 MB). Loaded Objects now: 4006.
Memory consumption went from 101.7 MB to 100.6 MB.
Total: 9.144542 ms (FindLiveObjects: 0.341583 ms CreateObjectMapping: 0.069708 ms MarkObjects: 8.142584 ms  DeleteObjects: 0.590292 ms)

========================================================================
Received Import Request.
  Time since last request: 5224.851907 seconds.
  path: Assets/Wwise/Gizmos/wwise_white_on_gray.png
  artifactKey: Guid(cb0b96506b33d45fd989f33ae8757e0e) Importer(2089858483,d624ce77472d68a35037170ec1d2d27e)
Start importing Assets/Wwise/Gizmos/wwise_white_on_gray.png using Guid(cb0b96506b33d45fd989f33ae8757e0e) Importer(2089858483,d624ce77472d68a35037170ec1d2d27e) (ScriptedImporter) -> (artifact id: '16ca5de40b745763d1190ee033380fcb') in 0.054294834 seconds
Number of updated asset objects reloaded before import = 0Number of asset objects unloaded after import = 1

========================================================================
Received Import Request.
  Time since last request: 0.000033 seconds.
  path: Assets/Wwise/API/Runtime/Handwritten/Windows
  artifactKey: Guid(c2d15566547374896ae7be27f1202989) Importer(2089858483,d624ce77472d68a35037170ec1d2d27e)
Start importing Assets/Wwise/API/Runtime/Handwritten/Windows using Guid(c2d15566547374896ae7be27f1202989) Importer(2089858483,d624ce77472d68a35037170ec1d2d27e) (ScriptedImporter) -> (artifact id: '1117df4a7024390b138ffbe19672d7ad') in 0.001292916 seconds
Number of updated asset objects reloaded before import = 0Number of asset objects unloaded after import = 1

========================================================================
Received Import Request.
  Time since last request: 0.000126 seconds.
  path: Assets/Documentation
  artifactKey: Guid(cf771ba58cee7014abd88eb97fd2ac0b) Importer(2089858483,d624ce77472d68a35037170ec1d2d27e)
Start importing Assets/Documentation using Guid(cf771ba58cee7014abd88eb97fd2ac0b) Importer(2089858483,d624ce77472d68a35037170ec1d2d27e) (ScriptedImporter) -> (artifact id: 'f95648b12bab48669a699534a1569379') in 0.001092458 seconds
Number of updated asset objects reloaded before import = 0Number of asset objects unloaded after import = 1

========================================================================
Received Import Request.
  Time since last request: 0.000095 seconds.
  path: Assets/Wwise/API/Editor/WwiseWindows/AkWwiseTreeWAAPIDataSource.cs
  artifactKey: Guid(21fdeea8619154a2b9a6665ffe701c1d) Importer(2089858483,d624ce77472d68a35037170ec1d2d27e)
Start importing Assets/Wwise/API/Editor/WwiseWindows/AkWwiseTreeWAAPIDataSource.cs using Guid(21fdeea8619154a2b9a6665ffe701c1d) Importer(2089858483,d624ce77472d68a35037170ec1d2d27e) (ScriptedImporter) -> (artifact id: '711f9aa4a9d041d9e88ca3545f092c94') in 0.005098917 seconds
Number of updated asset objects reloaded before import = 0Number of asset objects unloaded after import = 0

========================================================================
Received Import Request.
  Time since last request: 0.000088 seconds.
  path: Assets/Wwise/API/Runtime/Handwritten/Common/Arrays/AkExternalSourceInfoArray.cs
  artifactKey: Guid(f7678af3563474a7dbaa62a6d9b39745) Importer(2089858483,d624ce77472d68a35037170ec1d2d27e)
Start importing Assets/Wwise/API/Runtime/Handwritten/Common/Arrays/AkExternalSourceInfoArray.cs using Guid(f7678af3563474a7dbaa62a6d9b39745) Importer(2089858483,d624ce77472d68a35037170ec1d2d27e) (ScriptedImporter) -> (artifact id: '767223d62e4754988e362ce54e264659') in 0.00136 seconds
Number of updated asset objects reloaded before import = 0Number of asset objects unloaded after import = 0

========================================================================
Received Import Request.
  Time since last request: 0.000075 seconds.
  path: Assets/Wwise/API/Runtime/Generated/Common/AkResourceMonitorDataSummary.cs
  artifactKey: Guid(b3c6fc3c202c74464a66320ee7cbba81) Importer(2089858483,d624ce77472d68a35037170ec1d2d27e)
Start importing Assets/Wwise/API/Runtime/Generated/Common/AkResourceMonitorDataSummary.cs using Guid(b3c6fc3c202c74464a66320ee7cbba81) Importer(2089858483,d624ce77472d68a35037170ec1d2d27e) (ScriptedImporter) -> (artifact id: '4cf41e39fab72f340acc0accc6dcf0e5') in 0.001162541 seconds
Number of updated asset objects reloaded before import = 0Number of asset objects unloaded after import = 0

========================================================================
Received Import Request.
  Time since last request: 0.000077 seconds.
  path: Assets/Wwise/MonoBehaviour/Runtime/AkGameObjPositionData.cs
  artifactKey: Guid(c8039b625a8284adaab62348140f72c6) Importer(2089858483,d624ce77472d68a35037170ec1d2d27e)
Start importing Assets/Wwise/MonoBehaviour/Runtime/AkGameObjPositionData.cs using Guid(c8039b625a8284adaab62348140f72c6) Importer(2089858483,d624ce77472d68a35037170ec1d2d27e) (ScriptedImporter) -> (artifact id: '815354c85f1a66d0ae46f33544905bc2') in 0.00113175 seconds
Number of updated asset objects reloaded before import = 0Number of asset objects unloaded after import = 0

========================================================================
Received Import Request.
  Time since last request: 0.000101 seconds.
  path: Assets/Wwise/API/Runtime/Generated/Common/AkMIDICcTypes.cs
  artifactKey: Guid(703d0d5de2593442c81a1dbc31251a0e) Importer(2089858483,d624ce77472d68a35037170ec1d2d27e)
Start importing Assets/Wwise/API/Runtime/Generated/Common/AkMIDICcTypes.cs using Guid(703d0d5de2593442c81a1dbc31251a0e) Importer(2089858483,d624ce77472d68a35037170ec1d2d27e) (ScriptedImporter) -> (artifact id: 'c0f71222de99f50e0aa2ecc47069d978') in 0.001156084 seconds
Number of updated asset objects reloaded before import = 0Number of asset objects unloaded after import = 0

========================================================================
Received Import Request.
  Time since last request: 0.000086 seconds.
  path: Assets/Wwise/API/Runtime/Plugins/Windows/x86/Release/AkSoundEngine.dll
  artifactKey: Guid(348e514904d8b4f9296457399572b685) Importer(2089858483,d624ce77472d68a35037170ec1d2d27e)
Start importing Assets/Wwise/API/Runtime/Plugins/Windows/x86/Release/AkSoundEngine.dll using Guid(348e514904d8b4f9296457399572b685) Importer(2089858483,d624ce77472d68a35037170ec1d2d27e) (ScriptedImporter) -> (artifact id: '5772e105d0471e830c6004b344619f0a') in 0.002305709 seconds
Number of updated asset objects reloaded before import = 0Number of asset objects unloaded after import = 0

========================================================================
Received Import Request.
  Time since last request: 0.000079 seconds.
  path: Assets/Wwise/API/Runtime/Plugins/Mac/Profile/AkSoundEngine.bundle.dSYM/Contents/Resources
  artifactKey: Guid(aa015587069eb44eb81019a0d132ee6f) Importer(2089858483,d624ce77472d68a35037170ec1d2d27e)
Start importing Assets/Wwise/API/Runtime/Plugins/Mac/Profile/AkSoundEngine.bundle.dSYM/Contents/Resources using Guid(aa015587069eb44eb81019a0d132ee6f) Importer(2089858483,d624ce77472d68a35037170ec1d2d27e) (ScriptedImporter) -> (artifact id: '012807efbf8200c10f646c59262bbb3a') in 0.001099666 seconds
Number of updated asset objects reloaded before import = 0Number of asset objects unloaded after import = 1

========================================================================
Received Import Request.
  Time since last request: 0.000066 seconds.
  path: Assets/Wwise/API/Runtime/Plugins/Windows/x86/DSP/AkMotion.dll
  artifactKey: Guid(4b6784ea2ee0043529dc1178988cb9c5) Importer(2089858483,d624ce77472d68a35037170ec1d2d27e)
Start importing Assets/Wwise/API/Runtime/Plugins/Windows/x86/DSP/AkMotion.dll using Guid(4b6784ea2ee0043529dc1178988cb9c5) Importer(2089858483,d624ce77472d68a35037170ec1d2d27e) (ScriptedImporter) -> (artifact id: 'd258a28ffd4beea3c6e1c16e22fc2563') in 0.001225708 seconds
Number of updated asset objects reloaded before import = 0Number of asset objects unloaded after import = 0

========================================================================
Received Import Request.
  Time since last request: 0.000147 seconds.
  path: Assets/Wwise/API/Runtime/Generated/Windows/AkPlatformInitSettings_Windows.cs
  artifactKey: Guid(32a20ed42a0e4487b9cfaa857f7ab56a) Importer(2089858483,d624ce77472d68a35037170ec1d2d27e)
Start importing Assets/Wwise/API/Runtime/Generated/Windows/AkPlatformInitSettings_Windows.cs using Guid(32a20ed42a0e4487b9cfaa857f7ab56a) Importer(2089858483,d624ce77472d68a35037170ec1d2d27e) (ScriptedImporter) -> (artifact id: 'd871a090efe1eb3104f4093076b9a048') in 0.001018041 seconds
Number of updated asset objects reloaded before import = 0Number of asset objects unloaded after import = 0

========================================================================
Received Import Request.
  Time since last request: 0.102200 seconds.
  path: Assets/Wwise/API/Runtime/Generated/Common/AkPanningRule.cs
  artifactKey: Guid(4d70d6b49f5b14ec9b740fca9cd26231) Importer(2089858483,d624ce77472d68a35037170ec1d2d27e)
Start importing Assets/Wwise/API/Runtime/Generated/Common/AkPanningRule.cs using Guid(4d70d6b49f5b14ec9b740fca9cd26231) Importer(2089858483,d624ce77472d68a35037170ec1d2d27e) (ScriptedImporter) -> (artifact id: '4f53f2ee02ebdba9bcccbbf6272264e9') in 0.001539042 seconds
Number of updated asset objects reloaded before import = 0Number of asset objects unloaded after import = 0

========================================================================
Received Import Request.
  Time since last request: 0.000072 seconds.
  path: Assets/Wwise/API/Editor/WwiseWindows/AkWwiseComponentPicker.cs
  artifactKey: Guid(be6dd2040f306404da7d7b6c1aa11528) Importer(2089858483,d624ce77472d68a35037170ec1d2d27e)
Start importing Assets/Wwise/API/Editor/WwiseWindows/AkWwiseComponentPicker.cs using Guid(be6dd2040f306404da7d7b6c1aa11528) Importer(2089858483,d624ce77472d68a35037170ec1d2d27e) (ScriptedImporter) -> (artifact id: '5524c0d17c484b49ae5b40a231beeea4') in 0.001215083 seconds
Number of updated asset objects reloaded before import = 0Number of asset objects unloaded after import = 0

========================================================================
Received Import Request.
  Time since last request: 0.000088 seconds.
  path: Assets/Wwise/MonoBehaviour/Runtime/AkListenerDistanceProbe.cs
  artifactKey: Guid(1ce7cd9261ada414683a0c5832038537) Importer(2089858483,d624ce77472d68a35037170ec1d2d27e)
Start importing Assets/Wwise/MonoBehaviour/Runtime/AkListenerDistanceProbe.cs using Guid(1ce7cd9261ada414683a0c5832038537) Importer(2089858483,d624ce77472d68a35037170ec1d2d27e) (ScriptedImporter) -> (artifact id: 'ec34d5ecca8620fe171834380b49a036') in 0.001174875 seconds
Number of updated asset objects reloaded before import = 0Number of asset objects unloaded after import = 0

========================================================================
Received Import Request.
  Time since last request: 0.000096 seconds.
  path: Assets/Wwise/API/Runtime/Generated/Common/AkPlaylistArray.cs
  artifactKey: Guid(1103622efa2504a7594c2f6b2e3259b2) Importer(2089858483,d624ce77472d68a35037170ec1d2d27e)
Start importing Assets/Wwise/API/Runtime/Generated/Common/AkPlaylistArray.cs using Guid(1103622efa2504a7594c2f6b2e3259b2) Importer(2089858483,d624ce77472d68a35037170ec1d2d27e) (ScriptedImporter) -> (artifact id: 'bd36d88fb99877ba31bcdbae83994c4d') in 0.001216625 seconds
Number of updated asset objects reloaded before import = 0Number of asset objects unloaded after import = 0

========================================================================
Received Import Request.
  Time since last request: 0.000086 seconds.
  path: Assets/Wwise/API/Editor/WwiseWindows/AkWwiseTreeView.cs
  artifactKey: Guid(887941cf514dd4a8aa47903d5c0c6594) Importer(2089858483,d624ce77472d68a35037170ec1d2d27e)
Start importing Assets/Wwise/API/Editor/WwiseWindows/AkWwiseTreeView.cs using Guid(887941cf514dd4a8aa47903d5c0c6594) Importer(2089858483,d624ce77472d68a35037170ec1d2d27e) (ScriptedImporter) -> (artifact id: '3e74a00947a0478114ab9df2b6d6487f') in 0.001088042 seconds
Number of updated asset objects reloaded before import = 0Number of asset objects unloaded after import = 0

========================================================================
Received Import Request.
  Time since last request: 0.000070 seconds.
  path: Assets/Wwise/API/Runtime/Plugins/Mac/Profile/AkSoundEngine.bundle.dSYM/Contents/Resources/Relocations/aarch64/AkSoundEngine.yml
  artifactKey: Guid(ed2461007eb6d4571ae485b8afc036af) Importer(2089858483,d624ce77472d68a35037170ec1d2d27e)
Start importing Assets/Wwise/API/Runtime/Plugins/Mac/Profile/AkSoundEngine.bundle.dSYM/Contents/Resources/Relocations/aarch64/AkSoundEngine.yml using Guid(ed2461007eb6d4571ae485b8afc036af) Importer(2089858483,d624ce77472d68a35037170ec1d2d27e) (ScriptedImporter) -> (artifact id: '64d4f900726124fbdbd3c15864e4ea71') in 0.001119 seconds
Number of updated asset objects reloaded before import = 0Number of asset objects unloaded after import = 1

========================================================================
Received Import Request.
  Time since last request: 0.000052 seconds.
  path: Assets/Wwise/MonoBehaviour/Editor/AkSurfaceReflectorInspector.cs
  artifactKey: Guid(6c07850076c304327b63c92714a2fb99) Importer(2089858483,d624ce77472d68a35037170ec1d2d27e)
Start importing Assets/Wwise/MonoBehaviour/Editor/AkSurfaceReflectorInspector.cs using Guid(6c07850076c304327b63c92714a2fb99) Importer(2089858483,d624ce77472d68a35037170ec1d2d27e) (ScriptedImporter) -> (artifact id: '294e59b1bc7f61caf201260f94de573c') in 0.001118417 seconds
Number of updated asset objects reloaded before import = 0Number of asset objects unloaded after import = 0

========================================================================
Received Import Request.
  Time since last request: 0.000067 seconds.
  path: Assets/Wwise/API/Runtime/Plugins/Windows/x86_64/Debug
  artifactKey: Guid(7c508cd10fa6244cc883e48e826a37d9) Importer(2089858483,d624ce77472d68a35037170ec1d2d27e)
Start importing Assets/Wwise/API/Runtime/Plugins/Windows/x86_64/Debug using Guid(7c508cd10fa6244cc883e48e826a37d9) Importer(2089858483,d624ce77472d68a35037170ec1d2d27e) (ScriptedImporter) -> (artifact id: '97d74e68a0b9bc58423ca3e906630985') in 0.000842417 seconds
Number of updated asset objects reloaded before import = 0Number of asset objects unloaded after import = 1

========================================================================
Received Import Request.
  Time since last request: 0.000074 seconds.
  path: Assets/Wwise/API/Editor/WwiseWindows/TreeViewIcons/auxbus_nor.png
  artifactKey: Guid(0da5c2904ee6243d8be9b4088a3ad929) Importer(2089858483,d624ce77472d68a35037170ec1d2d27e)
Start importing Assets/Wwise/API/Editor/WwiseWindows/TreeViewIcons/auxbus_nor.png using Guid(0da5c2904ee6243d8be9b4088a3ad929) Importer(2089858483,d624ce77472d68a35037170ec1d2d27e) (ScriptedImporter) -> (artifact id: '2071250a2161b991924a8a9f36a75138') in 0.003323167 seconds
Number of updated asset objects reloaded before import = 0Number of asset objects unloaded after import = 1

========================================================================
Received Import Request.
  Time since last request: 0.000064 seconds.
  path: Assets/Scripts/TowerDefense/Nodes/Editor
  artifactKey: Guid(03c9c1c5f1350468590677bf7098cbd9) Importer(2089858483,d624ce77472d68a35037170ec1d2d27e)
Start importing Assets/Scripts/TowerDefense/Nodes/Editor using Guid(03c9c1c5f1350468590677bf7098cbd9) Importer(2089858483,d624ce77472d68a35037170ec1d2d27e) (ScriptedImporter) -> (artifact id: 'd5a30134a8cdc1a7eeb0d3effa5ea2ce') in 0.000880708 seconds
Number of updated asset objects reloaded before import = 0Number of asset objects unloaded after import = 1

========================================================================
Received Import Request.
  Time since last request: 0.000079 seconds.
  path: Assets/Wwise/API/Editor/WwiseMenu/Windows
  artifactKey: Guid(9a47da4c85dd44d78a199a4ae0425a77) Importer(2089858483,d624ce77472d68a35037170ec1d2d27e)
Start importing Assets/Wwise/API/Editor/WwiseMenu/Windows using Guid(9a47da4c85dd44d78a199a4ae0425a77) Importer(2089858483,d624ce77472d68a35037170ec1d2d27e) (ScriptedImporter) -> (artifact id: 'b82df1766446f38d6dfc4df2824c92ec') in 0.001140291 seconds
Number of updated asset objects reloaded before import = 0Number of asset objects unloaded after import = 1

========================================================================
Received Import Request.
  Time since last request: 0.000083 seconds.
  path: Assets/Wwise/API/Runtime/WwiseTypes
  artifactKey: Guid(d99c1d04ec7144700bc192ce1d5aabda) Importer(2089858483,d624ce77472d68a35037170ec1d2d27e)
Start importing Assets/Wwise/API/Runtime/WwiseTypes using Guid(d99c1d04ec7144700bc192ce1d5aabda) Importer(2089858483,d624ce77472d68a35037170ec1d2d27e) (ScriptedImporter) -> (artifact id: '09c7d8d6a6d3f1eb658f9370cd942aaf') in 0.001112708 seconds
Number of updated asset objects reloaded before import = 0Number of asset objects unloaded after import = 1

========================================================================
Received Import Request.
  Time since last request: 0.000080 seconds.
  path: Assets/Audio/SFX/Towers/SuperTower
  artifactKey: Guid(f3913994fbffc4e6aaa9625cb676e796) Importer(2089858483,d624ce77472d68a35037170ec1d2d27e)
Start importing Assets/Audio/SFX/Towers/SuperTower using Guid(f3913994fbffc4e6aaa9625cb676e796) Importer(2089858483,d624ce77472d68a35037170ec1d2d27e) (ScriptedImporter) -> (artifact id: 'bd0a9377c7982e85fbdf4343493e482b') in 0.000871458 seconds
Number of updated asset objects reloaded before import = 0Number of asset objects unloaded after import = 1

========================================================================
Received Import Request.
  Time since last request: 0.000092 seconds.
  path: Assets/Wwise/API/Editor/WwiseTypes/BankDrawer.cs
  artifactKey: Guid(043786df2735040fb8cce79962b24b9a) Importer(2089858483,d624ce77472d68a35037170ec1d2d27e)
Start importing Assets/Wwise/API/Editor/WwiseTypes/BankDrawer.cs using Guid(043786df2735040fb8cce79962b24b9a) Importer(2089858483,d624ce77472d68a35037170ec1d2d27e) (ScriptedImporter) -> (artifact id: 'f3328a095522c0a998ee57ad7e63a05c') in 0.001059666 seconds
Number of updated asset objects reloaded before import = 0Number of asset objects unloaded after import = 0

========================================================================
Received Import Request.
  Time since last request: 0.000067 seconds.
  path: Assets/Wwise/API/Runtime/Handwritten/Mac/AkSoundEngine.cs
  artifactKey: Guid(1d06726691f274d4a9a007825e0ca16b) Importer(2089858483,d624ce77472d68a35037170ec1d2d27e)
Start importing Assets/Wwise/API/Runtime/Handwritten/Mac/AkSoundEngine.cs using Guid(1d06726691f274d4a9a007825e0ca16b) Importer(2089858483,d624ce77472d68a35037170ec1d2d27e) (ScriptedImporter) -> (artifact id: '4ff60ece73c40d9de3e9f01dee377cf8') in 0.00101825 seconds
Number of updated asset objects reloaded before import = 0Number of asset objects unloaded after import = 0

========================================================================
Received Import Request.
  Time since last request: 0.000083 seconds.
  path: Assets/Wwise/API/Runtime/Generated/Common/AkDynamicSequenceItemCallbackInfo.cs
  artifactKey: Guid(5e0cc1e0bf32b4ee892c8ae44dac8585) Importer(2089858483,d624ce77472d68a35037170ec1d2d27e)
Start importing Assets/Wwise/API/Runtime/Generated/Common/AkDynamicSequenceItemCallbackInfo.cs using Guid(5e0cc1e0bf32b4ee892c8ae44dac8585) Importer(2089858483,d624ce77472d68a35037170ec1d2d27e) (ScriptedImporter) -> (artifact id: '5307c49487fa0f984a35695a6602a2dd') in 0.001019875 seconds
Number of updated asset objects reloaded before import = 0Number of asset objects unloaded after import = 0

========================================================================
Received Import Request.
  Time since last request: 0.000070 seconds.
  path: Assets/Wwise/Tools/AddressableUpdater/Editor/AddressableUpdater.cs
  artifactKey: Guid(13d120bf0a66b4175bb4f5c5cc5f580f) Importer(2089858483,d624ce77472d68a35037170ec1d2d27e)
Start importing Assets/Wwise/Tools/AddressableUpdater/Editor/AddressableUpdater.cs using Guid(13d120bf0a66b4175bb4f5c5cc5f580f) Importer(2089858483,d624ce77472d68a35037170ec1d2d27e) (ScriptedImporter) -> (artifact id: 'db4a2be254bdb29804af4d95dd20c182') in 0.001017375 seconds
Number of updated asset objects reloaded before import = 0Number of asset objects unloaded after import = 0

========================================================================
Received Import Request.
  Time since last request: 0.000072 seconds.
  path: Assets/Scripts/Core/Camera
  artifactKey: Guid(1253268bb7c643cea8720b5dcb7e8524) Importer(2089858483,d624ce77472d68a35037170ec1d2d27e)
Start importing Assets/Scripts/Core/Camera using Guid(1253268bb7c643cea8720b5dcb7e8524) Importer(2089858483,d624ce77472d68a35037170ec1d2d27e) (ScriptedImporter) -> (artifact id: 'fe3af11a795e7c2eccd4339c4ec23d63') in 0.000832459 seconds
Number of updated asset objects reloaded before import = 0Number of asset objects unloaded after import = 1

========================================================================
Received Import Request.
  Time since last request: 0.000090 seconds.
  path: Assets/PostProcessing/Runtime
  artifactKey: Guid(4b79d54138d9d1a498085393504c7d02) Importer(2089858483,d624ce77472d68a35037170ec1d2d27e)
Start importing Assets/PostProcessing/Runtime using Guid(4b79d54138d9d1a498085393504c7d02) Importer(2089858483,d624ce77472d68a35037170ec1d2d27e) (ScriptedImporter) -> (artifact id: '6ccfc02f8228a94a5a64825cb2ece0c5') in 0.00090425 seconds
Number of updated asset objects reloaded before import = 0Number of asset objects unloaded after import = 1

========================================================================
Received Import Request.
  Time since last request: 0.000072 seconds.
  path: Assets/Wwise/API/Editor/WwiseMenu
  artifactKey: Guid(53aefe5eb6a314956847f83a1ea613a6) Importer(2089858483,d624ce77472d68a35037170ec1d2d27e)
Start importing Assets/Wwise/API/Editor/WwiseMenu using Guid(53aefe5eb6a314956847f83a1ea613a6) Importer(2089858483,d624ce77472d68a35037170ec1d2d27e) (ScriptedImporter) -> (artifact id: 'b895678b99495100bd1e9e2547efde82') in 0.000984875 seconds
Number of updated asset objects reloaded before import = 0Number of asset objects unloaded after import = 1

========================================================================
Received Import Request.
  Time since last request: 0.000072 seconds.
  path: Assets/Wwise/Logging/Runtime/WwiseLogger.cs
  artifactKey: Guid(bb136befb86bc45abbaf2fcdb38ad4d9) Importer(2089858483,d624ce77472d68a35037170ec1d2d27e)
Start importing Assets/Wwise/Logging/Runtime/WwiseLogger.cs using Guid(bb136befb86bc45abbaf2fcdb38ad4d9) Importer(2089858483,d624ce77472d68a35037170ec1d2d27e) (ScriptedImporter) -> (artifact id: 'a53acf1fe8da5ba27d56fbdd81f77b04') in 0.001264041 seconds
Number of updated asset objects reloaded before import = 0Number of asset objects unloaded after import = 0

========================================================================
Received Import Request.
  Time since last request: 0.000106 seconds.
  path: Assets/Scripts/TowerDefense/Economy
  artifactKey: Guid(324f7eb8297c40f38e16bde23e0c15ba) Importer(2089858483,d624ce77472d68a35037170ec1d2d27e)
Start importing Assets/Scripts/TowerDefense/Economy using Guid(324f7eb8297c40f38e16bde23e0c15ba) Importer(2089858483,d624ce77472d68a35037170ec1d2d27e) (ScriptedImporter) -> (artifact id: '6f32b32233569e1e54c822eaf20df438') in 0.000999875 seconds
Number of updated asset objects reloaded before import = 0Number of asset objects unloaded after import = 1

========================================================================
Received Import Request.
  Time since last request: 0.000167 seconds.
  path: Assets/Wwise/API/Editor/PluginActivator/Common/AkPluginActivator.cs
  artifactKey: Guid(3d730787d3e3844edaf2541778bb8222) Importer(2089858483,d624ce77472d68a35037170ec1d2d27e)
Start importing Assets/Wwise/API/Editor/PluginActivator/Common/AkPluginActivator.cs using Guid(3d730787d3e3844edaf2541778bb8222) Importer(2089858483,d624ce77472d68a35037170ec1d2d27e) (ScriptedImporter) -> (artifact id: '2c1bf4692e20319a905a6f4a8a983a79') in 0.001319334 seconds
Number of updated asset objects reloaded before import = 0Number of asset objects unloaded after import = 0

========================================================================
Received Import Request.
  Time since last request: 0.000103 seconds.
  path: Assets/Wwise/Timeline/Editor/AkRTPCTrackInspector.cs
  artifactKey: Guid(2fa7e5a4d1fd840a68c580423d68ac17) Importer(2089858483,d624ce77472d68a35037170ec1d2d27e)
Start importing Assets/Wwise/Timeline/Editor/AkRTPCTrackInspector.cs using Guid(2fa7e5a4d1fd840a68c580423d68ac17) Importer(2089858483,d624ce77472d68a35037170ec1d2d27e) (ScriptedImporter) -> (artifact id: '1a5502ac15c5afc9cc3cb458d8acc29d') in 0.001094334 seconds
Number of updated asset objects reloaded before import = 0Number of asset objects unloaded after import = 0

========================================================================
Received Import Request.
  Time since last request: 0.000090 seconds.
  path: Assets/Data/Agents
  artifactKey: Guid(b22c546256d06493e977fd1e451602f9) Importer(2089858483,d624ce77472d68a35037170ec1d2d27e)
Start importing Assets/Data/Agents using Guid(b22c546256d06493e977fd1e451602f9) Importer(2089858483,d624ce77472d68a35037170ec1d2d27e) (ScriptedImporter) -> (artifact id: '7925dab4023ddaf7ff613138d2362b05') in 0.000885791 seconds
Number of updated asset objects reloaded before import = 0Number of asset objects unloaded after import = 1

========================================================================
Received Import Request.
  Time since last request: 0.000073 seconds.
  path: Assets/Wwise/MonoBehaviour/Runtime/AkEnvironmentPortal.cs
  artifactKey: Guid(9896de89082234ea392a24b817287bf2) Importer(2089858483,d624ce77472d68a35037170ec1d2d27e)
Start importing Assets/Wwise/MonoBehaviour/Runtime/AkEnvironmentPortal.cs using Guid(9896de89082234ea392a24b817287bf2) Importer(2089858483,d624ce77472d68a35037170ec1d2d27e) (ScriptedImporter) -> (artifact id: '1979b69914436f9501fc420dc038cfe0') in 0.001109917 seconds
Number of updated asset objects reloaded before import = 0Number of asset objects unloaded after import = 0

========================================================================
Received Import Request.
  Time since last request: 0.000071 seconds.
  path: Assets/StreamingAssets/Audio
  artifactKey: Guid(e285ed631b83e47a986f72b172e72a54) Importer(2089858483,d624ce77472d68a35037170ec1d2d27e)
Start importing Assets/StreamingAssets/Audio using Guid(e285ed631b83e47a986f72b172e72a54) Importer(2089858483,d624ce77472d68a35037170ec1d2d27e) (ScriptedImporter) -> (artifact id: '734038dd117e5a16e526002eb38230ff') in 0.000893708 seconds
Number of updated asset objects reloaded before import = 0Number of asset objects unloaded after import = 1

========================================================================
Received Import Request.
  Time since last request: 0.000064 seconds.
  path: Assets/Prefabs/Enemies
  artifactKey: Guid(b3b5606d7f484484c887bbe845e171e6) Importer(2089858483,d624ce77472d68a35037170ec1d2d27e)
Start importing Assets/Prefabs/Enemies using Guid(b3b5606d7f484484c887bbe845e171e6) Importer(2089858483,d624ce77472d68a35037170ec1d2d27e) (ScriptedImporter) -> (artifact id: 'e1a6080d4dcf4f41be3c0ec6e5470242') in 0.000796083 seconds
Number of updated asset objects reloaded before import = 0Number of asset objects unloaded after import = 1

========================================================================
Received Import Request.
  Time since last request: 0.000084 seconds.
  path: Assets/Scenes/Levels/Level3/Level3
  artifactKey: Guid(25a50ee69bc874a2a9e726f6dd330146) Importer(2089858483,d624ce77472d68a35037170ec1d2d27e)
Start importing Assets/Scenes/Levels/Level3/Level3 using Guid(25a50ee69bc874a2a9e726f6dd330146) Importer(2089858483,d624ce77472d68a35037170ec1d2d27e) (ScriptedImporter) -> (artifact id: '2c8ef7615bf000cb1bad7df09c8e1148') in 0.000875583 seconds
Number of updated asset objects reloaded before import = 0Number of asset objects unloaded after import = 1

========================================================================
Received Import Request.
  Time since last request: 0.000084 seconds.
  path: Assets/Scripts/TowerDefense/MeshCreator/Editor
  artifactKey: Guid(b545e057f572b4c298f1997be3790f05) Importer(2089858483,d624ce77472d68a35037170ec1d2d27e)
Start importing Assets/Scripts/TowerDefense/MeshCreator/Editor using Guid(b545e057f572b4c298f1997be3790f05) Importer(2089858483,d624ce77472d68a35037170ec1d2d27e) (ScriptedImporter) -> (artifact id: '30887a7a755b9f0401b32f0207f26b77') in 0.000902375 seconds
Number of updated asset objects reloaded before import = 0Number of asset objects unloaded after import = 1

========================================================================
Received Import Request.
  Time since last request: 0.000074 seconds.
  path: Assets/Wwise
  artifactKey: Guid(7a72faef362974d28907d670a6ad3b32) Importer(2089858483,d624ce77472d68a35037170ec1d2d27e)
Start importing Assets/Wwise using Guid(7a72faef362974d28907d670a6ad3b32) Importer(2089858483,d624ce77472d68a35037170ec1d2d27e) (ScriptedImporter) -> (artifact id: '7c143a648b668f63e609ea14b2132a8f') in 0.000895416 seconds
Number of updated asset objects reloaded before import = 0Number of asset objects unloaded after import = 1

========================================================================
Received Import Request.
  Time since last request: 0.000072 seconds.
  path: Assets/Wwise/MonoBehaviour/Editor/AkWwiseTriggerInspector.cs
  artifactKey: Guid(234f2ca399aa74ec2ad08e87e89152c2) Importer(2089858483,d624ce77472d68a35037170ec1d2d27e)
Start importing Assets/Wwise/MonoBehaviour/Editor/AkWwiseTriggerInspector.cs using Guid(234f2ca399aa74ec2ad08e87e89152c2) Importer(2089858483,d624ce77472d68a35037170ec1d2d27e) (ScriptedImporter) -> (artifact id: '63fbc0e214ff916654523370072b6029') in 0.00100725 seconds
Number of updated asset objects reloaded before import = 0Number of asset objects unloaded after import = 0

========================================================================
Received Import Request.
  Time since last request: 0.000104 seconds.
  path: Assets/Wwise/API/Runtime/Handwritten/WAAPI
  artifactKey: Guid(43975039ebd604e91b04efb401cc655b) Importer(2089858483,d624ce77472d68a35037170ec1d2d27e)
Start importing Assets/Wwise/API/Runtime/Handwritten/WAAPI using Guid(43975039ebd604e91b04efb401cc655b) Importer(2089858483,d624ce77472d68a35037170ec1d2d27e) (ScriptedImporter) -> (artifact id: 'd1de1d8b34d42fd963a21e5f49d9ea45') in 0.0009445 seconds
Number of updated asset objects reloaded before import = 0Number of asset objects unloaded after import = 1

========================================================================
Received Import Request.
  Time since last request: 0.000073 seconds.
  path: Assets/Wwise/Timeline
  artifactKey: Guid(635c1e4993d2b4dde8a11e8f9c2f1d8b) Importer(2089858483,d624ce77472d68a35037170ec1d2d27e)
Start importing Assets/Wwise/Timeline using Guid(635c1e4993d2b4dde8a11e8f9c2f1d8b) Importer(2089858483,d624ce77472d68a35037170ec1d2d27e) (ScriptedImporter) -> (artifact id: '652b2066762978c14bb8c3d5436aae39') in 0.000984333 seconds
Number of updated asset objects reloaded before import = 0Number of asset objects unloaded after import = 1

========================================================================
Received Import Request.
  Time since last request: 0.000085 seconds.
  path: Assets/Wwise/API/Editor/WwiseTypes/BaseTypeDrawer.cs
  artifactKey: Guid(95fb0c9af7ea24a2884cc00a3cf3c33a) Importer(2089858483,d624ce77472d68a35037170ec1d2d27e)
Start importing Assets/Wwise/API/Editor/WwiseTypes/BaseTypeDrawer.cs using Guid(95fb0c9af7ea24a2884cc00a3cf3c33a) Importer(2089858483,d624ce77472d68a35037170ec1d2d27e) (ScriptedImporter) -> (artifact id: 'c268a249fe12488798b33783e4f2b7b3') in 0.001241208 seconds
Number of updated asset objects reloaded before import = 0Number of asset objects unloaded after import = 0

========================================================================
Received Import Request.
  Time since last request: 0.000109 seconds.
  path: Assets/Wwise/Logging/Runtime
  artifactKey: Guid(77fdb884dd8334e2691ad32a2bab573c) Importer(2089858483,d624ce77472d68a35037170ec1d2d27e)
Start importing Assets/Wwise/Logging/Runtime using Guid(77fdb884dd8334e2691ad32a2bab573c) Importer(2089858483,d624ce77472d68a35037170ec1d2d27e) (ScriptedImporter) -> (artifact id: '4984893f89532c825110792c6abcba57') in 0.000959542 seconds
Number of updated asset objects reloaded before import = 0Number of asset objects unloaded after import = 1

========================================================================
Received Import Request.
  Time since last request: 0.000087 seconds.
  path: Assets/Wwise/API/Editor/WwiseTypes/StateDrawer.cs
  artifactKey: Guid(7b9d7dc581c8544b49fb152038261b3a) Importer(2089858483,d624ce77472d68a35037170ec1d2d27e)
Start importing Assets/Wwise/API/Editor/WwiseTypes/StateDrawer.cs using Guid(7b9d7dc581c8544b49fb152038261b3a) Importer(2089858483,d624ce77472d68a35037170ec1d2d27e) (ScriptedImporter) -> (artifact id: 'be7f9a56b5cfdde6b64b271f3efe1c62') in 0.00119525 seconds
Number of updated asset objects reloaded before import = 0Number of asset objects unloaded after import = 0

========================================================================
Received Import Request.
  Time since last request: 0.000085 seconds.
  path: Assets/Wwise/API/Editor/PluginActivator/Common/AkPluginActivatorConstants.cs
  artifactKey: Guid(3fba15cc461e440d89f00851e412632e) Importer(2089858483,d624ce77472d68a35037170ec1d2d27e)
Start importing Assets/Wwise/API/Editor/PluginActivator/Common/AkPluginActivatorConstants.cs using Guid(3fba15cc461e440d89f00851e412632e) Importer(2089858483,d624ce77472d68a35037170ec1d2d27e) (ScriptedImporter) -> (artifact id: '49bccdc8d0fd83e2fea3ff7d69f9a520') in 0.001149042 seconds
Number of updated asset objects reloaded before import = 0Number of asset objects unloaded after import = 0

========================================================================
Received Import Request.
  Time since last request: 0.000070 seconds.
  path: Assets/Wwise/MonoBehaviour/Editor/AkGameObjectInspector.cs
  artifactKey: Guid(07029ceced2134a47a6a2d93d966bcc5) Importer(2089858483,d624ce77472d68a35037170ec1d2d27e)
Start importing Assets/Wwise/MonoBehaviour/Editor/AkGameObjectInspector.cs using Guid(07029ceced2134a47a6a2d93d966bcc5) Importer(2089858483,d624ce77472d68a35037170ec1d2d27e) (ScriptedImporter) -> (artifact id: '31afdb171b4b210aae4cf01d243317e9') in 0.00086475 seconds
Number of updated asset objects reloaded before import = 0Number of asset objects unloaded after import = 0

========================================================================
Received Import Request.
  Time since last request: 0.000083 seconds.
  path: Assets/Prefabs/Managers
  artifactKey: Guid(c173bfe11410f41d8b7499da041dca3e) Importer(2089858483,d624ce77472d68a35037170ec1d2d27e)
Start importing Assets/Prefabs/Managers using Guid(c173bfe11410f41d8b7499da041dca3e) Importer(2089858483,d624ce77472d68a35037170ec1d2d27e) (ScriptedImporter) -> (artifact id: '18e1b0d3dbe4798151ae5c23a1bd6fa6') in 0.000924292 seconds
Number of updated asset objects reloaded before import = 0Number of asset objects unloaded after import = 1

========================================================================
Received Import Request.
  Time since last request: 0.000096 seconds.
  path: Assets/Wwise/MonoBehaviour/Runtime/AkInitializer.cs
  artifactKey: Guid(c3dc6fcf6a9c849b3aec8f4053d781d3) Importer(2089858483,d624ce77472d68a35037170ec1d2d27e)
Start importing Assets/Wwise/MonoBehaviour/Runtime/AkInitializer.cs using Guid(c3dc6fcf6a9c849b3aec8f4053d781d3) Importer(2089858483,d624ce77472d68a35037170ec1d2d27e) (ScriptedImporter) -> (artifact id: 'b37402f1444309efeb93f89d855408c1') in 0.001234417 seconds
Number of updated asset objects reloaded before import = 0Number of asset objects unloaded after import = 0

========================================================================
Received Import Request.
  Time since last request: 0.000080 seconds.
  path: Assets/Wwise/ScriptableObjects/Event
  artifactKey: Guid(22ef23b97b75c4cde983747d798fa575) Importer(2089858483,d624ce77472d68a35037170ec1d2d27e)
Start importing Assets/Wwise/ScriptableObjects/Event using Guid(22ef23b97b75c4cde983747d798fa575) Importer(2089858483,d624ce77472d68a35037170ec1d2d27e) (ScriptedImporter) -> (artifact id: 'e43e9436d8d6cbe053efcbc8f1a66317') in 0.00101475 seconds
Number of updated asset objects reloaded before import = 0Number of asset objects unloaded after import = 1

========================================================================
Received Import Request.
  Time since last request: 0.000054 seconds.
  path: Assets/Wwise/API/Runtime/Handwritten/Common
  artifactKey: Guid(61f290fc42535483b9b3ede7f69169ac) Importer(2089858483,d624ce77472d68a35037170ec1d2d27e)
Start importing Assets/Wwise/API/Runtime/Handwritten/Common using Guid(61f290fc42535483b9b3ede7f69169ac) Importer(2089858483,d624ce77472d68a35037170ec1d2d27e) (ScriptedImporter) -> (artifact id: 'c4efe110f99c4d31ee7b2eec3771ba8c') in 0.000822584 seconds
Number of updated asset objects reloaded before import = 0Number of asset objects unloaded after import = 1

========================================================================
Received Import Request.
  Time since last request: 0.000063 seconds.
  path: Assets/Animations
  artifactKey: Guid(956dc4e929ff24e7789ae9a0d58a59b5) Importer(2089858483,d624ce77472d68a35037170ec1d2d27e)
Start importing Assets/Animations using Guid(956dc4e929ff24e7789ae9a0d58a59b5) Importer(2089858483,d624ce77472d68a35037170ec1d2d27e) (ScriptedImporter) -> (artifact id: '4ea01010ba5ca6fb023880145fce60a0') in 0.000826083 seconds
Number of updated asset objects reloaded before import = 0Number of asset objects unloaded after import = 1

========================================================================
Received Import Request.
  Time since last request: 0.000061 seconds.
  path: Assets/Wwise/API/Editor/WwiseWindows/TreeViewIcons/workunit_nor.png
  artifactKey: Guid(d897fb4a3b45041d7b610f72709f517c) Importer(2089858483,d624ce77472d68a35037170ec1d2d27e)
Start importing Assets/Wwise/API/Editor/WwiseWindows/TreeViewIcons/workunit_nor.png using Guid(d897fb4a3b45041d7b610f72709f517c) Importer(2089858483,d624ce77472d68a35037170ec1d2d27e) (ScriptedImporter) -> (artifact id: '4958da7f4251b2687cf3d11faf9f9f5b') in 0.003167 seconds
Number of updated asset objects reloaded before import = 0Number of asset objects unloaded after import = 1

========================================================================
Received Import Request.
  Time since last request: 0.000074 seconds.
  path: Assets/Wwise/API/Editor/PluginActivator/Common/AkPluginActivatorMenus.cs
  artifactKey: Guid(aa88d577a69ce40ebb2cce3de5d98843) Importer(2089858483,d624ce77472d68a35037170ec1d2d27e)
Start importing Assets/Wwise/API/Editor/PluginActivator/Common/AkPluginActivatorMenus.cs using Guid(aa88d577a69ce40ebb2cce3de5d98843) Importer(2089858483,d624ce77472d68a35037170ec1d2d27e) (ScriptedImporter) -> (artifact id: '91ecc51d94860c350c38affdc34c963a') in 0.001352375 seconds
Number of updated asset objects reloaded before import = 0Number of asset objects unloaded after import = 0

========================================================================
Received Import Request.
  Time since last request: 0.000074 seconds.
  path: Assets/Scenes/MainMenu
  artifactKey: Guid(22e699dbdeb3e45e28958bcfb1764e07) Importer(2089858483,d624ce77472d68a35037170ec1d2d27e)
Start importing Assets/Scenes/MainMenu using Guid(22e699dbdeb3e45e28958bcfb1764e07) Importer(2089858483,d624ce77472d68a35037170ec1d2d27e) (ScriptedImporter) -> (artifact id: 'f8dab63c0576e1ca4f1af7f48625f595') in 0.001062625 seconds
Number of updated asset objects reloaded before import = 0Number of asset objects unloaded after import = 1

========================================================================
Received Import Request.
  Time since last request: 0.000073 seconds.
  path: Assets/Wwise/API/Runtime/Plugins/Windows/x86_64/DSP/AkSoundSeedAir.dll
  artifactKey: Guid(27cc32a94ee3e4c7c8f0ef1fc3e44613) Importer(2089858483,d624ce77472d68a35037170ec1d2d27e)
Start importing Assets/Wwise/API/Runtime/Plugins/Windows/x86_64/DSP/AkSoundSeedAir.dll using Guid(27cc32a94ee3e4c7c8f0ef1fc3e44613) Importer(2089858483,d624ce77472d68a35037170ec1d2d27e) (ScriptedImporter) -> (artifact id: 'efac09ce4edd84410da2d1a7cacce831') in 0.001325833 seconds
Number of updated asset objects reloaded before import = 0Number of asset objects unloaded after import = 0

========================================================================
Received Import Request.
  Time since last request: 0.000081 seconds.
  path: Assets/Scripts
  artifactKey: Guid(f795543fb406b4a1cb76f596eb698815) Importer(2089858483,d624ce77472d68a35037170ec1d2d27e)
Start importing Assets/Scripts using Guid(f795543fb406b4a1cb76f596eb698815) Importer(2089858483,d624ce77472d68a35037170ec1d2d27e) (ScriptedImporter) -> (artifact id: 'b9dfdaafd78f0db94fbb866f6477c868') in 0.0008795 seconds
Number of updated asset objects reloaded before import = 0Number of asset objects unloaded after import = 1

========================================================================
Received Import Request.
  Time since last request: 0.000073 seconds.
  path: Assets/Materials/Units
  artifactKey: Guid(0b8a16ae412f04154a1429cf25c5c197) Importer(2089858483,d624ce77472d68a35037170ec1d2d27e)
Start importing Assets/Materials/Units using Guid(0b8a16ae412f04154a1429cf25c5c197) Importer(2089858483,d624ce77472d68a35037170ec1d2d27e) (ScriptedImporter) -> (artifact id: '6a8c248e4b18c6b79fdc78b2b7386425') in 0.0007705 seconds
Number of updated asset objects reloaded before import = 0Number of asset objects unloaded after import = 1

========================================================================
Received Import Request.
  Time since last request: 0.000062 seconds.
  path: Assets/PostProcessing/Editor/Attributes
  artifactKey: Guid(cc5c690f549b4704eb992a9be781554d) Importer(2089858483,d624ce77472d68a35037170ec1d2d27e)
Start importing Assets/PostProcessing/Editor/Attributes using Guid(cc5c690f549b4704eb992a9be781554d) Importer(2089858483,d624ce77472d68a35037170ec1d2d27e) (ScriptedImporter) -> (artifact id: '1ad43ef67fa40d32a4bd3b53b0b0e4eb') in 0.000896375 seconds
Number of updated asset objects reloaded before import = 0Number of asset objects unloaded after import = 1

========================================================================
Received Import Request.
  Time since last request: 0.000087 seconds.
  path: Assets/Wwise/MonoBehaviour/Runtime/AkEnvironment.cs
  artifactKey: Guid(722e2bc3375d347b292f4d9ac65e9360) Importer(2089858483,d624ce77472d68a35037170ec1d2d27e)
Start importing Assets/Wwise/MonoBehaviour/Runtime/AkEnvironment.cs using Guid(722e2bc3375d347b292f4d9ac65e9360) Importer(2089858483,d624ce77472d68a35037170ec1d2d27e) (ScriptedImporter) -> (artifact id: 'fcae2efae554dcb94102701d2dce34bb') in 0.00115475 seconds
Number of updated asset objects reloaded before import = 0Number of asset objects unloaded after import = 0

========================================================================
Received Import Request.
  Time since last request: 0.000059 seconds.
  path: Assets/Wwise/API/Editor/PluginActivator/Common/AkPlatformPluginActivator.cs
  artifactKey: Guid(be1eca89d0dc144dfb7b6418c4d25843) Importer(2089858483,d624ce77472d68a35037170ec1d2d27e)
Start importing Assets/Wwise/API/Editor/PluginActivator/Common/AkPlatformPluginActivator.cs using Guid(be1eca89d0dc144dfb7b6418c4d25843) Importer(2089858483,d624ce77472d68a35037170ec1d2d27e) (ScriptedImporter) -> (artifact id: '73b3f2fdc74cabac35147c14ada51780') in 0.001076416 seconds
Number of updated asset objects reloaded before import = 0Number of asset objects unloaded after import = 0

========================================================================
Received Prepare
Begin MonoManager ReloadAssembly
Thread 0x16f977000 may have been prematurely finalized
Symbol file LoadedFromMemory is not a mono symbol file
- Loaded All Assemblies, in  0.286 seconds
Refreshing native plugins compatible for Editor in 1.41 ms, found 2 plugins.
Native extension for OSXStandalone target not found
Refreshing native plugins compatible for Editor in 1.83 ms, found 2 plugins.
[Package Manager] Failed to launch server process. Reason: Unity was launched with the -noUpm command-line argument
[Package Manager] Unable to send message (not connected to server process).
[Package Manager] Cannot connect to Unity Package Manager local server
Mono: successfully reloaded assembly
- Finished resetting the current domain, in  0.503 seconds
Domain Reload Profiling: 790ms
	BeginReloadAssembly (91ms)
		ExecutionOrderSort (0ms)
		DisableScriptedObjects (4ms)
		BackupInstance (0ms)
		ReleaseScriptingObjects (0ms)
		CreateAndSetChildDomain (27ms)
	RebuildCommonClasses (23ms)
	RebuildNativeTypeToScriptingClass (9ms)
	initialDomainReloadingComplete (10ms)
	LoadAllAssembliesAndSetupDomain (154ms)
		LoadAssemblies (126ms)
		RebuildTransferFunctionScriptingTraits (0ms)
		AnalyzeDomain (58ms)
			TypeCache.Refresh (5ms)
				TypeCache.ScanAssembly (0ms)
			BuildScriptInfoCaches (49ms)
			ResolveRequiredComponents (3ms)
	FinalizeReload (503ms)
		ReleaseScriptCaches (0ms)
		RebuildScriptCaches (0ms)
		SetupLoadedEditorAssemblies (437ms)
			LogAssemblyErrors (0ms)
			InitializePlatformSupportModulesInManaged (1ms)
			SetLoadedEditorAssemblies (2ms)
			BeforeProcessingInitializeOnLoad (94ms)
			ProcessInitializeOnLoadAttributes (232ms)
			ProcessInitializeOnLoadMethodAttributes (107ms)
			AfterProcessingInitializeOnLoad (1ms)
			EditorAssembliesLoaded (0ms)
		ExecutionOrderSort2 (0ms)
		AwakeInstancesAfterBackupRestoration (2ms)
Refreshing native plugins compatible for Editor in 1.67 ms, found 2 plugins.
Preloading 0 native plugins for Editor in 0.00 ms.
Unloading 4 Unused Serialized files (Serialized files now loaded: 0)
Unloading 3423 unused Assets / (1.0 MB). Loaded Objects now: 4009.
Memory consumption went from 120.1 MB to 119.0 MB.
Total: 9.109291 ms (FindLiveObjects: 0.182250 ms CreateObjectMapping: 0.072417 ms MarkObjects: 8.320291 ms  DeleteObjects: 0.533875 ms)

Prepare: number of updated asset objects reloaded= 0
========================================================================
Received Import Request.
  Time since last request: 69.529633 seconds.
  path: Assets/Audio/SFX/Tower Destruction
  artifactKey: Guid(888dffee4e95943889a71a9ca6cb3c08) Importer(2089858483,d624ce77472d68a35037170ec1d2d27e)
Start importing Assets/Audio/SFX/Tower Destruction using Guid(888dffee4e95943889a71a9ca6cb3c08) Importer(2089858483,d624ce77472d68a35037170ec1d2d27e) (ScriptedImporter) -> (artifact id: '8ce3d30959d43d38bf5c9fbb3ca8a68d') in 0.017658583 seconds
Number of updated asset objects reloaded before import = 0Number of asset objects unloaded after import = 1

========================================================================
Received Import Request.
  Time since last request: 0.000028 seconds.
  path: Assets/Wwise/API/Runtime/Generated/Common/AkBankContent.cs
  artifactKey: Guid(af756e15daeda48baa04d43aba87e9c5) Importer(2089858483,d624ce77472d68a35037170ec1d2d27e)
Start importing Assets/Wwise/API/Runtime/Generated/Common/AkBankContent.cs using Guid(af756e15daeda48baa04d43aba87e9c5) Importer(2089858483,d624ce77472d68a35037170ec1d2d27e) (ScriptedImporter) -> (artifact id: 'c04b9a14873fedccbc50ebe94553381c') in 0.013131458 seconds
Number of updated asset objects reloaded before import = 0Number of asset objects unloaded after import = 0

========================================================================
Received Import Request.
  Time since last request: 0.000046 seconds.
  path: Assets/Wwise/Documentation/Windows/en
  artifactKey: Guid(264623ab49ec141408800e6aca91db8c) Importer(2089858483,d624ce77472d68a35037170ec1d2d27e)
Start importing Assets/Wwise/Documentation/Windows/en using Guid(264623ab49ec141408800e6aca91db8c) Importer(2089858483,d624ce77472d68a35037170ec1d2d27e) (ScriptedImporter) -> (artifact id: '9bc22d1d9a31e6ff9a28fd3e4512bf0a') in 0.001101875 seconds
Number of updated asset objects reloaded before import = 0Number of asset objects unloaded after import = 1

========================================================================
Received Import Request.
  Time since last request: 0.000044 seconds.
  path: Assets/TutorialInfo/Scripts
  artifactKey: Guid(5a9bcd70e6a4b4b05badaa72e827d8e0) Importer(2089858483,d624ce77472d68a35037170ec1d2d27e)
Start importing Assets/TutorialInfo/Scripts using Guid(5a9bcd70e6a4b4b05badaa72e827d8e0) Importer(2089858483,d624ce77472d68a35037170ec1d2d27e) (ScriptedImporter) -> (artifact id: '7faf499e35539d13e6221bfafbec401e') in 0.001041125 seconds
Number of updated asset objects reloaded before import = 0Number of asset objects unloaded after import = 1

========================================================================
Received Import Request.
  Time since last request: 0.000045 seconds.
  path: Assets/Wwise/Tools/AddressableInstaller/Editor/AddressableAssetBuilder.cs
  artifactKey: Guid(5a188745ddeea4596aa5a73188058a9c) Importer(2089858483,d624ce77472d68a35037170ec1d2d27e)
Start importing Assets/Wwise/Tools/AddressableInstaller/Editor/AddressableAssetBuilder.cs using Guid(5a188745ddeea4596aa5a73188058a9c) Importer(2089858483,d624ce77472d68a35037170ec1d2d27e) (ScriptedImporter) -> (artifact id: '82b82fb06a1a38475f11d1d5d0d863bf') in 0.001150541 seconds
Number of updated asset objects reloaded before import = 0Number of asset objects unloaded after import = 0

========================================================================
Received Import Request.
  Time since last request: 0.000045 seconds.
  path: Assets/Wwise/Tools/AddressableUpdater/Editor
  artifactKey: Guid(60b3ca569a32a4bf5a126a398c900674) Importer(2089858483,d624ce77472d68a35037170ec1d2d27e)
Start importing Assets/Wwise/Tools/AddressableUpdater/Editor using Guid(60b3ca569a32a4bf5a126a398c900674) Importer(2089858483,d624ce77472d68a35037170ec1d2d27e) (ScriptedImporter) -> (artifact id: 'd2dea5cc871823965c564268e7f3945a') in 0.000926167 seconds
Number of updated asset objects reloaded before import = 0Number of asset objects unloaded after import = 1

========================================================================
Received Import Request.
  Time since last request: 0.000069 seconds.
  path: Assets/Wwise/API/Editor/WwiseWindows/AkWwiseTreeDataSource.cs
  artifactKey: Guid(f3ac35dd4541240be9c8542d5dcf3590) Importer(2089858483,d624ce77472d68a35037170ec1d2d27e)
Start importing Assets/Wwise/API/Editor/WwiseWindows/AkWwiseTreeDataSource.cs using Guid(f3ac35dd4541240be9c8542d5dcf3590) Importer(2089858483,d624ce77472d68a35037170ec1d2d27e) (ScriptedImporter) -> (artifact id: '1620e3da6509e9a7d7a313dec2bfd6c3') in 0.0012325 seconds
Number of updated asset objects reloaded before import = 0Number of asset objects unloaded after import = 0

========================================================================
Received Import Request.
  Time since last request: 0.000049 seconds.
  path: Assets/Wwise/API/Editor/WwiseWindows/TreeViewIcons/gameparameter_nor.png
  artifactKey: Guid(7b0b7785145194faa87ecea0b1745caa) Importer(2089858483,d624ce77472d68a35037170ec1d2d27e)
Start importing Assets/Wwise/API/Editor/WwiseWindows/TreeViewIcons/gameparameter_nor.png using Guid(7b0b7785145194faa87ecea0b1745caa) Importer(2089858483,d624ce77472d68a35037170ec1d2d27e) (ScriptedImporter) -> (artifact id: '8f514b1ef7ee240dffa9163577a61685') in 0.02754825 seconds
Number of updated asset objects reloaded before import = 0Number of asset objects unloaded after import = 1

========================================================================
Received Import Request.
  Time since last request: 0.000060 seconds.
  path: Assets/Wwise/API/Runtime/Plugins/Windows/x86_64/Debug/AkSoundEngine.pdb
  artifactKey: Guid(0b43abc9fe65545e592516058d6b9191) Importer(2089858483,d624ce77472d68a35037170ec1d2d27e)
Start importing Assets/Wwise/API/Runtime/Plugins/Windows/x86_64/Debug/AkSoundEngine.pdb using Guid(0b43abc9fe65545e592516058d6b9191) Importer(2089858483,d624ce77472d68a35037170ec1d2d27e) (ScriptedImporter) -> (artifact id: '4c245d36518a2422052db90e2328336e') in 0.001325166 seconds
Number of updated asset objects reloaded before import = 0Number of asset objects unloaded after import = 1

========================================================================
Received Import Request.
  Time since last request: 0.000037 seconds.
  path: Assets/Wwise/API/Runtime/Plugins/Windows/x86_64/DSP/iZotope.pdb
  artifactKey: Guid(8e0296453c8a0409d8affb3481ac526c) Importer(2089858483,d624ce77472d68a35037170ec1d2d27e)
Start importing Assets/Wwise/API/Runtime/Plugins/Windows/x86_64/DSP/iZotope.pdb using Guid(8e0296453c8a0409d8affb3481ac526c) Importer(2089858483,d624ce77472d68a35037170ec1d2d27e) (ScriptedImporter) -> (artifact id: '5a8aaa0f13d1090ea50257002d7d81a9') in 0.001084333 seconds
Number of updated asset objects reloaded before import = 0Number of asset objects unloaded after import = 1

========================================================================
Received Import Request.
  Time since last request: 0.000034 seconds.
  path: Assets/Wwise/API/Editor/WwiseWindows/TreeViewIcons/trigger_nor.png
  artifactKey: Guid(5e841d9d1cbbe48ec8c7ffbaa8af44f8) Importer(2089858483,d624ce77472d68a35037170ec1d2d27e)
Start importing Assets/Wwise/API/Editor/WwiseWindows/TreeViewIcons/trigger_nor.png using Guid(5e841d9d1cbbe48ec8c7ffbaa8af44f8) Importer(2089858483,d624ce77472d68a35037170ec1d2d27e) (ScriptedImporter) -> (artifact id: 'a7f77f162f9e4e9013e39f322f9d2474') in 0.003611083 seconds
Number of updated asset objects reloaded before import = 0Number of asset objects unloaded after import = 1

========================================================================
Received Import Request.
  Time since last request: 0.000043 seconds.
  path: Assets/Scripts/TowerDefense/Towers/Projectiles
  artifactKey: Guid(cd4152041512479d87092c2e45d43ef8) Importer(2089858483,d624ce77472d68a35037170ec1d2d27e)
Start importing Assets/Scripts/TowerDefense/Towers/Projectiles using Guid(cd4152041512479d87092c2e45d43ef8) Importer(2089858483,d624ce77472d68a35037170ec1d2d27e) (ScriptedImporter) -> (artifact id: '74d137938ceab2a19d3b51e4934e57c7') in 0.001117416 seconds
Number of updated asset objects reloaded before import = 0Number of asset objects unloaded after import = 1

========================================================================
Received Import Request.
  Time since last request: 0.000048 seconds.
  path: Assets/Scripts/Core/Health
  artifactKey: Guid(04cead6a5a764f9db41995aec61a899d) Importer(2089858483,d624ce77472d68a35037170ec1d2d27e)
Start importing Assets/Scripts/Core/Health using Guid(04cead6a5a764f9db41995aec61a899d) Importer(2089858483,d624ce77472d68a35037170ec1d2d27e) (ScriptedImporter) -> (artifact id: '7989af5f0401bce23c00797c89616b90') in 0.001148875 seconds
Number of updated asset objects reloaded before import = 0Number of asset objects unloaded after import = 1

========================================================================
Received Import Request.
  Time since last request: 0.000063 seconds.
  path: Assets/Wwise/API/Runtime/Plugins/Mac/Release
  artifactKey: Guid(b4c541a7bff5b427095acf9d53d00a6e) Importer(2089858483,d624ce77472d68a35037170ec1d2d27e)
Start importing Assets/Wwise/API/Runtime/Plugins/Mac/Release using Guid(b4c541a7bff5b427095acf9d53d00a6e) Importer(2089858483,d624ce77472d68a35037170ec1d2d27e) (ScriptedImporter) -> (artifact id: '470d1c6c6effa0e41f14f75c161e4d68') in 0.000927042 seconds
Number of updated asset objects reloaded before import = 0Number of asset objects unloaded after import = 1

========================================================================
Received Import Request.
  Time since last request: 0.000035 seconds.
  path: Assets/Scenes/Levels/Level1_Prototype
  artifactKey: Guid(8f5f3b92f8929463eafbe5acd97c1de2) Importer(2089858483,d624ce77472d68a35037170ec1d2d27e)
Start importing Assets/Scenes/Levels/Level1_Prototype using Guid(8f5f3b92f8929463eafbe5acd97c1de2) Importer(2089858483,d624ce77472d68a35037170ec1d2d27e) (ScriptedImporter) -> (artifact id: '7a3273bf65078b6a51cf2c0f7ac8624e') in 0.001185208 seconds
Number of updated asset objects reloaded before import = 0Number of asset objects unloaded after import = 1

========================================================================
Received Import Request.
  Time since last request: 0.000062 seconds.
  path: Assets/Wwise/API/Runtime/Generated/Common/AkGroupType.cs
  artifactKey: Guid(dc3a0562f62374b4ba74886a77a5bc39) Importer(2089858483,d624ce77472d68a35037170ec1d2d27e)
Start importing Assets/Wwise/API/Runtime/Generated/Common/AkGroupType.cs using Guid(dc3a0562f62374b4ba74886a77a5bc39) Importer(2089858483,d624ce77472d68a35037170ec1d2d27e) (ScriptedImporter) -> (artifact id: 'd887beae7ef708de3e2169bc9a160e99') in 0.001172292 seconds
Number of updated asset objects reloaded before import = 0Number of asset objects unloaded after import = 0

========================================================================
Received Import Request.
  Time since last request: 0.000043 seconds.
  path: Assets/Scripts/TowerDefense/Level/Editor
  artifactKey: Guid(a8a6efc0949149408b2f35895906998c) Importer(2089858483,d624ce77472d68a35037170ec1d2d27e)
Start importing Assets/Scripts/TowerDefense/Level/Editor using Guid(a8a6efc0949149408b2f35895906998c) Importer(2089858483,d624ce77472d68a35037170ec1d2d27e) (ScriptedImporter) -> (artifact id: '956c7e58b81b881809d9a78fb9d67519') in 0.001076666 seconds
Number of updated asset objects reloaded before import = 0Number of asset objects unloaded after import = 1

========================================================================
Received Import Request.
  Time since last request: 0.000035 seconds.
  path: Assets/Wwise/API/Runtime/Generated/Common/AkAudioInterruptionCallbackInfo.cs
  artifactKey: Guid(3bac50e440e484af38b429fe6c2a6325) Importer(2089858483,d624ce77472d68a35037170ec1d2d27e)
Start importing Assets/Wwise/API/Runtime/Generated/Common/AkAudioInterruptionCallbackInfo.cs using Guid(3bac50e440e484af38b429fe6c2a6325) Importer(2089858483,d624ce77472d68a35037170ec1d2d27e) (ScriptedImporter) -> (artifact id: 'b4426956caa3a42f1a094b320a1766ca') in 0.001186833 seconds
Number of updated asset objects reloaded before import = 0Number of asset objects unloaded after import = 0

========================================================================
Received Import Request.
  Time since last request: 0.000077 seconds.
  path: Assets/Wwise/API/Runtime/Plugins/Windows/x86_64/Debug/AkSoundEngine.dll
  artifactKey: Guid(4df0bec26a2a84012b31b404bf6ed88f) Importer(2089858483,d624ce77472d68a35037170ec1d2d27e)
Start importing Assets/Wwise/API/Runtime/Plugins/Windows/x86_64/Debug/AkSoundEngine.dll using Guid(4df0bec26a2a84012b31b404bf6ed88f) Importer(2089858483,d624ce77472d68a35037170ec1d2d27e) (ScriptedImporter) -> (artifact id: '7fd8ce4c7f1e15f11b762c9594f34dd1') in 0.002160917 seconds
Number of updated asset objects reloaded before import = 0Number of asset objects unloaded after import = 0

========================================================================
Received Import Request.
  Time since last request: 0.000049 seconds.
  path: Assets/Wwise/API/Runtime/Handwritten/Common/Arrays/AkDeviceDescriptionArray.cs
  artifactKey: Guid(97c596305f8394a45aaac9d09780e209) Importer(2089858483,d624ce77472d68a35037170ec1d2d27e)
Start importing Assets/Wwise/API/Runtime/Handwritten/Common/Arrays/AkDeviceDescriptionArray.cs using Guid(97c596305f8394a45aaac9d09780e209) Importer(2089858483,d624ce77472d68a35037170ec1d2d27e) (ScriptedImporter) -> (artifact id: '2cbcc1989faaaa69ad8887d1f310e45c') in 0.001463708 seconds
Number of updated asset objects reloaded before import = 0Number of asset objects unloaded after import = 0

========================================================================
Received Import Request.
  Time since last request: 0.000049 seconds.
  path: Assets/Scripts/TowerDefense/Targetting
  artifactKey: Guid(8ea43768489049009265cbeddde1ea36) Importer(2089858483,d624ce77472d68a35037170ec1d2d27e)
Start importing Assets/Scripts/TowerDefense/Targetting using Guid(8ea43768489049009265cbeddde1ea36) Importer(2089858483,d624ce77472d68a35037170ec1d2d27e) (ScriptedImporter) -> (artifact id: 'f7a546412230a7cbe11a1e7fff0b6abd') in 0.001019041 seconds
Number of updated asset objects reloaded before import = 0Number of asset objects unloaded after import = 1

========================================================================
Received Import Request.
  Time since last request: 0.000044 seconds.
  path: Assets/Wwise/API/Runtime/Handwritten/Mac/AkMacSettings.cs
  artifactKey: Guid(fdf29cf5d441a4f26a321156f57bb7a5) Importer(2089858483,d624ce77472d68a35037170ec1d2d27e)
Start importing Assets/Wwise/API/Runtime/Handwritten/Mac/AkMacSettings.cs using Guid(fdf29cf5d441a4f26a321156f57bb7a5) Importer(2089858483,d624ce77472d68a35037170ec1d2d27e) (ScriptedImporter) -> (artifact id: '25201e4d2bd3ef7f5c66b039d85e9444') in 0.001350625 seconds
Number of updated asset objects reloaded before import = 0Number of asset objects unloaded after import = 0

========================================================================
Received Import Request.
  Time since last request: 0.000051 seconds.
  path: Assets/Wwise/API/Runtime/Plugins/Windows/x86/DSP/iZotope.dll
  artifactKey: Guid(78590db2ca46f40e2b8d0294838ffce6) Importer(2089858483,d624ce77472d68a35037170ec1d2d27e)
Start importing Assets/Wwise/API/Runtime/Plugins/Windows/x86/DSP/iZotope.dll using Guid(78590db2ca46f40e2b8d0294838ffce6) Importer(2089858483,d624ce77472d68a35037170ec1d2d27e) (ScriptedImporter) -> (artifact id: 'c625a35d67dafa4c6b8e486c9091722e') in 0.001410833 seconds
Number of updated asset objects reloaded before import = 0Number of asset objects unloaded after import = 0

========================================================================
Received Import Request.
  Time since last request: 0.000049 seconds.
  path: Assets/PostProcessing/Editor/Monitors
  artifactKey: Guid(e31078d57ac582944ad5e1e76a84f36a) Importer(2089858483,d624ce77472d68a35037170ec1d2d27e)
Start importing Assets/PostProcessing/Editor/Monitors using Guid(e31078d57ac582944ad5e1e76a84f36a) Importer(2089858483,d624ce77472d68a35037170ec1d2d27e) (ScriptedImporter) -> (artifact id: 'e707b93e5bc32cee238028db31f8e999') in 0.000966333 seconds
Number of updated asset objects reloaded before import = 0Number of asset objects unloaded after import = 1

========================================================================
Received Import Request.
  Time since last request: 0.000035 seconds.
  path: Assets/Wwise/API/Runtime/Plugins/Windows/x86_64/DSP/iZotope.dll
  artifactKey: Guid(77a4fd19f8a3046739c50b34a55a62d2) Importer(2089858483,d624ce77472d68a35037170ec1d2d27e)
Start importing Assets/Wwise/API/Runtime/Plugins/Windows/x86_64/DSP/iZotope.dll using Guid(77a4fd19f8a3046739c50b34a55a62d2) Importer(2089858483,d624ce77472d68a35037170ec1d2d27e) (ScriptedImporter) -> (artifact id: 'ed826d42d4d02f095047b4734e9ff63c') in 0.001501833 seconds
Number of updated asset objects reloaded before import = 0Number of asset objects unloaded after import = 0

========================================================================
Received Import Request.
  Time since last request: 0.000057 seconds.
  path: Assets/Scripts/TowerDefense/Agents/Data
  artifactKey: Guid(1704a6a36d5f44e3f8c4d5e24b231959) Importer(2089858483,d624ce77472d68a35037170ec1d2d27e)
Start importing Assets/Scripts/TowerDefense/Agents/Data using Guid(1704a6a36d5f44e3f8c4d5e24b231959) Importer(2089858483,d624ce77472d68a35037170ec1d2d27e) (ScriptedImporter) -> (artifact id: 'af8da36b53ae5a900b7dfe538176a282') in 0.000962917 seconds
Number of updated asset objects reloaded before import = 0Number of asset objects unloaded after import = 1

========================================================================
Received Import Request.
  Time since last request: 0.000050 seconds.
  path: Assets/Wwise/API/Runtime/Handwritten/Common/AkWwiseSoundbanksInfoXMLFileWatcher.cs
  artifactKey: Guid(3fc9b6d96e11d42fb94e9e096e9dbe63) Importer(2089858483,d624ce77472d68a35037170ec1d2d27e)
Start importing Assets/Wwise/API/Runtime/Handwritten/Common/AkWwiseSoundbanksInfoXMLFileWatcher.cs using Guid(3fc9b6d96e11d42fb94e9e096e9dbe63) Importer(2089858483,d624ce77472d68a35037170ec1d2d27e) (ScriptedImporter) -> (artifact id: '5a51c0908ebe3850c15e739a85f610bb') in 0.001301375 seconds
Number of updated asset objects reloaded before import = 0Number of asset objects unloaded after import = 0

========================================================================
Received Import Request.
  Time since last request: 0.000035 seconds.
  path: Assets/PostProcessing
  artifactKey: Guid(f7e89f2da03bc4add9e3de8d47e4b2d1) Importer(2089858483,d624ce77472d68a35037170ec1d2d27e)
Start importing Assets/PostProcessing using Guid(f7e89f2da03bc4add9e3de8d47e4b2d1) Importer(2089858483,d624ce77472d68a35037170ec1d2d27e) (ScriptedImporter) -> (artifact id: '36f80a6518cbc89556274b8248a07994') in 0.001085417 seconds
Number of updated asset objects reloaded before import = 0Number of asset objects unloaded after import = 1

========================================================================
Received Import Request.
  Time since last request: 0.000039 seconds.
  path: Assets/Scripts/TowerDefense/Input
  artifactKey: Guid(19ce45bdfa32461abe76161129acbc19) Importer(2089858483,d624ce77472d68a35037170ec1d2d27e)
Start importing Assets/Scripts/TowerDefense/Input using Guid(19ce45bdfa32461abe76161129acbc19) Importer(2089858483,d624ce77472d68a35037170ec1d2d27e) (ScriptedImporter) -> (artifact id: 'ff392c8ecd446ca30abb51f1cdfc5197') in 0.000937542 seconds
Number of updated asset objects reloaded before import = 0Number of asset objects unloaded after import = 1

========================================================================
Received Import Request.
  Time since last request: 0.000034 seconds.
  path: Assets/Wwise/API/Runtime/Generated/Common/AkTransform.cs
  artifactKey: Guid(5701271a5f20e44c5b2f98f520fd0503) Importer(2089858483,d624ce77472d68a35037170ec1d2d27e)
Start importing Assets/Wwise/API/Runtime/Generated/Common/AkTransform.cs using Guid(5701271a5f20e44c5b2f98f520fd0503) Importer(2089858483,d624ce77472d68a35037170ec1d2d27e) (ScriptedImporter) -> (artifact id: 'be00c9cdacbcb192dc59d68e2f5c6e92') in 0.001155709 seconds
Number of updated asset objects reloaded before import = 0Number of asset objects unloaded after import = 0

========================================================================
Received Import Request.
  Time since last request: 0.000068 seconds.
  path: Assets/Scenes/Levels/Level1
  artifactKey: Guid(70210856baa35484595b49367047635c) Importer(2089858483,d624ce77472d68a35037170ec1d2d27e)
Start importing Assets/Scenes/Levels/Level1 using Guid(70210856baa35484595b49367047635c) Importer(2089858483,d624ce77472d68a35037170ec1d2d27e) (ScriptedImporter) -> (artifact id: 'd00b56671ec4a93c02937223b24310a0') in 0.001081458 seconds
Number of updated asset objects reloaded before import = 0Number of asset objects unloaded after import = 1

========================================================================
Received Import Request.
  Time since last request: 0.000038 seconds.
  path: Assets/Wwise/API/Runtime/WwiseTypes/WwiseObjects/WwiseAcousticTextureReference.cs
  artifactKey: Guid(a25f21af51d30443a9d9c1cc901c76eb) Importer(2089858483,d624ce77472d68a35037170ec1d2d27e)
Start importing Assets/Wwise/API/Runtime/WwiseTypes/WwiseObjects/WwiseAcousticTextureReference.cs using Guid(a25f21af51d30443a9d9c1cc901c76eb) Importer(2089858483,d624ce77472d68a35037170ec1d2d27e) (ScriptedImporter) -> (artifact id: 'df2a43c2bd97dbc29d7f7dc7dae8c8ec') in 0.001231459 seconds
Number of updated asset objects reloaded before import = 0Number of asset objects unloaded after import = 0

========================================================================
Received Import Request.
  Time since last request: 0.000089 seconds.
  path: Assets/Audio/SFX/Towers
  artifactKey: Guid(6923f130ccb1d4a92be5a1fb24b96e79) Importer(2089858483,d624ce77472d68a35037170ec1d2d27e)
Start importing Assets/Audio/SFX/Towers using Guid(6923f130ccb1d4a92be5a1fb24b96e79) Importer(2089858483,d624ce77472d68a35037170ec1d2d27e) (ScriptedImporter) -> (artifact id: '08f740f9b08cae3d13244440d952815f') in 0.000925625 seconds
Number of updated asset objects reloaded before import = 0Number of asset objects unloaded after import = 1

========================================================================
Received Import Request.
  Time since last request: 0.000054 seconds.
  path: Assets/Wwise/API/Runtime/Generated/Common/AkDiffractionPathInfo.cs
  artifactKey: Guid(d68b0f53393344e6d9794bfe308b2a08) Importer(2089858483,d624ce77472d68a35037170ec1d2d27e)
Start importing Assets/Wwise/API/Runtime/Generated/Common/AkDiffractionPathInfo.cs using Guid(d68b0f53393344e6d9794bfe308b2a08) Importer(2089858483,d624ce77472d68a35037170ec1d2d27e) (ScriptedImporter) -> (artifact id: 'e709a410bfa68f12f13932f9e123ff1e') in 0.001261667 seconds
Number of updated asset objects reloaded before import = 0Number of asset objects unloaded after import = 0

========================================================================
Received Import Request.
  Time since last request: 0.000054 seconds.
  path: Assets/Wwise/MonoBehaviour/Editor/WwiseSetupWizard/AkWwiseSetupWizard.cs
  artifactKey: Guid(38696d867a9d34d1aba3501de9a9a51f) Importer(2089858483,d624ce77472d68a35037170ec1d2d27e)
Start importing Assets/Wwise/MonoBehaviour/Editor/WwiseSetupWizard/AkWwiseSetupWizard.cs using Guid(38696d867a9d34d1aba3501de9a9a51f) Importer(2089858483,d624ce77472d68a35037170ec1d2d27e) (ScriptedImporter) -> (artifact id: '7af88d46764cabcae3f3bb2db62d99a9') in 0.001162125 seconds
Number of updated asset objects reloaded before import = 0Number of asset objects unloaded after import = 0

========================================================================
Received Import Request.
  Time since last request: 0.000044 seconds.
  path: Assets/Wwise/API/Runtime/Generated/Common/Ak3DSpatializationMode.cs
  artifactKey: Guid(51f7651568ea44ed2af8888a062b6eab) Importer(2089858483,d624ce77472d68a35037170ec1d2d27e)
Start importing Assets/Wwise/API/Runtime/Generated/Common/Ak3DSpatializationMode.cs using Guid(51f7651568ea44ed2af8888a062b6eab) Importer(2089858483,d624ce77472d68a35037170ec1d2d27e) (ScriptedImporter) -> (artifact id: '2cad91fd836974fbd28d11b5b7c5a15e') in 0.001151666 seconds
Number of updated asset objects reloaded before import = 0Number of asset objects unloaded after import = 0

========================================================================
Received Import Request.
  Time since last request: 0.000076 seconds.
  path: Assets/StreamingAssets
  artifactKey: Guid(5b94ee74e488f408b8366a9efca75905) Importer(2089858483,d624ce77472d68a35037170ec1d2d27e)
Start importing Assets/StreamingAssets using Guid(5b94ee74e488f408b8366a9efca75905) Importer(2089858483,d624ce77472d68a35037170ec1d2d27e) (ScriptedImporter) -> (artifact id: '8fd6ce561a49a2b1d1ce57394e7ae270') in 0.001013333 seconds
Number of updated asset objects reloaded before import = 0Number of asset objects unloaded after import = 1

========================================================================
Received Import Request.
  Time since last request: 0.000071 seconds.
  path: Assets/Scripts/TowerDefense/Targetting/Editor
  artifactKey: Guid(300087e75371472bbdcf6831fd16acf7) Importer(2089858483,d624ce77472d68a35037170ec1d2d27e)
Start importing Assets/Scripts/TowerDefense/Targetting/Editor using Guid(300087e75371472bbdcf6831fd16acf7) Importer(2089858483,d624ce77472d68a35037170ec1d2d27e) (ScriptedImporter) -> (artifact id: '7694e9e9c2e5ecebf5e1077a5de89fdb') in 0.001030667 seconds
Number of updated asset objects reloaded before import = 0Number of asset objects unloaded after import = 1

========================================================================
Received Import Request.
  Time since last request: 0.000059 seconds.
  path: Assets/Wwise/Tools/AddressableInstaller/Editor
  artifactKey: Guid(4d87762b09fce4c66802c3ab6531830d) Importer(2089858483,d624ce77472d68a35037170ec1d2d27e)
Start importing Assets/Wwise/Tools/AddressableInstaller/Editor using Guid(4d87762b09fce4c66802c3ab6531830d) Importer(2089858483,d624ce77472d68a35037170ec1d2d27e) (ScriptedImporter) -> (artifact id: '24d3091b7cbf14cb3970a550b9256813') in 0.001073958 seconds
Number of updated asset objects reloaded before import = 0Number of asset objects unloaded after import = 1

========================================================================
Received Import Request.
  Time since last request: 0.000044 seconds.
  path: Assets/Particles/Textures
  artifactKey: Guid(9f134b3c75b27490e8fe6deee54eeebb) Importer(2089858483,d624ce77472d68a35037170ec1d2d27e)
Start importing Assets/Particles/Textures using Guid(9f134b3c75b27490e8fe6deee54eeebb) Importer(2089858483,d624ce77472d68a35037170ec1d2d27e) (ScriptedImporter) -> (artifact id: 'f8f8400ce6f269abc6137d1edbe892a5') in 0.000955833 seconds
Number of updated asset objects reloaded before import = 0Number of asset objects unloaded after import = 1

========================================================================
Received Import Request.
  Time since last request: 0.000094 seconds.
  path: Assets/Wwise/MonoBehaviour/Runtime/AkTriggerCollisionEnter.cs
  artifactKey: Guid(f48c02c739b5b41299f37220ada4c5a0) Importer(2089858483,d624ce77472d68a35037170ec1d2d27e)
Start importing Assets/Wwise/MonoBehaviour/Runtime/AkTriggerCollisionEnter.cs using Guid(f48c02c739b5b41299f37220ada4c5a0) Importer(2089858483,d624ce77472d68a35037170ec1d2d27e) (ScriptedImporter) -> (artifact id: 'fdbdd5d325a7358609f5a04b49eeb7c2') in 0.001246833 seconds
Number of updated asset objects reloaded before import = 0Number of asset objects unloaded after import = 0

========================================================================
Received Import Request.
  Time since last request: 0.000047 seconds.
  path: Assets/Wwise/MonoBehaviour/Runtime/AkRoomPortalObstruction.cs
  artifactKey: Guid(c6ed5e917eb014e83a2afbbc0734b794) Importer(2089858483,d624ce77472d68a35037170ec1d2d27e)
Start importing Assets/Wwise/MonoBehaviour/Runtime/AkRoomPortalObstruction.cs using Guid(c6ed5e917eb014e83a2afbbc0734b794) Importer(2089858483,d624ce77472d68a35037170ec1d2d27e) (ScriptedImporter) -> (artifact id: '5128dcbd9e921d77c23c905af3521a55') in 0.001077875 seconds
Number of updated asset objects reloaded before import = 0Number of asset objects unloaded after import = 0

========================================================================
Received Import Request.
  Time since last request: 0.000059 seconds.
  path: Assets/Wwise/API/Editor/WwiseTypes
  artifactKey: Guid(e908cb7e55272435d91950da59050f5b) Importer(2089858483,d624ce77472d68a35037170ec1d2d27e)
Start importing Assets/Wwise/API/Editor/WwiseTypes using Guid(e908cb7e55272435d91950da59050f5b) Importer(2089858483,d624ce77472d68a35037170ec1d2d27e) (ScriptedImporter) -> (artifact id: '63a7032310bcbaaa1f40734ffd2759a0') in 0.000899167 seconds
Number of updated asset objects reloaded before import = 0Number of asset objects unloaded after import = 1

========================================================================
Received Import Request.
  Time since last request: 0.000049 seconds.
  path: Assets/Wwise/API/Editor/WwiseMenu/Common
  artifactKey: Guid(109b1d3d478fb41ca8863c0b4b4f7eeb) Importer(2089858483,d624ce77472d68a35037170ec1d2d27e)
Start importing Assets/Wwise/API/Editor/WwiseMenu/Common using Guid(109b1d3d478fb41ca8863c0b4b4f7eeb) Importer(2089858483,d624ce77472d68a35037170ec1d2d27e) (ScriptedImporter) -> (artifact id: '50e867768480f6a31254b68f2dceaa5f') in 0.000846041 seconds
Number of updated asset objects reloaded before import = 0Number of asset objects unloaded after import = 1

========================================================================
Received Import Request.
  Time since last request: 0.000035 seconds.
  path: Assets/Wwise/API/Editor/PluginActivator/Common/AkPluginInfo.cs
  artifactKey: Guid(dba9322eb781f4febb8278e46244898d) Importer(2089858483,d624ce77472d68a35037170ec1d2d27e)
Start importing Assets/Wwise/API/Editor/PluginActivator/Common/AkPluginInfo.cs using Guid(dba9322eb781f4febb8278e46244898d) Importer(2089858483,d624ce77472d68a35037170ec1d2d27e) (ScriptedImporter) -> (artifact id: '97e0cf58e3b718e17adfc42fd484d2b0') in 0.001445709 seconds
Number of updated asset objects reloaded before import = 0Number of asset objects unloaded after import = 0

========================================================================
Received Import Request.
  Time since last request: 0.000027 seconds.
  path: Assets/Prefabs/UI
  artifactKey: Guid(4db888e97081e4d6ea8ec4bbd43fa2bc) Importer(2089858483,d624ce77472d68a35037170ec1d2d27e)
Start importing Assets/Prefabs/UI using Guid(4db888e97081e4d6ea8ec4bbd43fa2bc) Importer(2089858483,d624ce77472d68a35037170ec1d2d27e) (ScriptedImporter) -> (artifact id: 'c460e45be29ab43719a85e22b9fe215c') in 0.000888416 seconds
Number of updated asset objects reloaded before import = 0Number of asset objects unloaded after import = 1

========================================================================
Received Import Request.
  Time since last request: 0.000026 seconds.
  path: Assets/Wwise/API/Runtime/Generated/Common/AkBehavioralPositioningData.cs
  artifactKey: Guid(ec01e5ef660154235b33e01e2b1b7e2f) Importer(2089858483,d624ce77472d68a35037170ec1d2d27e)
Start importing Assets/Wwise/API/Runtime/Generated/Common/AkBehavioralPositioningData.cs using Guid(ec01e5ef660154235b33e01e2b1b7e2f) Importer(2089858483,d624ce77472d68a35037170ec1d2d27e) (ScriptedImporter) -> (artifact id: 'f7d284467e3f1d2ad46f74bad230bf1e') in 0.001118541 seconds
Number of updated asset objects reloaded before import = 0Number of asset objects unloaded after import = 0

========================================================================
Received Import Request.
  Time since last request: 0.000046 seconds.
  path: Assets/Scripts/ActionGameFramework
  artifactKey: Guid(6c602b5c8d7cc42db835c411ec69a685) Importer(2089858483,d624ce77472d68a35037170ec1d2d27e)
Start importing Assets/Scripts/ActionGameFramework using Guid(6c602b5c8d7cc42db835c411ec69a685) Importer(2089858483,d624ce77472d68a35037170ec1d2d27e) (ScriptedImporter) -> (artifact id: 'eeb7cb97e7f907b23aece56e1fa307ed') in 0.000827667 seconds
Number of updated asset objects reloaded before import = 0Number of asset objects unloaded after import = 1

========================================================================
Received Import Request.
  Time since last request: 0.000038 seconds.
  path: Assets/Wwise/API/Runtime/Handwritten/Mac
  artifactKey: Guid(d1ef1b69faca04311ae58a472e930378) Importer(2089858483,d624ce77472d68a35037170ec1d2d27e)
Start importing Assets/Wwise/API/Runtime/Handwritten/Mac using Guid(d1ef1b69faca04311ae58a472e930378) Importer(2089858483,d624ce77472d68a35037170ec1d2d27e) (ScriptedImporter) -> (artifact id: '3f4b452d433cd7f8c390a011ffb80b78') in 0.001076042 seconds
Number of updated asset objects reloaded before import = 0Number of asset objects unloaded after import = 1

========================================================================
Received Import Request.
  Time since last request: 0.374971 seconds.
  path: Assets/Scripts/TowerDefense/Game
  artifactKey: Guid(11d66bf4dbe1149a9bb91297a4c683db) Importer(2089858483,d624ce77472d68a35037170ec1d2d27e)
Start importing Assets/Scripts/TowerDefense/Game using Guid(11d66bf4dbe1149a9bb91297a4c683db) Importer(2089858483,d624ce77472d68a35037170ec1d2d27e) (ScriptedImporter) -> (artifact id: 'b668f1f939b286647fcf4e27bd73c0d2') in 0.001388209 seconds
Number of updated asset objects reloaded before import = 0Number of asset objects unloaded after import = 1

========================================================================
Received Import Request.
  Time since last request: 0.000039 seconds.
  path: Assets/Wwise/API/Runtime/WwiseTypes/WwiseObjects/WwiseObjectType.cs
  artifactKey: Guid(3b3eac676389c41658483aac39de3cd7) Importer(2089858483,d624ce77472d68a35037170ec1d2d27e)
Start importing Assets/Wwise/API/Runtime/WwiseTypes/WwiseObjects/WwiseObjectType.cs using Guid(3b3eac676389c41658483aac39de3cd7) Importer(2089858483,d624ce77472d68a35037170ec1d2d27e) (ScriptedImporter) -> (artifact id: '81a41643f7bb6d82321928cab67331fe') in 0.001114375 seconds
Number of updated asset objects reloaded before import = 0Number of asset objects unloaded after import = 0

========================================================================
Received Import Request.
  Time since last request: 0.000046 seconds.
  path: Assets/Materials/UI
  artifactKey: Guid(32e9cfd90a32d4601ada9ba777aa57f6) Importer(2089858483,d624ce77472d68a35037170ec1d2d27e)
Start importing Assets/Materials/UI using Guid(32e9cfd90a32d4601ada9ba777aa57f6) Importer(2089858483,d624ce77472d68a35037170ec1d2d27e) (ScriptedImporter) -> (artifact id: 'dd45f33bc89eef757cb0ddff663b3e8d') in 0.001056083 seconds
Number of updated asset objects reloaded before import = 0Number of asset objects unloaded after import = 1

========================================================================
Received Import Request.
  Time since last request: 0.000046 seconds.
  path: Assets/Wwise/API/Runtime/WwiseTypes/WwiseObjects/WwiseRtpcReference.cs
  artifactKey: Guid(18f99440a178b494786c51a58ae50ff1) Importer(2089858483,d624ce77472d68a35037170ec1d2d27e)
Start importing Assets/Wwise/API/Runtime/WwiseTypes/WwiseObjects/WwiseRtpcReference.cs using Guid(18f99440a178b494786c51a58ae50ff1) Importer(2089858483,d624ce77472d68a35037170ec1d2d27e) (ScriptedImporter) -> (artifact id: '38363991c8515967bf505958c1f40369') in 0.001148583 seconds
Number of updated asset objects reloaded before import = 0Number of asset objects unloaded after import = 0

========================================================================
Received Import Request.
  Time since last request: 0.000069 seconds.
  path: Assets/Wwise/API/Runtime/Plugins/Mac/Debug/AkSoundEngine.bundle.dSYM/Contents/Resources/Relocations/aarch64
  artifactKey: Guid(cc69923b871174cbbb65f394c8504046) Importer(2089858483,d624ce77472d68a35037170ec1d2d27e)
Start importing Assets/Wwise/API/Runtime/Plugins/Mac/Debug/AkSoundEngine.bundle.dSYM/Contents/Resources/Relocations/aarch64 using Guid(cc69923b871174cbbb65f394c8504046) Importer(2089858483,d624ce77472d68a35037170ec1d2d27e) (ScriptedImporter) -> (artifact id: 'd5e851113b175200920c7d0ffcb98852') in 0.000848042 seconds
Number of updated asset objects reloaded before import = 0Number of asset objects unloaded after import = 1

========================================================================
Received Import Request.
  Time since last request: 0.000025 seconds.
  path: Assets/Wwise/API/Runtime/Generated/Windows/AkCommunicationSettings_Windows.cs
  artifactKey: Guid(abe40b0f7f40546dfae718de735722aa) Importer(2089858483,d624ce77472d68a35037170ec1d2d27e)
Start importing Assets/Wwise/API/Runtime/Generated/Windows/AkCommunicationSettings_Windows.cs using Guid(abe40b0f7f40546dfae718de735722aa) Importer(2089858483,d624ce77472d68a35037170ec1d2d27e) (ScriptedImporter) -> (artifact id: '987d325bc0c0e34d83b09d8341229974') in 0.00090425 seconds
Number of updated asset objects reloaded before import = 0Number of asset objects unloaded after import = 0

========================================================================
Received Import Request.
  Time since last request: 0.000025 seconds.
  path: Assets/Wwise/API/Runtime/Plugins/Windows/x86_64/Profile
  artifactKey: Guid(a81bf01e434d243519f5629c31f5ca84) Importer(2089858483,d624ce77472d68a35037170ec1d2d27e)
Start importing Assets/Wwise/API/Runtime/Plugins/Windows/x86_64/Profile using Guid(a81bf01e434d243519f5629c31f5ca84) Importer(2089858483,d624ce77472d68a35037170ec1d2d27e) (ScriptedImporter) -> (artifact id: '117b2d84d3f2db29a08c530956ee6823') in 0.000838875 seconds
Number of updated asset objects reloaded before import = 0Number of asset objects unloaded after import = 1

========================================================================
Received Import Request.
  Time since last request: 0.000036 seconds.
  path: Assets/Wwise/API/Runtime/Plugins/Windows/x86_64/DSP/AkSoundSeedGrain.pdb
  artifactKey: Guid(f9856723ac31b4e62b97faa8febf9c35) Importer(2089858483,d624ce77472d68a35037170ec1d2d27e)
Start importing Assets/Wwise/API/Runtime/Plugins/Windows/x86_64/DSP/AkSoundSeedGrain.pdb using Guid(f9856723ac31b4e62b97faa8febf9c35) Importer(2089858483,d624ce77472d68a35037170ec1d2d27e) (ScriptedImporter) -> (artifact id: '5aeaa867134460d27d36aebd6fd9f52b') in 0.001075458 seconds
Number of updated asset objects reloaded before import = 0Number of asset objects unloaded after import = 1

========================================================================
Received Import Request.
  Time since last request: 0.000030 seconds.
  path: Assets/Wwise/Timeline/Editor/AkEventPlayableInspector.cs
  artifactKey: Guid(82bc224d151414f47b2d43d08fb30034) Importer(2089858483,d624ce77472d68a35037170ec1d2d27e)
Start importing Assets/Wwise/Timeline/Editor/AkEventPlayableInspector.cs using Guid(82bc224d151414f47b2d43d08fb30034) Importer(2089858483,d624ce77472d68a35037170ec1d2d27e) (ScriptedImporter) -> (artifact id: 'a25329f78c70d75a5aa5b071b738898e') in 0.001409834 seconds
Number of updated asset objects reloaded before import = 0Number of asset objects unloaded after import = 0

========================================================================
Received Import Request.
  Time since last request: 0.000035 seconds.
  path: Assets/Wwise/API/Runtime/Plugins/Windows/x86_64/DSP/Auro.dll
  artifactKey: Guid(b4dc702e61c7549a781f8e4c4d589070) Importer(2089858483,d624ce77472d68a35037170ec1d2d27e)
Start importing Assets/Wwise/API/Runtime/Plugins/Windows/x86_64/DSP/Auro.dll using Guid(b4dc702e61c7549a781f8e4c4d589070) Importer(2089858483,d624ce77472d68a35037170ec1d2d27e) (ScriptedImporter) -> (artifact id: '9a8cff99b0cec52c215501fd614b3aba') in 0.001422834 seconds
Number of updated asset objects reloaded before import = 0Number of asset objects unloaded after import = 0

========================================================================
Received Import Request.
  Time since last request: 0.000050 seconds.
  path: Assets/Models/Units/Materials
  artifactKey: Guid(2f340b98081f9964283fc7a2bdb92a2a) Importer(2089858483,d624ce77472d68a35037170ec1d2d27e)
Start importing Assets/Models/Units/Materials using Guid(2f340b98081f9964283fc7a2bdb92a2a) Importer(2089858483,d624ce77472d68a35037170ec1d2d27e) (ScriptedImporter) -> (artifact id: 'f279c1183fd23723b36690daaee7abd6') in 0.000880791 seconds
Number of updated asset objects reloaded before import = 0Number of asset objects unloaded after import = 1

========================================================================
Received Import Request.
  Time since last request: 0.000027 seconds.
  path: Assets/Wwise/MonoBehaviour/Editor/AkGameObjListenerListDrawer.cs
  artifactKey: Guid(1fe175762c8134b36854b2a4b911c46f) Importer(2089858483,d624ce77472d68a35037170ec1d2d27e)
Start importing Assets/Wwise/MonoBehaviour/Editor/AkGameObjListenerListDrawer.cs using Guid(1fe175762c8134b36854b2a4b911c46f) Importer(2089858483,d624ce77472d68a35037170ec1d2d27e) (ScriptedImporter) -> (artifact id: 'fa9deb51bf6291a2348491ed316dfa7b') in 0.001163667 seconds
Number of updated asset objects reloaded before import = 0Number of asset objects unloaded after import = 0

========================================================================
Received Import Request.
  Time since last request: 0.000054 seconds.
  path: Assets/Audio/SFX/Towers/RocketLauncher
  artifactKey: Guid(a0b6bc90ee800478da20743f1afb0ba6) Importer(2089858483,d624ce77472d68a35037170ec1d2d27e)
Start importing Assets/Audio/SFX/Towers/RocketLauncher using Guid(a0b6bc90ee800478da20743f1afb0ba6) Importer(2089858483,d624ce77472d68a35037170ec1d2d27e) (ScriptedImporter) -> (artifact id: 'b95473263ef55b190200ad95af263327') in 0.001001584 seconds
Number of updated asset objects reloaded before import = 0Number of asset objects unloaded after import = 1

========================================================================
Received Import Request.
  Time since last request: 0.000043 seconds.
  path: Assets/Wwise/API
  artifactKey: Guid(8bcad951d66e546318fcca685e1028dc) Importer(2089858483,d624ce77472d68a35037170ec1d2d27e)
Start importing Assets/Wwise/API using Guid(8bcad951d66e546318fcca685e1028dc) Importer(2089858483,d624ce77472d68a35037170ec1d2d27e) (ScriptedImporter) -> (artifact id: '47c46bece2fa9dffeca0bc89facf4e8d') in 0.000887 seconds
Number of updated asset objects reloaded before import = 0Number of asset objects unloaded after import = 1

========================================================================
Received Import Request.
  Time since last request: 0.000029 seconds.
  path: Assets/Wwise/Documentation/Windows/en/WwiseUnityIntegrationHelp_en.chm
  artifactKey: Guid(868fe6f6ec03e4cdfa89926b14e043d5) Importer(2089858483,d624ce77472d68a35037170ec1d2d27e)
Start importing Assets/Wwise/Documentation/Windows/en/WwiseUnityIntegrationHelp_en.chm using Guid(868fe6f6ec03e4cdfa89926b14e043d5) Importer(2089858483,d624ce77472d68a35037170ec1d2d27e) (ScriptedImporter) -> (artifact id: '930870b40cff4c57f5e5f6cc6e24ca10') in 0.000864125 seconds
Number of updated asset objects reloaded before import = 0Number of asset objects unloaded after import = 1

========================================================================
Received Import Request.
  Time since last request: 0.000023 seconds.
  path: Assets/Wwise/API/Runtime/Generated/Mac/AkCommunicationSettings_Mac.cs
  artifactKey: Guid(4407c2d1a4eef4b7aa45cc43d6ca42fb) Importer(2089858483,d624ce77472d68a35037170ec1d2d27e)
Start importing Assets/Wwise/API/Runtime/Generated/Mac/AkCommunicationSettings_Mac.cs using Guid(4407c2d1a4eef4b7aa45cc43d6ca42fb) Importer(2089858483,d624ce77472d68a35037170ec1d2d27e) (ScriptedImporter) -> (artifact id: '201c7e2b9eb9d0de535ee85a809517c7') in 0.001041291 seconds
Number of updated asset objects reloaded before import = 0Number of asset objects unloaded after import = 0

========================================================================
Received Import Request.
  Time since last request: 0.000045 seconds.
  path: Assets/Wwise/API/Runtime/Generated/Common/AkMusicSyncCallbackInfo.cs
  artifactKey: Guid(72f0bac860c674ee2ae23121f86b388a) Importer(2089858483,d624ce77472d68a35037170ec1d2d27e)
Start importing Assets/Wwise/API/Runtime/Generated/Common/AkMusicSyncCallbackInfo.cs using Guid(72f0bac860c674ee2ae23121f86b388a) Importer(2089858483,d624ce77472d68a35037170ec1d2d27e) (ScriptedImporter) -> (artifact id: '251b477fb6b56a4917e686d784d2bff4') in 0.001059708 seconds
Number of updated asset objects reloaded before import = 0Number of asset objects unloaded after import = 0

========================================================================
Received Import Request.
  Time since last request: 0.000036 seconds.
  path: Assets/Wwise/API/Runtime/Generated/Common/AkAcousticSurface.cs
  artifactKey: Guid(14779ee6fb08945079a15e2e0cf00391) Importer(2089858483,d624ce77472d68a35037170ec1d2d27e)
Start importing Assets/Wwise/API/Runtime/Generated/Common/AkAcousticSurface.cs using Guid(14779ee6fb08945079a15e2e0cf00391) Importer(2089858483,d624ce77472d68a35037170ec1d2d27e) (ScriptedImporter) -> (artifact id: 'b6216106512a99b10d85f6d6b584a457') in 0.001135375 seconds
Number of updated asset objects reloaded before import = 0Number of asset objects unloaded after import = 0

========================================================================
Received Import Request.
  Time since last request: 0.000035 seconds.
  path: Assets/Wwise/API/Editor/WwiseWindows/AkWwiseProjectData.cs
  artifactKey: Guid(f78185fb4d2b141b0aa396b249d0c643) Importer(2089858483,d624ce77472d68a35037170ec1d2d27e)
Start importing Assets/Wwise/API/Editor/WwiseWindows/AkWwiseProjectData.cs using Guid(f78185fb4d2b141b0aa396b249d0c643) Importer(2089858483,d624ce77472d68a35037170ec1d2d27e) (ScriptedImporter) -> (artifact id: 'e365a1262a82893086a84fcbc076ac43') in 0.00097375 seconds
Number of updated asset objects reloaded before import = 0Number of asset objects unloaded after import = 0

========================================================================
Received Import Request.
  Time since last request: 0.000039 seconds.
  path: Assets/Wwise/API/Runtime/Plugins/Mac/Profile/AkSoundEngine.bundle.dSYM/Contents/Resources/Relocations
  artifactKey: Guid(79a8beac6eca1472b87619356befd1e2) Importer(2089858483,d624ce77472d68a35037170ec1d2d27e)
Start importing Assets/Wwise/API/Runtime/Plugins/Mac/Profile/AkSoundEngine.bundle.dSYM/Contents/Resources/Relocations using Guid(79a8beac6eca1472b87619356befd1e2) Importer(2089858483,d624ce77472d68a35037170ec1d2d27e) (ScriptedImporter) -> (artifact id: '4d2420060486581449e7fd492f351c68') in 0.001028542 seconds
Number of updated asset objects reloaded before import = 0Number of asset objects unloaded after import = 1

========================================================================
Received Import Request.
  Time since last request: 0.000025 seconds.
  path: Assets/Wwise/MonoBehaviour/Runtime/AkEmitterObstructionOcclusion.cs
  artifactKey: Guid(0a7dc28fdaca64d189059c5cb28751c4) Importer(2089858483,d624ce77472d68a35037170ec1d2d27e)
Start importing Assets/Wwise/MonoBehaviour/Runtime/AkEmitterObstructionOcclusion.cs using Guid(0a7dc28fdaca64d189059c5cb28751c4) Importer(2089858483,d624ce77472d68a35037170ec1d2d27e) (ScriptedImporter) -> (artifact id: '33527bf4c024fe49e07f0a8290362eec') in 0.001030542 seconds
Number of updated asset objects reloaded before import = 0Number of asset objects unloaded after import = 0

========================================================================
Received Import Request.
  Time since last request: 0.000035 seconds.
  path: Assets/Wwise/API/Runtime/Generated/Common/AkAttenuationCurveType.cs
  artifactKey: Guid(72ae3bd51b0904d9fbd76e855f97e985) Importer(2089858483,d624ce77472d68a35037170ec1d2d27e)
Start importing Assets/Wwise/API/Runtime/Generated/Common/AkAttenuationCurveType.cs using Guid(72ae3bd51b0904d9fbd76e855f97e985) Importer(2089858483,d624ce77472d68a35037170ec1d2d27e) (ScriptedImporter) -> (artifact id: '4b817359d6d749dd190425993236e67f') in 0.000930875 seconds
Number of updated asset objects reloaded before import = 0Number of asset objects unloaded after import = 0

========================================================================
Received Import Request.
  Time since last request: 0.000040 seconds.
  path: Assets/Wwise/API/Runtime/Generated/Common/AkMonitorErrorCode.cs
  artifactKey: Guid(8b6f7b69da3e64197ba7b195bfc2fb76) Importer(2089858483,d624ce77472d68a35037170ec1d2d27e)
Start importing Assets/Wwise/API/Runtime/Generated/Common/AkMonitorErrorCode.cs using Guid(8b6f7b69da3e64197ba7b195bfc2fb76) Importer(2089858483,d624ce77472d68a35037170ec1d2d27e) (ScriptedImporter) -> (artifact id: '3b21b57ff1ee2a17110796094eeef932') in 0.000902042 seconds
Number of updated asset objects reloaded before import = 0Number of asset objects unloaded after import = 0

========================================================================
Received Import Request.
  Time since last request: 0.000031 seconds.
  path: Assets/Wwise/API/Runtime/Plugins/Mac/Release/AkSoundEngine.bundle.dSYM/Contents/Info.plist
  artifactKey: Guid(5e432c959a5eb494d8a3de7e38ed66c9) Importer(2089858483,d624ce77472d68a35037170ec1d2d27e)
Start importing Assets/Wwise/API/Runtime/Plugins/Mac/Release/AkSoundEngine.bundle.dSYM/Contents/Info.plist using Guid(5e432c959a5eb494d8a3de7e38ed66c9) Importer(2089858483,d624ce77472d68a35037170ec1d2d27e) (ScriptedImporter) -> (artifact id: '24b07e74d6f1d5a67c36d59840654ed1') in 0.000900583 seconds
Number of updated asset objects reloaded before import = 0Number of asset objects unloaded after import = 1

========================================================================
Received Import Request.
  Time since last request: 0.000018 seconds.
  path: Assets/Wwise/API/Runtime/Generated/Common/AkChannelEmitter.cs
  artifactKey: Guid(c1bd963322fe74a39b1b8688668adae0) Importer(2089858483,d624ce77472d68a35037170ec1d2d27e)
Start importing Assets/Wwise/API/Runtime/Generated/Common/AkChannelEmitter.cs using Guid(c1bd963322fe74a39b1b8688668adae0) Importer(2089858483,d624ce77472d68a35037170ec1d2d27e) (ScriptedImporter) -> (artifact id: '8de7aa44682a71849901d7f17279c615') in 0.001122917 seconds
Number of updated asset objects reloaded before import = 0Number of asset objects unloaded after import = 0

========================================================================
Received Import Request.
  Time since last request: 0.000081 seconds.
  path: Assets/Wwise/API/Runtime/Handwritten/Common/AkUtilities.cs
  artifactKey: Guid(e40403787dafb4383ab46100b98f4de8) Importer(2089858483,d624ce77472d68a35037170ec1d2d27e)
Start importing Assets/Wwise/API/Runtime/Handwritten/Common/AkUtilities.cs using Guid(e40403787dafb4383ab46100b98f4de8) Importer(2089858483,d624ce77472d68a35037170ec1d2d27e) (ScriptedImporter) -> (artifact id: '45dcc27b2ea53f6f10dd586ae764413a') in 0.001253 seconds
Number of updated asset objects reloaded before import = 0Number of asset objects unloaded after import = 0

========================================================================
Received Import Request.
  Time since last request: 0.000029 seconds.
  path: Assets/Wwise/API/Runtime/Generated/Mac/AkUnityPlatformSpecificSettings_Mac.cs
  artifactKey: Guid(e6b69bbf589a84bbcaa6b915177884c7) Importer(2089858483,d624ce77472d68a35037170ec1d2d27e)
Start importing Assets/Wwise/API/Runtime/Generated/Mac/AkUnityPlatformSpecificSettings_Mac.cs using Guid(e6b69bbf589a84bbcaa6b915177884c7) Importer(2089858483,d624ce77472d68a35037170ec1d2d27e) (ScriptedImporter) -> (artifact id: '50ca8744443a4d905564ec4e25d71384') in 0.001007833 seconds
Number of updated asset objects reloaded before import = 0Number of asset objects unloaded after import = 0

========================================================================
Received Import Request.
  Time since last request: 0.000050 seconds.
  path: Assets/Wwise/API/Runtime/Plugins/Mac/Debug/AkSoundEngine.bundle.dSYM/Contents/Resources/DWARF
  artifactKey: Guid(9001b5d8b7fcd4ab794ae3ac8d95cbdb) Importer(2089858483,d624ce77472d68a35037170ec1d2d27e)
Start importing Assets/Wwise/API/Runtime/Plugins/Mac/Debug/AkSoundEngine.bundle.dSYM/Contents/Resources/DWARF using Guid(9001b5d8b7fcd4ab794ae3ac8d95cbdb) Importer(2089858483,d624ce77472d68a35037170ec1d2d27e) (ScriptedImporter) -> (artifact id: '989b072c288b3e285a18ea48524b741f') in 0.00097175 seconds
Number of updated asset objects reloaded before import = 0Number of asset objects unloaded after import = 1

========================================================================
Received Import Request.
  Time since last request: 0.000031 seconds.
  path: Assets/Wwise/API/Runtime/Handwritten/Common/AkBasePathGetter.cs
  artifactKey: Guid(75cf5c0af68ed4a5bb45554fb69b11ef) Importer(2089858483,d624ce77472d68a35037170ec1d2d27e)
Start importing Assets/Wwise/API/Runtime/Handwritten/Common/AkBasePathGetter.cs using Guid(75cf5c0af68ed4a5bb45554fb69b11ef) Importer(2089858483,d624ce77472d68a35037170ec1d2d27e) (ScriptedImporter) -> (artifact id: '4a8f1cc5399fb09aa6374846c757fa00') in 0.0009895 seconds
Number of updated asset objects reloaded before import = 0Number of asset objects unloaded after import = 0

========================================================================
Received Import Request.
  Time since last request: 0.000028 seconds.
  path: Assets/Scripts/Core/Effects
  artifactKey: Guid(59b814ab273f4416988977b88ab7cf7a) Importer(2089858483,d624ce77472d68a35037170ec1d2d27e)
Start importing Assets/Scripts/Core/Effects using Guid(59b814ab273f4416988977b88ab7cf7a) Importer(2089858483,d624ce77472d68a35037170ec1d2d27e) (ScriptedImporter) -> (artifact id: 'fb6a8f7768dc4aa3e06244b1f60a0bdb') in 0.000828083 seconds
Number of updated asset objects reloaded before import = 0Number of asset objects unloaded after import = 1

========================================================================
Received Import Request.
  Time since last request: 0.000034 seconds.
  path: Assets/Gizmos
  artifactKey: Guid(9468497f1b09f4453992b24eb6340bef) Importer(2089858483,d624ce77472d68a35037170ec1d2d27e)
Start importing Assets/Gizmos using Guid(9468497f1b09f4453992b24eb6340bef) Importer(2089858483,d624ce77472d68a35037170ec1d2d27e) (ScriptedImporter) -> (artifact id: 'b2dc7d590ba3469d289364de010f67fc') in 0.000727125 seconds
Number of updated asset objects reloaded before import = 0Number of asset objects unloaded after import = 1

========================================================================
Received Import Request.
  Time since last request: 0.000025 seconds.
  path: Assets/Materials
  artifactKey: Guid(1a01e5e3c2bfe4257b1d53d2dbb5bfe4) Importer(2089858483,d624ce77472d68a35037170ec1d2d27e)
Start importing Assets/Materials using Guid(1a01e5e3c2bfe4257b1d53d2dbb5bfe4) Importer(2089858483,d624ce77472d68a35037170ec1d2d27e) (ScriptedImporter) -> (artifact id: '66f120342706d9927971ddaf48ceb2ec') in 0.000882042 seconds
Number of updated asset objects reloaded before import = 0Number of asset objects unloaded after import = 1

========================================================================
Received Import Request.
  Time since last request: 0.000055 seconds.
  path: Assets/Wwise/API/Runtime/Generated/Common/AkMultiPositionType.cs
  artifactKey: Guid(470d1841b5e9e4e8bbf85745df15a90c) Importer(2089858483,d624ce77472d68a35037170ec1d2d27e)
Start importing Assets/Wwise/API/Runtime/Generated/Common/AkMultiPositionType.cs using Guid(470d1841b5e9e4e8bbf85745df15a90c) Importer(2089858483,d624ce77472d68a35037170ec1d2d27e) (ScriptedImporter) -> (artifact id: 'c6f9f7b9e9e69647eaa6617b9a109f95') in 0.001012417 seconds
Number of updated asset objects reloaded before import = 0Number of asset objects unloaded after import = 0

========================================================================
Received Import Request.
  Time since last request: 0.000050 seconds.
  path: Assets/Wwise/MonoBehaviour/Editor/AkRadialEmitterInspector.cs
  artifactKey: Guid(1da747138327b40c79a5fdc7fca1be3d) Importer(2089858483,d624ce77472d68a35037170ec1d2d27e)
Start importing Assets/Wwise/MonoBehaviour/Editor/AkRadialEmitterInspector.cs using Guid(1da747138327b40c79a5fdc7fca1be3d) Importer(2089858483,d624ce77472d68a35037170ec1d2d27e) (ScriptedImporter) -> (artifact id: 'b628f27d8be9506ebbb92c5ff23601a4') in 0.0010615 seconds
Number of updated asset objects reloaded before import = 0Number of asset objects unloaded after import = 0

========================================================================
Received Import Request.
  Time since last request: 0.000058 seconds.
  path: Assets/PostProcessing/Resources/Shaders
  artifactKey: Guid(e039bcc30d13c9341aa224f4e89f21b3) Importer(2089858483,d624ce77472d68a35037170ec1d2d27e)
Start importing Assets/PostProcessing/Resources/Shaders using Guid(e039bcc30d13c9341aa224f4e89f21b3) Importer(2089858483,d624ce77472d68a35037170ec1d2d27e) (ScriptedImporter) -> (artifact id: '400cebe9d87ce45318558beb3808708b') in 0.000861125 seconds
Number of updated asset objects reloaded before import = 0Number of asset objects unloaded after import = 1

========================================================================
Received Import Request.
  Time since last request: 0.000026 seconds.
  path: Assets/Scripts/Core/Game
  artifactKey: Guid(df6ff4eb45654f898791f3dd4ea2677a) Importer(2089858483,d624ce77472d68a35037170ec1d2d27e)
Start importing Assets/Scripts/Core/Game using Guid(df6ff4eb45654f898791f3dd4ea2677a) Importer(2089858483,d624ce77472d68a35037170ec1d2d27e) (ScriptedImporter) -> (artifact id: '91a537955920abfb28dd168f18b03bce') in 0.000844417 seconds
Number of updated asset objects reloaded before import = 0Number of asset objects unloaded after import = 1

========================================================================
Received Import Request.
  Time since last request: 0.000027 seconds.
  path: Assets/Wwise/API/Runtime/Generated/Common/AkSerializedCallbackHeader.cs
  artifactKey: Guid(d298a6d7fc45c4f308ca521960b2382a) Importer(2089858483,d624ce77472d68a35037170ec1d2d27e)
Start importing Assets/Wwise/API/Runtime/Generated/Common/AkSerializedCallbackHeader.cs using Guid(d298a6d7fc45c4f308ca521960b2382a) Importer(2089858483,d624ce77472d68a35037170ec1d2d27e) (ScriptedImporter) -> (artifact id: '120a7f68efbe5aeb713be450e6daaaf6') in 0.001074625 seconds
Number of updated asset objects reloaded before import = 0Number of asset objects unloaded after import = 0

========================================================================
Received Import Request.
  Time since last request: 0.000064 seconds.
  path: Assets/Wwise/API/Editor
  artifactKey: Guid(3dcb75d8dcba041beb506721efb8ef2a) Importer(2089858483,d624ce77472d68a35037170ec1d2d27e)
Start importing Assets/Wwise/API/Editor using Guid(3dcb75d8dcba041beb506721efb8ef2a) Importer(2089858483,d624ce77472d68a35037170ec1d2d27e) (ScriptedImporter) -> (artifact id: '54fb0806c758f10256dbce264af3a7b3') in 0.001028625 seconds
Number of updated asset objects reloaded before import = 0Number of asset objects unloaded after import = 1

========================================================================
Received Import Request.
  Time since last request: 0.000056 seconds.
  path: Assets/Wwise/Gizmos/WwiseAudioSpeaker.png
  artifactKey: Guid(df1e2f484e614446a908e2cb29b84b17) Importer(2089858483,d624ce77472d68a35037170ec1d2d27e)
Start importing Assets/Wwise/Gizmos/WwiseAudioSpeaker.png using Guid(df1e2f484e614446a908e2cb29b84b17) Importer(2089858483,d624ce77472d68a35037170ec1d2d27e) (ScriptedImporter) -> (artifact id: 'd54b3fdfdaa70cfa44d1995d0a8aea8a') in 0.003529125 seconds
Number of updated asset objects reloaded before import = 0Number of asset objects unloaded after import = 1

========================================================================
Received Import Request.
  Time since last request: 0.000051 seconds.
  path: Assets/Scripts/Core/Utilities
  artifactKey: Guid(ce30108bfe4454e009ebaf2d46d222d6) Importer(2089858483,d624ce77472d68a35037170ec1d2d27e)
Start importing Assets/Scripts/Core/Utilities using Guid(ce30108bfe4454e009ebaf2d46d222d6) Importer(2089858483,d624ce77472d68a35037170ec1d2d27e) (ScriptedImporter) -> (artifact id: 'a6ae9d08c5876c74e9644ecd4ffe9ff8') in 0.001101375 seconds
Number of updated asset objects reloaded before import = 0Number of asset objects unloaded after import = 1

========================================================================
Received Import Request.
  Time since last request: 0.000036 seconds.
  path: Assets/Wwise/API/Editor/WwiseWindows/TreeViewIcons/state_nor.png
  artifactKey: Guid(abb378f2ad72a4b09a7421e25a76c88a) Importer(2089858483,d624ce77472d68a35037170ec1d2d27e)
Start importing Assets/Wwise/API/Editor/WwiseWindows/TreeViewIcons/state_nor.png using Guid(abb378f2ad72a4b09a7421e25a76c88a) Importer(2089858483,d624ce77472d68a35037170ec1d2d27e) (ScriptedImporter) -> (artifact id: 'e8551f140ae3b7f4147b89914792ade6') in 0.006784583 seconds
Number of updated asset objects reloaded before import = 0Number of asset objects unloaded after import = 1

========================================================================
Received Import Request.
  Time since last request: 0.000050 seconds.
  path: Assets/Wwise/MonoBehaviour/Runtime/AkEvent.cs
  artifactKey: Guid(eb1e94e78a21e440badd6c321b4f1d89) Importer(2089858483,d624ce77472d68a35037170ec1d2d27e)
Start importing Assets/Wwise/MonoBehaviour/Runtime/AkEvent.cs using Guid(eb1e94e78a21e440badd6c321b4f1d89) Importer(2089858483,d624ce77472d68a35037170ec1d2d27e) (ScriptedImporter) -> (artifact id: 'b071df2a30d8e9c80769f098ce0b7208') in 0.001349208 seconds
Number of updated asset objects reloaded before import = 0Number of asset objects unloaded after import = 0

========================================================================
Received Import Request.
  Time since last request: 0.000062 seconds.
  path: Assets/Fonts
  artifactKey: Guid(851a61d62e4624e80aacdcf57633f8e3) Importer(2089858483,d624ce77472d68a35037170ec1d2d27e)
Start importing Assets/Fonts using Guid(851a61d62e4624e80aacdcf57633f8e3) Importer(2089858483,d624ce77472d68a35037170ec1d2d27e) (ScriptedImporter) -> (artifact id: 'df381de78f0d5f2a25f9e650ccec67dc') in 0.0009285 seconds
Number of updated asset objects reloaded before import = 0Number of asset objects unloaded after import = 1

========================================================================
Received Import Request.
  Time since last request: 0.000052 seconds.
  path: Assets/Wwise/MonoBehaviour/Editor/AkSwitchInspector.cs
  artifactKey: Guid(fbe6d9106e61c438b84a5ed3f27047c4) Importer(2089858483,d624ce77472d68a35037170ec1d2d27e)
Start importing Assets/Wwise/MonoBehaviour/Editor/AkSwitchInspector.cs using Guid(fbe6d9106e61c438b84a5ed3f27047c4) Importer(2089858483,d624ce77472d68a35037170ec1d2d27e) (ScriptedImporter) -> (artifact id: 'd5ecacaa13a7125f51f467a39e95d754') in 0.001204209 seconds
Number of updated asset objects reloaded before import = 0Number of asset objects unloaded after import = 0

========================================================================
Received Import Request.
  Time since last request: 0.000067 seconds.
  path: Assets/Wwise/API/Runtime/Generated/Common/AkChannelOrdering.cs
  artifactKey: Guid(604d8f99ab44e44fab3b1252bf07abbc) Importer(2089858483,d624ce77472d68a35037170ec1d2d27e)
Start importing Assets/Wwise/API/Runtime/Generated/Common/AkChannelOrdering.cs using Guid(604d8f99ab44e44fab3b1252bf07abbc) Importer(2089858483,d624ce77472d68a35037170ec1d2d27e) (ScriptedImporter) -> (artifact id: 'e3536894eff9d648a35fe3e66e0c622c') in 0.001339625 seconds
Number of updated asset objects reloaded before import = 0Number of asset objects unloaded after import = 0

========================================================================
Received Import Request.
  Time since last request: 0.000058 seconds.
  path: Assets/Wwise/API/Runtime/Handwritten/Common/AkVector64.cs
  artifactKey: Guid(8e301e61966ed4811bb4da6e06e49636) Importer(2089858483,d624ce77472d68a35037170ec1d2d27e)
Start importing Assets/Wwise/API/Runtime/Handwritten/Common/AkVector64.cs using Guid(8e301e61966ed4811bb4da6e06e49636) Importer(2089858483,d624ce77472d68a35037170ec1d2d27e) (ScriptedImporter) -> (artifact id: '8a49d9ace7c82f2e9dee64867a2ca305') in 0.001470291 seconds
Number of updated asset objects reloaded before import = 0Number of asset objects unloaded after import = 0

========================================================================
Received Import Request.
  Time since last request: 0.000053 seconds.
  path: Assets/Wwise/MonoBehaviour/package.json
  artifactKey: Guid(26d443b07bd3f4ce1a6177f63b5eb24d) Importer(2089858483,d624ce77472d68a35037170ec1d2d27e)
Start importing Assets/Wwise/MonoBehaviour/package.json using Guid(26d443b07bd3f4ce1a6177f63b5eb24d) Importer(2089858483,d624ce77472d68a35037170ec1d2d27e) (ScriptedImporter) -> (artifact id: 'd551ad31527bc05ac46db75e63da21c6') in 0.001206042 seconds
Number of updated asset objects reloaded before import = 0Number of asset objects unloaded after import = 1

========================================================================
Received Import Request.
  Time since last request: 0.000064 seconds.
  path: Assets/Wwise/API/Runtime/Plugins/Mac/Release/AkSoundEngine.bundle.dSYM/Contents
  artifactKey: Guid(6bd05780bd3734a9ab407b3dc71695e8) Importer(2089858483,d624ce77472d68a35037170ec1d2d27e)
Start importing Assets/Wwise/API/Runtime/Plugins/Mac/Release/AkSoundEngine.bundle.dSYM/Contents using Guid(6bd05780bd3734a9ab407b3dc71695e8) Importer(2089858483,d624ce77472d68a35037170ec1d2d27e) (ScriptedImporter) -> (artifact id: '8c73ff8086251072e2874dcb1520fdd1') in 0.001060667 seconds
Number of updated asset objects reloaded before import = 0Number of asset objects unloaded after import = 1

========================================================================
Received Import Request.
  Time since last request: 0.000050 seconds.
  path: Assets/Wwise/API/Runtime/WwiseTypes/WwiseTypes/AkWwiseBank.cs
  artifactKey: Guid(2379c0112e5dc42cb9c062ea507e1185) Importer(2089858483,d624ce77472d68a35037170ec1d2d27e)
Start importing Assets/Wwise/API/Runtime/WwiseTypes/WwiseTypes/AkWwiseBank.cs using Guid(2379c0112e5dc42cb9c062ea507e1185) Importer(2089858483,d624ce77472d68a35037170ec1d2d27e) (ScriptedImporter) -> (artifact id: 'e266d3f8dbae076bc0f93db483a05afd') in 0.0010655 seconds
Number of updated asset objects reloaded before import = 0Number of asset objects unloaded after import = 0

========================================================================
Received Import Request.
  Time since last request: 0.000128 seconds.
  path: Assets/PostProcessing/Resources/Bluenoise64
  artifactKey: Guid(2be7cf05ee8fb17438022d4869299900) Importer(2089858483,d624ce77472d68a35037170ec1d2d27e)
Start importing Assets/PostProcessing/Resources/Bluenoise64 using Guid(2be7cf05ee8fb17438022d4869299900) Importer(2089858483,d624ce77472d68a35037170ec1d2d27e) (ScriptedImporter) -> (artifact id: 'a51f8bacaef12099ac30d8f51126a798') in 0.000952 seconds
Number of updated asset objects reloaded before import = 0Number of asset objects unloaded after import = 1

========================================================================
Received Import Request.
  Time since last request: 0.000066 seconds.
  path: Assets/Scenes/Levels/Level5
  artifactKey: Guid(bd546c0de612c437c894fc1a979d6999) Importer(2089858483,d624ce77472d68a35037170ec1d2d27e)
Start importing Assets/Scenes/Levels/Level5 using Guid(bd546c0de612c437c894fc1a979d6999) Importer(2089858483,d624ce77472d68a35037170ec1d2d27e) (ScriptedImporter) -> (artifact id: 'e64560fb3cf95ac76661670bb8240909') in 0.001015208 seconds
Number of updated asset objects reloaded before import = 0Number of asset objects unloaded after import = 1

========================================================================
Received Import Request.
  Time since last request: 0.000040 seconds.
  path: Assets/StreamingAssets/Audio/GeneratedSoundBanks
  artifactKey: Guid(b9afff432382d41b4beba20b2ceea60f) Importer(2089858483,d624ce77472d68a35037170ec1d2d27e)
Start importing Assets/StreamingAssets/Audio/GeneratedSoundBanks using Guid(b9afff432382d41b4beba20b2ceea60f) Importer(2089858483,d624ce77472d68a35037170ec1d2d27e) (ScriptedImporter) -> (artifact id: 'f62aa6c04736b18154b30833b3cd19f9') in 0.001041 seconds
Number of updated asset objects reloaded before import = 0Number of asset objects unloaded after import = 1

========================================================================
Received Import Request.
  Time since last request: 0.000063 seconds.
  path: Assets/PostProcessing/Resources
  artifactKey: Guid(52380717b4884c04ebc31c46dda84909) Importer(2089858483,d624ce77472d68a35037170ec1d2d27e)
Start importing Assets/PostProcessing/Resources using Guid(52380717b4884c04ebc31c46dda84909) Importer(2089858483,d624ce77472d68a35037170ec1d2d27e) (ScriptedImporter) -> (artifact id: '700e85d241262663c99b1631da24973a') in 0.000887834 seconds
Number of updated asset objects reloaded before import = 0Number of asset objects unloaded after import = 1

========================================================================
Received Import Request.
  Time since last request: 0.000109 seconds.
  path: Assets/Wwise/API/Editor/WwiseMenu/Mac
  artifactKey: Guid(96751b8f5bdad43b9ad573391189897e) Importer(2089858483,d624ce77472d68a35037170ec1d2d27e)
Start importing Assets/Wwise/API/Editor/WwiseMenu/Mac using Guid(96751b8f5bdad43b9ad573391189897e) Importer(2089858483,d624ce77472d68a35037170ec1d2d27e) (ScriptedImporter) -> (artifact id: '417ea0d42d4011aa8fde2f88efe04e3b') in 0.000946416 seconds
Number of updated asset objects reloaded before import = 0Number of asset objects unloaded after import = 1

========================================================================
Received Import Request.
  Time since last request: 0.000047 seconds.
  path: Assets/Wwise/API/Runtime/Handwritten/Common/Arrays/AkDiffractionPathInfoArray.cs
  artifactKey: Guid(58c946df4e6fc4c42a26c2d8fb03927b) Importer(2089858483,d624ce77472d68a35037170ec1d2d27e)
Start importing Assets/Wwise/API/Runtime/Handwritten/Common/Arrays/AkDiffractionPathInfoArray.cs using Guid(58c946df4e6fc4c42a26c2d8fb03927b) Importer(2089858483,d624ce77472d68a35037170ec1d2d27e) (ScriptedImporter) -> (artifact id: '70d6944eb2e028f7928d9e4bb5c5b160') in 0.001244667 seconds
Number of updated asset objects reloaded before import = 0Number of asset objects unloaded after import = 0

========================================================================
Received Import Request.
  Time since last request: 0.000074 seconds.
  path: Assets/Wwise/API/Runtime/Plugins/Mac/Release/AkSoundEngine.bundle.dSYM/Contents/Resources/Relocations/x86_64
  artifactKey: Guid(e4c98973a8b144b25afa99bf2d8e8092) Importer(2089858483,d624ce77472d68a35037170ec1d2d27e)
Start importing Assets/Wwise/API/Runtime/Plugins/Mac/Release/AkSoundEngine.bundle.dSYM/Contents/Resources/Relocations/x86_64 using Guid(e4c98973a8b144b25afa99bf2d8e8092) Importer(2089858483,d624ce77472d68a35037170ec1d2d27e) (ScriptedImporter) -> (artifact id: 'ab06845a646df1c89db352d64e45a66f') in 0.001500333 seconds
Number of updated asset objects reloaded before import = 0Number of asset objects unloaded after import = 1

========================================================================
Received Import Request.
  Time since last request: 0.000048 seconds.
  path: Assets/Wwise/API/Runtime/Handwritten/Windows/AkWindowsSettings.cs
  artifactKey: Guid(5861aca4aec014acda1d350561d8508f) Importer(2089858483,d624ce77472d68a35037170ec1d2d27e)
Start importing Assets/Wwise/API/Runtime/Handwritten/Windows/AkWindowsSettings.cs using Guid(5861aca4aec014acda1d350561d8508f) Importer(2089858483,d624ce77472d68a35037170ec1d2d27e) (ScriptedImporter) -> (artifact id: '499842df03e1e2814f4f1bc3711af8be') in 0.001369833 seconds
Number of updated asset objects reloaded before import = 0Number of asset objects unloaded after import = 0

========================================================================
Received Import Request.
  Time since last request: 0.000074 seconds.
  path: Assets/Wwise/API/Runtime/Generated/Common/AkMusicPlaylistCallbackInfo.cs
  artifactKey: Guid(d8b7f777a8452469294c7d544f39293a) Importer(2089858483,d624ce77472d68a35037170ec1d2d27e)
Start importing Assets/Wwise/API/Runtime/Generated/Common/AkMusicPlaylistCallbackInfo.cs using Guid(d8b7f777a8452469294c7d544f39293a) Importer(2089858483,d624ce77472d68a35037170ec1d2d27e) (ScriptedImporter) -> (artifact id: '6f324dadd3b6594c9b5ee809f91aed50') in 0.001229791 seconds
Number of updated asset objects reloaded before import = 0Number of asset objects unloaded after import = 0

========================================================================
Received Import Request.
  Time since last request: 0.000059 seconds.
  path: Assets/Wwise/API/Runtime/Plugins/Windows/x86/DSP/McDSP.dll
  artifactKey: Guid(0a4a2ba13e5334c0498531d345bcaccd) Importer(2089858483,d624ce77472d68a35037170ec1d2d27e)
Start importing Assets/Wwise/API/Runtime/Plugins/Windows/x86/DSP/McDSP.dll using Guid(0a4a2ba13e5334c0498531d345bcaccd) Importer(2089858483,d624ce77472d68a35037170ec1d2d27e) (ScriptedImporter) -> (artifact id: '51d2fa811198f11540158fe15fa3b41e') in 0.001657708 seconds
Number of updated asset objects reloaded before import = 0Number of asset objects unloaded after import = 0

========================================================================
Received Import Request.
  Time since last request: 0.000054 seconds.
  path: Assets/Wwise/API/Runtime/Generated/Common/AkPluginType.cs
  artifactKey: Guid(8a755e66969684460a2e5310294f4e81) Importer(2089858483,d624ce77472d68a35037170ec1d2d27e)
Start importing Assets/Wwise/API/Runtime/Generated/Common/AkPluginType.cs using Guid(8a755e66969684460a2e5310294f4e81) Importer(2089858483,d624ce77472d68a35037170ec1d2d27e) (ScriptedImporter) -> (artifact id: 'f610b959439ed353e94ac37c34c6b622') in 0.001096209 seconds
Number of updated asset objects reloaded before import = 0Number of asset objects unloaded after import = 0

========================================================================
Received Import Request.
  Time since last request: 0.000074 seconds.
  path: Assets/Wwise/API/Editor/WwiseWindows/AkWwiseWWUBuilder.cs
  artifactKey: Guid(f3552e3e0d08840ce8f3bebdbe7f3e53) Importer(2089858483,d624ce77472d68a35037170ec1d2d27e)
Start importing Assets/Wwise/API/Editor/WwiseWindows/AkWwiseWWUBuilder.cs using Guid(f3552e3e0d08840ce8f3bebdbe7f3e53) Importer(2089858483,d624ce77472d68a35037170ec1d2d27e) (ScriptedImporter) -> (artifact id: 'a29d77b9b22f962548838951ab5f31ba') in 0.001216375 seconds
Number of updated asset objects reloaded before import = 0Number of asset objects unloaded after import = 0

========================================================================
Received Import Request.
  Time since last request: 0.000048 seconds.
  path: Assets/Wwise/API/Editor/WwiseWindows/TreeViewIcons/switch_nor.png
  artifactKey: Guid(719825016d7ed4ee8aee65d383246c33) Importer(2089858483,d624ce77472d68a35037170ec1d2d27e)
Start importing Assets/Wwise/API/Editor/WwiseWindows/TreeViewIcons/switch_nor.png using Guid(719825016d7ed4ee8aee65d383246c33) Importer(2089858483,d624ce77472d68a35037170ec1d2d27e) (ScriptedImporter) -> (artifact id: '5ef01caf0c0a48332c3bd91939d5d102') in 0.003844167 seconds
Number of updated asset objects reloaded before import = 0Number of asset objects unloaded after import = 1

========================================================================
Received Import Request.
  Time since last request: 0.000043 seconds.
  path: Assets/Wwise/API/Runtime/Generated/Common/AkMIDIEvent.cs
  artifactKey: Guid(b9917c516c6af447f9b7aa2d223328e1) Importer(2089858483,d624ce77472d68a35037170ec1d2d27e)
Start importing Assets/Wwise/API/Runtime/Generated/Common/AkMIDIEvent.cs using Guid(b9917c516c6af447f9b7aa2d223328e1) Importer(2089858483,d624ce77472d68a35037170ec1d2d27e) (ScriptedImporter) -> (artifact id: '3a878358566a422e3f9b17204806c2cf') in 0.001291083 seconds
Number of updated asset objects reloaded before import = 0Number of asset objects unloaded after import = 0

========================================================================
Received Import Request.
  Time since last request: 0.000057 seconds.
  path: Assets/Wwise/API/Editor/WwiseMenu/Mac/AkWwiseMenu_Mac.cs
  artifactKey: Guid(497113a3b9c714112b536e5dcdb15dd5) Importer(2089858483,d624ce77472d68a35037170ec1d2d27e)
Start importing Assets/Wwise/API/Editor/WwiseMenu/Mac/AkWwiseMenu_Mac.cs using Guid(497113a3b9c714112b536e5dcdb15dd5) Importer(2089858483,d624ce77472d68a35037170ec1d2d27e) (ScriptedImporter) -> (artifact id: '4f3dc54c4a53ed5c836637786fe9b6c0') in 0.001261792 seconds
Number of updated asset objects reloaded before import = 0Number of asset objects unloaded after import = 0

========================================================================
Received Import Request.
  Time since last request: 0.000061 seconds.
  path: Assets/Wwise/API/Editor/PluginActivator/Mac/AkMacPluginActivator.cs
  artifactKey: Guid(d88b58ceb8adc448daa4913693298497) Importer(2089858483,d624ce77472d68a35037170ec1d2d27e)
Start importing Assets/Wwise/API/Editor/PluginActivator/Mac/AkMacPluginActivator.cs using Guid(d88b58ceb8adc448daa4913693298497) Importer(2089858483,d624ce77472d68a35037170ec1d2d27e) (ScriptedImporter) -> (artifact id: '87e5523ef6628ace999da830ba268666') in 0.001180666 seconds
Number of updated asset objects reloaded before import = 0Number of asset objects unloaded after import = 0

========================================================================
Received Import Request.
  Time since last request: 0.000069 seconds.
  path: Assets/Wwise/Documentation/AppleCommon/ko/WwiseUnityIntegrationHelp_Mac_ko.chm
  artifactKey: Guid(e71153ae3373adb48affe9407e09b552) Importer(2089858483,d624ce77472d68a35037170ec1d2d27e)
Start importing Assets/Wwise/Documentation/AppleCommon/ko/WwiseUnityIntegrationHelp_Mac_ko.chm using Guid(e71153ae3373adb48affe9407e09b552) Importer(2089858483,d624ce77472d68a35037170ec1d2d27e) (ScriptedImporter) -> (artifact id: '6187b0abc8d4b6c95f850692b381ac8d') in 0.001048333 seconds
Number of updated asset objects reloaded before import = 0Number of asset objects unloaded after import = 1

========================================================================
Received Import Request.
  Time since last request: 0.000045 seconds.
  path: Assets/Wwise/API/Runtime/Generated/Common/AkCallbackType.cs
  artifactKey: Guid(98b18a48f3808462fb98cce89a2a8357) Importer(2089858483,d624ce77472d68a35037170ec1d2d27e)
Start importing Assets/Wwise/API/Runtime/Generated/Common/AkCallbackType.cs using Guid(98b18a48f3808462fb98cce89a2a8357) Importer(2089858483,d624ce77472d68a35037170ec1d2d27e) (ScriptedImporter) -> (artifact id: 'a7bca4d1f28b56f2897262c2a70d3ac0') in 0.001205625 seconds
Number of updated asset objects reloaded before import = 0Number of asset objects unloaded after import = 0

========================================================================
Received Import Request.
  Time since last request: 0.000052 seconds.
  path: Assets/Wwise/MonoBehaviour/Runtime/AkGameObjPositionOffsetData.cs
  artifactKey: Guid(a641c4cf037b54cd1ba408d271d2e130) Importer(2089858483,d624ce77472d68a35037170ec1d2d27e)
Start importing Assets/Wwise/MonoBehaviour/Runtime/AkGameObjPositionOffsetData.cs using Guid(a641c4cf037b54cd1ba408d271d2e130) Importer(2089858483,d624ce77472d68a35037170ec1d2d27e) (ScriptedImporter) -> (artifact id: '2fb14e0eabc7665e0354309845afced8') in 0.001035042 seconds
Number of updated asset objects reloaded before import = 0Number of asset objects unloaded after import = 0

========================================================================
Received Import Request.
  Time since last request: 0.000068 seconds.
  path: Assets/Wwise/API/Runtime/Generated/Common/AkStdMovePolicy.cs
  artifactKey: Guid(bd393bdd872ee43caa34ece68da447dc) Importer(2089858483,d624ce77472d68a35037170ec1d2d27e)
Start importing Assets/Wwise/API/Runtime/Generated/Common/AkStdMovePolicy.cs using Guid(bd393bdd872ee43caa34ece68da447dc) Importer(2089858483,d624ce77472d68a35037170ec1d2d27e) (ScriptedImporter) -> (artifact id: '6f15c912730d4cb7ee72093247549518') in 0.001161875 seconds
Number of updated asset objects reloaded before import = 0Number of asset objects unloaded after import = 0

========================================================================
Received Import Request.
  Time since last request: 0.000063 seconds.
  path: Assets/Scripts/Core/Data
  artifactKey: Guid(3f518fb69104d4d70952e69263f36146) Importer(2089858483,d624ce77472d68a35037170ec1d2d27e)
Start importing Assets/Scripts/Core/Data using Guid(3f518fb69104d4d70952e69263f36146) Importer(2089858483,d624ce77472d68a35037170ec1d2d27e) (ScriptedImporter) -> (artifact id: 'b883bc1972cda25b56a2c670f9bb2024') in 0.000840583 seconds
Number of updated asset objects reloaded before import = 0Number of asset objects unloaded after import = 1

========================================================================
Received Import Request.
  Time since last request: 0.396676 seconds.
  path: Assets/Wwise/API/Runtime/Generated/Common/AkImageSourceSettings.cs
  artifactKey: Guid(eff45fdb1817340c0b27c4f0f6658dda) Importer(2089858483,d624ce77472d68a35037170ec1d2d27e)
Start importing Assets/Wwise/API/Runtime/Generated/Common/AkImageSourceSettings.cs using Guid(eff45fdb1817340c0b27c4f0f6658dda) Importer(2089858483,d624ce77472d68a35037170ec1d2d27e) (ScriptedImporter) -> (artifact id: '450f9f6d29a60a90d6ad27ef701ae71a') in 0.001837917 seconds
Number of updated asset objects reloaded before import = 0Number of asset objects unloaded after import = 0

========================================================================
Received Import Request.
  Time since last request: 0.000073 seconds.
  path: Assets/Materials/Particles
  artifactKey: Guid(a7e69bc29a9294718ade60b3df9d35f6) Importer(2089858483,d624ce77472d68a35037170ec1d2d27e)
Start importing Assets/Materials/Particles using Guid(a7e69bc29a9294718ade60b3df9d35f6) Importer(2089858483,d624ce77472d68a35037170ec1d2d27e) (ScriptedImporter) -> (artifact id: '64653721822dc2b0be2b02fe1b9508de') in 0.001082291 seconds
Number of updated asset objects reloaded before import = 0Number of asset objects unloaded after import = 1

========================================================================
Received Import Request.
  Time since last request: 0.000055 seconds.
  path: Assets/Wwise/API/Runtime/Plugins/Mac/Debug/AkSoundEngine.bundle.dSYM/Contents/Resources/DWARF/AkSoundEngine
  artifactKey: Guid(d302bae4b31654591a9b64f158fb4195) Importer(2089858483,d624ce77472d68a35037170ec1d2d27e)
Start importing Assets/Wwise/API/Runtime/Plugins/Mac/Debug/AkSoundEngine.bundle.dSYM/Contents/Resources/DWARF/AkSoundEngine using Guid(d302bae4b31654591a9b64f158fb4195) Importer(2089858483,d624ce77472d68a35037170ec1d2d27e) (ScriptedImporter) -> (artifact id: 'dc6dcf9d4f7c3b8e5fd2dac1d05167c4') in 0.000969083 seconds
Number of updated asset objects reloaded before import = 0Number of asset objects unloaded after import = 1

========================================================================
Received Import Request.
  Time since last request: 0.000044 seconds.
  path: Assets/Wwise/API/Runtime/Plugins/Windows/x86/Debug/AkSoundEngine.dll
  artifactKey: Guid(eae368a0a56304bfcb5b37fda6635615) Importer(2089858483,d624ce77472d68a35037170ec1d2d27e)
Start importing Assets/Wwise/API/Runtime/Plugins/Windows/x86/Debug/AkSoundEngine.dll using Guid(eae368a0a56304bfcb5b37fda6635615) Importer(2089858483,d624ce77472d68a35037170ec1d2d27e) (ScriptedImporter) -> (artifact id: '68b5205180b490bd0e2b2fe84683fafe') in 0.001414 seconds
Number of updated asset objects reloaded before import = 0Number of asset objects unloaded after import = 0

========================================================================
Received Import Request.
  Time since last request: 0.000059 seconds.
  path: Assets/Wwise/API/Runtime/Generated/Common/AkSetPositionFlags.cs
  artifactKey: Guid(453bfffd88982439a854745bb650294b) Importer(2089858483,d624ce77472d68a35037170ec1d2d27e)
Start importing Assets/Wwise/API/Runtime/Generated/Common/AkSetPositionFlags.cs using Guid(453bfffd88982439a854745bb650294b) Importer(2089858483,d624ce77472d68a35037170ec1d2d27e) (ScriptedImporter) -> (artifact id: '359670d4681cfb6b2518719308399148') in 0.001217042 seconds
Number of updated asset objects reloaded before import = 0Number of asset objects unloaded after import = 0

========================================================================
Received Import Request.
  Time since last request: 0.000073 seconds.
  path: Assets/Wwise/API/Editor/PluginActivator/Common
  artifactKey: Guid(4c243277bfd364d4a8dbd964da1de09d) Importer(2089858483,d624ce77472d68a35037170ec1d2d27e)
Start importing Assets/Wwise/API/Editor/PluginActivator/Common using Guid(4c243277bfd364d4a8dbd964da1de09d) Importer(2089858483,d624ce77472d68a35037170ec1d2d27e) (ScriptedImporter) -> (artifact id: '35bec0d7756f21f6b76126d30dd9af3f') in 0.000851708 seconds
Number of updated asset objects reloaded before import = 0Number of asset objects unloaded after import = 1

========================================================================
Received Import Request.
  Time since last request: 0.000062 seconds.
  path: Assets/Wwise/API/Editor/WwiseWindows/AkWwiseProjectInfo.cs
  artifactKey: Guid(33941d148ad844a56a035d45bb6585ce) Importer(2089858483,d624ce77472d68a35037170ec1d2d27e)
Start importing Assets/Wwise/API/Editor/WwiseWindows/AkWwiseProjectInfo.cs using Guid(33941d148ad844a56a035d45bb6585ce) Importer(2089858483,d624ce77472d68a35037170ec1d2d27e) (ScriptedImporter) -> (artifact id: '763ca4c1eb6af8e83af2d34ef262b32a') in 0.001157292 seconds
Number of updated asset objects reloaded before import = 0Number of asset objects unloaded after import = 0

========================================================================
Received Import Request.
  Time since last request: 0.000042 seconds.
  path: Assets/Wwise/API/Runtime/Generated/Common/AkAudioDeviceState.cs
  artifactKey: Guid(abd139ed8b8bc4781b2bfe3e13f8a696) Importer(2089858483,d624ce77472d68a35037170ec1d2d27e)
Start importing Assets/Wwise/API/Runtime/Generated/Common/AkAudioDeviceState.cs using Guid(abd139ed8b8bc4781b2bfe3e13f8a696) Importer(2089858483,d624ce77472d68a35037170ec1d2d27e) (ScriptedImporter) -> (artifact id: 'a6974073f873f16513f591c96c31ee7c') in 0.001314166 seconds
Number of updated asset objects reloaded before import = 0Number of asset objects unloaded after import = 0

========================================================================
Received Import Request.
  Time since last request: 0.000041 seconds.
  path: Assets/Wwise/API/Runtime/Generated/Common/AkConnectionType.cs
  artifactKey: Guid(f807530eaea9b4c1fb9bf6b033efc478) Importer(2089858483,d624ce77472d68a35037170ec1d2d27e)
Start importing Assets/Wwise/API/Runtime/Generated/Common/AkConnectionType.cs using Guid(f807530eaea9b4c1fb9bf6b033efc478) Importer(2089858483,d624ce77472d68a35037170ec1d2d27e) (ScriptedImporter) -> (artifact id: 'eb8f59df9cb17d3fcf93c8e1eba47e86') in 0.001103958 seconds
Number of updated asset objects reloaded before import = 0Number of asset objects unloaded after import = 0

========================================================================
Received Import Request.
  Time since last request: 0.000054 seconds.
  path: Assets/Wwise/MonoBehaviour/Editor/WwiseSetupWizard/AkWwisePostImportCallbackSetup.cs
  artifactKey: Guid(32b6d657bb031417d8c85ccaf8ca8bf6) Importer(2089858483,d624ce77472d68a35037170ec1d2d27e)
Start importing Assets/Wwise/MonoBehaviour/Editor/WwiseSetupWizard/AkWwisePostImportCallbackSetup.cs using Guid(32b6d657bb031417d8c85ccaf8ca8bf6) Importer(2089858483,d624ce77472d68a35037170ec1d2d27e) (ScriptedImporter) -> (artifact id: '38721d01ab5c90e16e46f7f65e40e76f') in 0.001254959 seconds
Number of updated asset objects reloaded before import = 0Number of asset objects unloaded after import = 0

========================================================================
Received Import Request.
  Time since last request: 0.000047 seconds.
  path: Assets/Wwise/API/Runtime/Handwritten/Common/AkAudioInputManager.cs
  artifactKey: Guid(4853bea39006349bfb57a2ad372059d6) Importer(2089858483,d624ce77472d68a35037170ec1d2d27e)
Start importing Assets/Wwise/API/Runtime/Handwritten/Common/AkAudioInputManager.cs using Guid(4853bea39006349bfb57a2ad372059d6) Importer(2089858483,d624ce77472d68a35037170ec1d2d27e) (ScriptedImporter) -> (artifact id: '77882e7ee57455c6b2d9c757061715b8') in 0.001247875 seconds
Number of updated asset objects reloaded before import = 0Number of asset objects unloaded after import = 0

========================================================================
Received Import Request.
  Time since last request: 0.000064 seconds.
  path: Assets/Audio/UI
  artifactKey: Guid(71628097ce94241d99ba2a33f8730327) Importer(2089858483,d624ce77472d68a35037170ec1d2d27e)
Start importing Assets/Audio/UI using Guid(71628097ce94241d99ba2a33f8730327) Importer(2089858483,d624ce77472d68a35037170ec1d2d27e) (ScriptedImporter) -> (artifact id: '0ecc79a467044cef63555c181baf153f') in 0.000894333 seconds
Number of updated asset objects reloaded before import = 0Number of asset objects unloaded after import = 1

========================================================================
Received Import Request.
  Time since last request: 0.000034 seconds.
  path: Assets/Wwise/MonoBehaviour/Runtime/AkEventCallbackData.cs
  artifactKey: Guid(352a57913e298405c9cff087551cbbd8) Importer(2089858483,d624ce77472d68a35037170ec1d2d27e)
Start importing Assets/Wwise/MonoBehaviour/Runtime/AkEventCallbackData.cs using Guid(352a57913e298405c9cff087551cbbd8) Importer(2089858483,d624ce77472d68a35037170ec1d2d27e) (ScriptedImporter) -> (artifact id: '6df93c46c099508da5ce345a3c4c1462') in 0.001118875 seconds
Number of updated asset objects reloaded before import = 0Number of asset objects unloaded after import = 0

========================================================================
Received Import Request.
  Time since last request: 0.000042 seconds.
  path: Assets/Wwise/MonoBehaviour/Runtime/AkState.cs
  artifactKey: Guid(7a91ace1fba8e4c7a8ee9a11243168ac) Importer(2089858483,d624ce77472d68a35037170ec1d2d27e)
Start importing Assets/Wwise/MonoBehaviour/Runtime/AkState.cs using Guid(7a91ace1fba8e4c7a8ee9a11243168ac) Importer(2089858483,d624ce77472d68a35037170ec1d2d27e) (ScriptedImporter) -> (artifact id: '85f532091ff46ac3cfcb367bfcc672e4') in 0.001128709 seconds
Number of updated asset objects reloaded before import = 0Number of asset objects unloaded after import = 0

========================================================================
Received Import Request.
  Time since last request: 0.000072 seconds.
  path: Assets/Wwise/Tools/AddressableInstaller/Editor/AddressableInstaller.cs
  artifactKey: Guid(0ec5813c39d7f48dfabd7e951b8d17a9) Importer(2089858483,d624ce77472d68a35037170ec1d2d27e)
Start importing Assets/Wwise/Tools/AddressableInstaller/Editor/AddressableInstaller.cs using Guid(0ec5813c39d7f48dfabd7e951b8d17a9) Importer(2089858483,d624ce77472d68a35037170ec1d2d27e) (ScriptedImporter) -> (artifact id: 'e3a94240d4f197ba8bb031c2d117b5d7') in 0.0014005 seconds
Number of updated asset objects reloaded before import = 0Number of asset objects unloaded after import = 0

========================================================================
Received Import Request.
  Time since last request: 0.000082 seconds.
  path: Assets/Wwise/API/Runtime/Plugins/Mac/Release/AkSoundEngine.bundle.dSYM
  artifactKey: Guid(b1db0bef92e7946f09763a7941c87e39) Importer(2089858483,d624ce77472d68a35037170ec1d2d27e)
Start importing Assets/Wwise/API/Runtime/Plugins/Mac/Release/AkSoundEngine.bundle.dSYM using Guid(b1db0bef92e7946f09763a7941c87e39) Importer(2089858483,d624ce77472d68a35037170ec1d2d27e) (ScriptedImporter) -> (artifact id: '1d39c3b155d9874ce627f5b637ddf5b8') in 0.000897916 seconds
Number of updated asset objects reloaded before import = 0Number of asset objects unloaded after import = 1

========================================================================
Received Import Request.
  Time since last request: 0.000039 seconds.
  path: Assets/Wwise/API/Editor/WwiseWindows/TreeViewIcons/event_nor.png
  artifactKey: Guid(e09d4c7dfb9cd444ba3ff57c2c15531b) Importer(2089858483,d624ce77472d68a35037170ec1d2d27e)
Start importing Assets/Wwise/API/Editor/WwiseWindows/TreeViewIcons/event_nor.png using Guid(e09d4c7dfb9cd444ba3ff57c2c15531b) Importer(2089858483,d624ce77472d68a35037170ec1d2d27e) (ScriptedImporter) -> (artifact id: '5ffaf48b54b172643d45d794c74e7c6c') in 0.003701916 seconds
Number of updated asset objects reloaded before import = 0Number of asset objects unloaded after import = 1

========================================================================
Received Import Request.
  Time since last request: 0.000020 seconds.
  path: Assets/Wwise/API/Runtime/Generated/Common/AkDeviceSettings.cs
  artifactKey: Guid(e589f2668d90248ec99cedaeef9e9f56) Importer(2089858483,d624ce77472d68a35037170ec1d2d27e)
Start importing Assets/Wwise/API/Runtime/Generated/Common/AkDeviceSettings.cs using Guid(e589f2668d90248ec99cedaeef9e9f56) Importer(2089858483,d624ce77472d68a35037170ec1d2d27e) (ScriptedImporter) -> (artifact id: 'e09b03a0bbd9c5d03570a01efebd65dd') in 0.001289792 seconds
Number of updated asset objects reloaded before import = 0Number of asset objects unloaded after import = 0

========================================================================
Received Import Request.
  Time since last request: 0.000048 seconds.
  path: Assets/Wwise/Logging/Runtime/AK.Wwise.Unity.Logging.asmdef
  artifactKey: Guid(a05bdb827636a45478f8b373865a57b2) Importer(2089858483,d624ce77472d68a35037170ec1d2d27e)
Start importing Assets/Wwise/Logging/Runtime/AK.Wwise.Unity.Logging.asmdef using Guid(a05bdb827636a45478f8b373865a57b2) Importer(2089858483,d624ce77472d68a35037170ec1d2d27e) (ScriptedImporter) -> (artifact id: 'e1daff8c3dff823d27740e0641833f67') in 0.001633708 seconds
Number of updated asset objects reloaded before import = 0Number of asset objects unloaded after import = 1

========================================================================
Received Import Request.
  Time since last request: 0.000056 seconds.
  path: Assets/Wwise/API/Runtime/Generated/Common/AkReflectionPathInfo.cs
  artifactKey: Guid(0e2945e2521ac44bfaaacb444ba3ff5c) Importer(2089858483,d624ce77472d68a35037170ec1d2d27e)
Start importing Assets/Wwise/API/Runtime/Generated/Common/AkReflectionPathInfo.cs using Guid(0e2945e2521ac44bfaaacb444ba3ff5c) Importer(2089858483,d624ce77472d68a35037170ec1d2d27e) (ScriptedImporter) -> (artifact id: '459e1dab372934688008754e176ecffb') in 0.001478916 seconds
Number of updated asset objects reloaded before import = 0Number of asset objects unloaded after import = 0

========================================================================
Received Import Request.
  Time since last request: 0.000044 seconds.
  path: Assets/Wwise/MonoBehaviour/Editor/EditorPlatformHelpers/Windows/AkWindowsBuildPreprocessor.cs
  artifactKey: Guid(71d0b25e1dcf34514bf45b9ad432bc4b) Importer(2089858483,d624ce77472d68a35037170ec1d2d27e)
Start importing Assets/Wwise/MonoBehaviour/Editor/EditorPlatformHelpers/Windows/AkWindowsBuildPreprocessor.cs using Guid(71d0b25e1dcf34514bf45b9ad432bc4b) Importer(2089858483,d624ce77472d68a35037170ec1d2d27e) (ScriptedImporter) -> (artifact id: '5a533bba881a5424bbe48c6119156b4b') in 0.0013195 seconds
Number of updated asset objects reloaded before import = 0Number of asset objects unloaded after import = 0

========================================================================
Received Import Request.
  Time since last request: 0.000064 seconds.
  path: Assets/Wwise/Timeline/Runtime/AkTimelineEventPlayable.cs
  artifactKey: Guid(5b2dd76244c7d76489f890460bb075c4) Importer(2089858483,d624ce77472d68a35037170ec1d2d27e)
Start importing Assets/Wwise/Timeline/Runtime/AkTimelineEventPlayable.cs using Guid(5b2dd76244c7d76489f890460bb075c4) Importer(2089858483,d624ce77472d68a35037170ec1d2d27e) (ScriptedImporter) -> (artifact id: '0d2f280d915aed5a117bc1eea477b73a') in 0.001193125 seconds
Number of updated asset objects reloaded before import = 0Number of asset objects unloaded after import = 0

========================================================================
Received Import Request.
  Time since last request: 0.000040 seconds.
  path: Assets/Wwise/MonoBehaviour/Editor
  artifactKey: Guid(d751c83306ed5422dbcd88a15ce45265) Importer(2089858483,d624ce77472d68a35037170ec1d2d27e)
Start importing Assets/Wwise/MonoBehaviour/Editor using Guid(d751c83306ed5422dbcd88a15ce45265) Importer(2089858483,d624ce77472d68a35037170ec1d2d27e) (ScriptedImporter) -> (artifact id: '52f939876f16e20c16924267d7e93bc7') in 0.00081025 seconds
Number of updated asset objects reloaded before import = 0Number of asset objects unloaded after import = 1

========================================================================
Received Import Request.
  Time since last request: 0.000058 seconds.
  path: Assets/Wwise/API/Runtime/Plugins/Mac/Release/AkSoundEngine.bundle.dSYM/Contents/Resources/Relocations/aarch64
  artifactKey: Guid(bd5b2109a876940e5b8e1bf3e457ff4f) Importer(2089858483,d624ce77472d68a35037170ec1d2d27e)
Start importing Assets/Wwise/API/Runtime/Plugins/Mac/Release/AkSoundEngine.bundle.dSYM/Contents/Resources/Relocations/aarch64 using Guid(bd5b2109a876940e5b8e1bf3e457ff4f) Importer(2089858483,d624ce77472d68a35037170ec1d2d27e) (ScriptedImporter) -> (artifact id: '562761eea8846bf1a198c19d7a2af770') in 0.001043292 seconds
Number of updated asset objects reloaded before import = 0Number of asset objects unloaded after import = 1

========================================================================
Received Import Request.
  Time since last request: 0.000041 seconds.
  path: Assets/Wwise/API/Runtime/Plugins/Windows/x86/Profile
  artifactKey: Guid(6b5d5921093ca48c4824b2e4b5922365) Importer(2089858483,d624ce77472d68a35037170ec1d2d27e)
Start importing Assets/Wwise/API/Runtime/Plugins/Windows/x86/Profile using Guid(6b5d5921093ca48c4824b2e4b5922365) Importer(2089858483,d624ce77472d68a35037170ec1d2d27e) (ScriptedImporter) -> (artifact id: '284f361dda0e5c307babc002c961fcff') in 0.001067208 seconds
Number of updated asset objects reloaded before import = 0Number of asset objects unloaded after import = 1

========================================================================
Received Import Request.
  Time since last request: 0.000044 seconds.
  path: Assets/Wwise/MonoBehaviour/Runtime/AkSurfaceReflector.cs
  artifactKey: Guid(3966cef2e5dae4b1e960058be83ae99a) Importer(2089858483,d624ce77472d68a35037170ec1d2d27e)
Start importing Assets/Wwise/MonoBehaviour/Runtime/AkSurfaceReflector.cs using Guid(3966cef2e5dae4b1e960058be83ae99a) Importer(2089858483,d624ce77472d68a35037170ec1d2d27e) (ScriptedImporter) -> (artifact id: 'e8292d8787c51e70f093bef7644864f2') in 0.001141166 seconds
Number of updated asset objects reloaded before import = 0Number of asset objects unloaded after import = 0

========================================================================
Received Import Request.
  Time since last request: 0.000068 seconds.
  path: Assets/PostProcessing/Utilities/CustomMotionTexture/Shaders
  artifactKey: Guid(8e565c240745c49628f96f0573adfa76) Importer(2089858483,d624ce77472d68a35037170ec1d2d27e)
Start importing Assets/PostProcessing/Utilities/CustomMotionTexture/Shaders using Guid(8e565c240745c49628f96f0573adfa76) Importer(2089858483,d624ce77472d68a35037170ec1d2d27e) (ScriptedImporter) -> (artifact id: '2de09ae572cdfe26174805432ce39a9f') in 0.001064792 seconds
Number of updated asset objects reloaded before import = 0Number of asset objects unloaded after import = 1

========================================================================
Received Import Request.
  Time since last request: 0.000051 seconds.
  path: Assets/Wwise/API/Runtime/Handwritten/Common/AkVector.cs
  artifactKey: Guid(7493a539e3a1c463c890c54d4f8e4b33) Importer(2089858483,d624ce77472d68a35037170ec1d2d27e)
Start importing Assets/Wwise/API/Runtime/Handwritten/Common/AkVector.cs using Guid(7493a539e3a1c463c890c54d4f8e4b33) Importer(2089858483,d624ce77472d68a35037170ec1d2d27e) (ScriptedImporter) -> (artifact id: '72bef49f28f1a85c8c6c39f1c64dca1a') in 0.001211875 seconds
Number of updated asset objects reloaded before import = 0Number of asset objects unloaded after import = 0

========================================================================
Received Import Request.
  Time since last request: 0.000046 seconds.
  path: Assets/Wwise/API/Runtime/Plugins/Mac/Profile/AkSoundEngine.bundle.dSYM/Contents/Resources/Relocations/x86_64
  artifactKey: Guid(a68a4982c322f48e88b36221a6a03d54) Importer(2089858483,d624ce77472d68a35037170ec1d2d27e)
Start importing Assets/Wwise/API/Runtime/Plugins/Mac/Profile/AkSoundEngine.bundle.dSYM/Contents/Resources/Relocations/x86_64 using Guid(a68a4982c322f48e88b36221a6a03d54) Importer(2089858483,d624ce77472d68a35037170ec1d2d27e) (ScriptedImporter) -> (artifact id: '03f7285cc5a508b26d3359ba3bb5ff0c') in 0.001224208 seconds
Number of updated asset objects reloaded before import = 0Number of asset objects unloaded after import = 1

========================================================================
Received Import Request.
  Time since last request: 0.000044 seconds.
  path: Assets/PostProcessing/Runtime/Attributes
  artifactKey: Guid(68327f748e8ffd94889a47317b7d327b) Importer(2089858483,d624ce77472d68a35037170ec1d2d27e)
Start importing Assets/PostProcessing/Runtime/Attributes using Guid(68327f748e8ffd94889a47317b7d327b) Importer(2089858483,d624ce77472d68a35037170ec1d2d27e) (ScriptedImporter) -> (artifact id: '640213061571ba322b4ccd3ae8f1f1c3') in 0.000876083 seconds
Number of updated asset objects reloaded before import = 0Number of asset objects unloaded after import = 1

========================================================================
Received Import Request.
  Time since last request: 0.000039 seconds.
  path: Assets/Prefabs/UI/LevelSelect
  artifactKey: Guid(1372f671a236d497bb394004ca68adb1) Importer(2089858483,d624ce77472d68a35037170ec1d2d27e)
Start importing Assets/Prefabs/UI/LevelSelect using Guid(1372f671a236d497bb394004ca68adb1) Importer(2089858483,d624ce77472d68a35037170ec1d2d27e) (ScriptedImporter) -> (artifact id: '8b201e3e09feeed0a078e4a51ed6e206') in 0.000989959 seconds
Number of updated asset objects reloaded before import = 0Number of asset objects unloaded after import = 1

========================================================================
Received Import Request.
  Time since last request: 0.000095 seconds.
  path: Assets/Wwise/API/Runtime/Generated/Common/AkDeviceDescription.cs
  artifactKey: Guid(9d68ee5c0ba294ac2a16110854feaf0f) Importer(2089858483,d624ce77472d68a35037170ec1d2d27e)
Start importing Assets/Wwise/API/Runtime/Generated/Common/AkDeviceDescription.cs using Guid(9d68ee5c0ba294ac2a16110854feaf0f) Importer(2089858483,d624ce77472d68a35037170ec1d2d27e) (ScriptedImporter) -> (artifact id: 'e30a9dddf62698472d14b296272b9718') in 0.001246292 seconds
Number of updated asset objects reloaded before import = 0Number of asset objects unloaded after import = 0

========================================================================
Received Import Request.
  Time since last request: 0.000058 seconds.
  path: Assets/Wwise/API/Runtime/Plugins/Windows/x86_64/Profile/AkSoundEngine.dll
  artifactKey: Guid(8c5c14fa3abb64eaf983895a62c3b8f0) Importer(2089858483,d624ce77472d68a35037170ec1d2d27e)
Start importing Assets/Wwise/API/Runtime/Plugins/Windows/x86_64/Profile/AkSoundEngine.dll using Guid(8c5c14fa3abb64eaf983895a62c3b8f0) Importer(2089858483,d624ce77472d68a35037170ec1d2d27e) (ScriptedImporter) -> (artifact id: '33987397f7f90da26297c86910609ac9') in 0.001377041 seconds
Number of updated asset objects reloaded before import = 0Number of asset objects unloaded after import = 0

========================================================================
Received Import Request.
  Time since last request: 0.000040 seconds.
  path: Assets/Wwise/MonoBehaviour/Runtime/AkGameObjPosOffsetData.cs
  artifactKey: Guid(2fd8be6d6bf6c4931801b807d32f8833) Importer(2089858483,d624ce77472d68a35037170ec1d2d27e)
Start importing Assets/Wwise/MonoBehaviour/Runtime/AkGameObjPosOffsetData.cs using Guid(2fd8be6d6bf6c4931801b807d32f8833) Importer(2089858483,d624ce77472d68a35037170ec1d2d27e) (ScriptedImporter) -> (artifact id: '069af312d4d0391826f00e94f2a4ab4b') in 0.000982583 seconds
Number of updated asset objects reloaded before import = 0Number of asset objects unloaded after import = 0

========================================================================
Received Import Request.
  Time since last request: 0.000039 seconds.
  path: Assets/Scripts/ActionGameFramework/Health
  artifactKey: Guid(f029c894297d347b0acc0dd6ee16c874) Importer(2089858483,d624ce77472d68a35037170ec1d2d27e)
Start importing Assets/Scripts/ActionGameFramework/Health using Guid(f029c894297d347b0acc0dd6ee16c874) Importer(2089858483,d624ce77472d68a35037170ec1d2d27e) (ScriptedImporter) -> (artifact id: '2b0958b1bb5cdbe81b3fa4528ea39919') in 0.000837084 seconds
Number of updated asset objects reloaded before import = 0Number of asset objects unloaded after import = 1

========================================================================
Received Import Request.
  Time since last request: 0.000046 seconds.
  path: Assets/Wwise/API/Runtime/Plugins/Mac/Release/AkSoundEngine.bundle
  artifactKey: Guid(50f79e3d29d58457fbd1e8db49836fff) Importer(2089858483,d624ce77472d68a35037170ec1d2d27e)
Start importing Assets/Wwise/API/Runtime/Plugins/Mac/Release/AkSoundEngine.bundle using Guid(50f79e3d29d58457fbd1e8db49836fff) Importer(2089858483,d624ce77472d68a35037170ec1d2d27e) (ScriptedImporter) -> (artifact id: '4b69f8217e48b33992a8933aff3c6aaf') in 0.001298375 seconds
Number of updated asset objects reloaded before import = 0Number of asset objects unloaded after import = 0

========================================================================
Received Import Request.
  Time since last request: 0.000089 seconds.
  path: Assets/Wwise/API/Runtime/Generated/Common/AkPreparationType.cs
  artifactKey: Guid(ab640b28b66f6488483f5d93135ad049) Importer(2089858483,d624ce77472d68a35037170ec1d2d27e)
Start importing Assets/Wwise/API/Runtime/Generated/Common/AkPreparationType.cs using Guid(ab640b28b66f6488483f5d93135ad049) Importer(2089858483,d624ce77472d68a35037170ec1d2d27e) (ScriptedImporter) -> (artifact id: 'cc542d2f5d0666ddd317842be85d07b4') in 0.000986333 seconds
Number of updated asset objects reloaded before import = 0Number of asset objects unloaded after import = 0

========================================================================
Received Import Request.
  Time since last request: 0.000052 seconds.
  path: Assets/Wwise/API/Editor/WwiseWindows/TreeViewIcons/soundbank_nor.png
  artifactKey: Guid(96c80d9cc59c748bebf48cf1606c01e8) Importer(2089858483,d624ce77472d68a35037170ec1d2d27e)
Start importing Assets/Wwise/API/Editor/WwiseWindows/TreeViewIcons/soundbank_nor.png using Guid(96c80d9cc59c748bebf48cf1606c01e8) Importer(2089858483,d624ce77472d68a35037170ec1d2d27e) (ScriptedImporter) -> (artifact id: '91c4d0c28cbb180dc96fcb287adacff0') in 0.003539 seconds
Number of updated asset objects reloaded before import = 0Number of asset objects unloaded after import = 1

========================================================================
Received Import Request.
  Time since last request: 0.000042 seconds.
  path: Assets/Models/Towers/SuperTower
  artifactKey: Guid(2f29e3a6c54394e87b708d383ac59ec1) Importer(2089858483,d624ce77472d68a35037170ec1d2d27e)
Start importing Assets/Models/Towers/SuperTower using Guid(2f29e3a6c54394e87b708d383ac59ec1) Importer(2089858483,d624ce77472d68a35037170ec1d2d27e) (ScriptedImporter) -> (artifact id: '9de71f0e59c24aec219f30f4a4d2eb34') in 0.001054125 seconds
Number of updated asset objects reloaded before import = 0Number of asset objects unloaded after import = 1

========================================================================
Received Import Request.
  Time since last request: 0.000031 seconds.
  path: Assets/PostProcessing/Editor Resources
  artifactKey: Guid(83715878d3a8db441aa5636641db69a3) Importer(2089858483,d624ce77472d68a35037170ec1d2d27e)
Start importing Assets/PostProcessing/Editor Resources using Guid(83715878d3a8db441aa5636641db69a3) Importer(2089858483,d624ce77472d68a35037170ec1d2d27e) (ScriptedImporter) -> (artifact id: '92d4ae76a15bf73c429fdce2786e02e5') in 0.00102775 seconds
Number of updated asset objects reloaded before import = 0Number of asset objects unloaded after import = 1

========================================================================
Received Import Request.
  Time since last request: 0.000044 seconds.
  path: Assets/Wwise/Documentation/Windows/zh
  artifactKey: Guid(c57d807f534714c1ab85b2db9937ac38) Importer(2089858483,d624ce77472d68a35037170ec1d2d27e)
Start importing Assets/Wwise/Documentation/Windows/zh using Guid(c57d807f534714c1ab85b2db9937ac38) Importer(2089858483,d624ce77472d68a35037170ec1d2d27e) (ScriptedImporter) -> (artifact id: 'f9340192d76c63f1249c59e9ecd0391a') in 0.000878792 seconds
Number of updated asset objects reloaded before import = 0Number of asset objects unloaded after import = 1

========================================================================
Received Import Request.
  Time since last request: 0.000024 seconds.
  path: Assets/Wwise/API/Runtime/Generated/Common/AkCallbackInfo.cs
  artifactKey: Guid(ce18260f3dccb43359b60f09ad04e03c) Importer(2089858483,d624ce77472d68a35037170ec1d2d27e)
Start importing Assets/Wwise/API/Runtime/Generated/Common/AkCallbackInfo.cs using Guid(ce18260f3dccb43359b60f09ad04e03c) Importer(2089858483,d624ce77472d68a35037170ec1d2d27e) (ScriptedImporter) -> (artifact id: '66aea82ee793fcff6f1353bce1991199') in 0.001072958 seconds
Number of updated asset objects reloaded before import = 0Number of asset objects unloaded after import = 0

========================================================================
Received Import Request.
  Time since last request: 0.000035 seconds.
  path: Assets/Wwise/MonoBehaviour/Editor/WwiseSetupWizard/AkBuildPreprocessor.cs
  artifactKey: Guid(5e84a813a2f7742c1a52a12f10930f81) Importer(2089858483,d624ce77472d68a35037170ec1d2d27e)
Start importing Assets/Wwise/MonoBehaviour/Editor/WwiseSetupWizard/AkBuildPreprocessor.cs using Guid(5e84a813a2f7742c1a52a12f10930f81) Importer(2089858483,d624ce77472d68a35037170ec1d2d27e) (ScriptedImporter) -> (artifact id: 'fd32d12a67fbad1f0db9749eb3f22726') in 0.000910709 seconds
Number of updated asset objects reloaded before import = 0Number of asset objects unloaded after import = 0

========================================================================
Received Import Request.
  Time since last request: 0.000049 seconds.
  path: Assets/Scripts/TowerDefense/Level
  artifactKey: Guid(9d0869c38115448e6bb7f6b1edbced73) Importer(2089858483,d624ce77472d68a35037170ec1d2d27e)
Start importing Assets/Scripts/TowerDefense/Level using Guid(9d0869c38115448e6bb7f6b1edbced73) Importer(2089858483,d624ce77472d68a35037170ec1d2d27e) (ScriptedImporter) -> (artifact id: 'e51190a0320d4456468c5d80b525ab50') in 0.000909625 seconds
Number of updated asset objects reloaded before import = 0Number of asset objects unloaded after import = 1

========================================================================
Received Import Request.
  Time since last request: 0.000036 seconds.
  path: Assets/Wwise/API/Runtime/WwiseTypes/WwiseTypes/AkWwiseAuxBus.cs
  artifactKey: Guid(4203e4dd8d31e45a0a66fb0b03ddef3a) Importer(2089858483,d624ce77472d68a35037170ec1d2d27e)
Start importing Assets/Wwise/API/Runtime/WwiseTypes/WwiseTypes/AkWwiseAuxBus.cs using Guid(4203e4dd8d31e45a0a66fb0b03ddef3a) Importer(2089858483,d624ce77472d68a35037170ec1d2d27e) (ScriptedImporter) -> (artifact id: 'd9e6ef8bf9b6b53a456ad9cc730d3874') in 0.001135625 seconds
Number of updated asset objects reloaded before import = 0Number of asset objects unloaded after import = 0

========================================================================
Received Import Request.
  Time since last request: 0.000044 seconds.
  path: Assets/PostProcessing/Runtime/Utils
  artifactKey: Guid(18fb6a6b698945843a16c2d0111a7af2) Importer(2089858483,d624ce77472d68a35037170ec1d2d27e)
Start importing Assets/PostProcessing/Runtime/Utils using Guid(18fb6a6b698945843a16c2d0111a7af2) Importer(2089858483,d624ce77472d68a35037170ec1d2d27e) (ScriptedImporter) -> (artifact id: 'fd88388c50b40d80f3257e9f07b359b5') in 0.000977083 seconds
Number of updated asset objects reloaded before import = 0Number of asset objects unloaded after import = 1

========================================================================
Received Import Request.
  Time since last request: 0.000024 seconds.
  path: Assets/Wwise/API/Runtime/Plugins/Windows/x86/DSP/AkSoundSeedAir.pdb
  artifactKey: Guid(bd7d8fa6c31024c04abf056e38a00ef0) Importer(2089858483,d624ce77472d68a35037170ec1d2d27e)
Start importing Assets/Wwise/API/Runtime/Plugins/Windows/x86/DSP/AkSoundSeedAir.pdb using Guid(bd7d8fa6c31024c04abf056e38a00ef0) Importer(2089858483,d624ce77472d68a35037170ec1d2d27e) (ScriptedImporter) -> (artifact id: 'a3178949b5686cf1a510ca561c057c27') in 0.000909333 seconds
Number of updated asset objects reloaded before import = 0Number of asset objects unloaded after import = 1

========================================================================
Received Import Request.
  Time since last request: 0.000033 seconds.
  path: Assets/Wwise/MonoBehaviour/Editor/AkPortalManager.cs
  artifactKey: Guid(bc4657f7f963b47f983b101f63557179) Importer(2089858483,d624ce77472d68a35037170ec1d2d27e)
Start importing Assets/Wwise/MonoBehaviour/Editor/AkPortalManager.cs using Guid(bc4657f7f963b47f983b101f63557179) Importer(2089858483,d624ce77472d68a35037170ec1d2d27e) (ScriptedImporter) -> (artifact id: '942c72db868aec1e28e42db1a93dd298') in 0.001076458 seconds
Number of updated asset objects reloaded before import = 0Number of asset objects unloaded after import = 0

========================================================================
Received Import Request.
  Time since last request: 0.000065 seconds.
  path: Assets/Wwise/Tools/AddressableUpdater/Editor/AK.Wwise.Unity.AddressableUpdater.asmdef
  artifactKey: Guid(ff13463e42de14004a4090c5c7d70ef3) Importer(2089858483,d624ce77472d68a35037170ec1d2d27e)
Start importing Assets/Wwise/Tools/AddressableUpdater/Editor/AK.Wwise.Unity.AddressableUpdater.asmdef using Guid(ff13463e42de14004a4090c5c7d70ef3) Importer(2089858483,d624ce77472d68a35037170ec1d2d27e) (ScriptedImporter) -> (artifact id: '0a3eab0d45ebe416f6b4456ab10ff9b8') in 0.001365375 seconds
Number of updated asset objects reloaded before import = 0Number of asset objects unloaded after import = 1

========================================================================
Received Import Request.
  Time since last request: 0.000038 seconds.
  path: Assets/Scripts/Core/Economy
  artifactKey: Guid(fc0e9a9f93f81421b96de106bb090963) Importer(2089858483,d624ce77472d68a35037170ec1d2d27e)
Start importing Assets/Scripts/Core/Economy using Guid(fc0e9a9f93f81421b96de106bb090963) Importer(2089858483,d624ce77472d68a35037170ec1d2d27e) (ScriptedImporter) -> (artifact id: '1452c4a5db68e271b7f49e0477b34fc7') in 0.000962292 seconds
Number of updated asset objects reloaded before import = 0Number of asset objects unloaded after import = 1

========================================================================
Received Import Request.
  Time since last request: 0.000039 seconds.
  path: Assets/Materials/Projectiles
  artifactKey: Guid(468afdb0a1e1b4ffb97dfba3249418ac) Importer(2089858483,d624ce77472d68a35037170ec1d2d27e)
Start importing Assets/Materials/Projectiles using Guid(468afdb0a1e1b4ffb97dfba3249418ac) Importer(2089858483,d624ce77472d68a35037170ec1d2d27e) (ScriptedImporter) -> (artifact id: '2b1ba550e2fc3abd3fb961700026f067') in 0.00114075 seconds
Number of updated asset objects reloaded before import = 0Number of asset objects unloaded after import = 1

========================================================================
Received Import Request.
  Time since last request: 0.000052 seconds.
  path: Assets/Wwise/API/Editor/PluginActivator
  artifactKey: Guid(fa4999f56a3c040d38770dc97a9a883c) Importer(2089858483,d624ce77472d68a35037170ec1d2d27e)
Start importing Assets/Wwise/API/Editor/PluginActivator using Guid(fa4999f56a3c040d38770dc97a9a883c) Importer(2089858483,d624ce77472d68a35037170ec1d2d27e) (ScriptedImporter) -> (artifact id: '7d9e5c51bb020f758f5d0298a3db79b0') in 0.001010708 seconds
Number of updated asset objects reloaded before import = 0Number of asset objects unloaded after import = 1

========================================================================
Received Import Request.
  Time since last request: 0.000061 seconds.
  path: Assets/Wwise/API/Runtime/Handwritten
  artifactKey: Guid(6f06f2981b3204244a2ba5c3e72bb4fe) Importer(2089858483,d624ce77472d68a35037170ec1d2d27e)
Start importing Assets/Wwise/API/Runtime/Handwritten using Guid(6f06f2981b3204244a2ba5c3e72bb4fe) Importer(2089858483,d624ce77472d68a35037170ec1d2d27e) (ScriptedImporter) -> (artifact id: 'a8ff1414d192aa0208653bc4aae1a4c3') in 0.000993458 seconds
Number of updated asset objects reloaded before import = 0Number of asset objects unloaded after import = 1

========================================================================
Received Import Request.
  Time since last request: 0.000048 seconds.
  path: Assets/Wwise/API/Runtime/Generated/Common/AkMonitorErrorLevel.cs
  artifactKey: Guid(1c482aa3858484fe3abaf2064702eb85) Importer(2089858483,d624ce77472d68a35037170ec1d2d27e)
Start importing Assets/Wwise/API/Runtime/Generated/Common/AkMonitorErrorLevel.cs using Guid(1c482aa3858484fe3abaf2064702eb85) Importer(2089858483,d624ce77472d68a35037170ec1d2d27e) (ScriptedImporter) -> (artifact id: '12311900ed0e70f783746f690493957b') in 0.001047042 seconds
Number of updated asset objects reloaded before import = 0Number of asset objects unloaded after import = 0

========================================================================
Received Import Request.
  Time since last request: 0.000051 seconds.
  path: Assets/Wwise/API/Runtime/Plugins/Mac/Debug/AkSoundEngine.bundle
  artifactKey: Guid(110f17f329639426b98f82604f58c595) Importer(2089858483,d624ce77472d68a35037170ec1d2d27e)
Start importing Assets/Wwise/API/Runtime/Plugins/Mac/Debug/AkSoundEngine.bundle using Guid(110f17f329639426b98f82604f58c595) Importer(2089858483,d624ce77472d68a35037170ec1d2d27e) (ScriptedImporter) -> (artifact id: '02be40558bca647ad5d10abd264b5158') in 0.0015125 seconds
Number of updated asset objects reloaded before import = 0Number of asset objects unloaded after import = 0

========================================================================
Received Import Request.
  Time since last request: 0.000051 seconds.
  path: Assets/Wwise/Tools/AddressableInstaller/Editor/AddressableBankPathSetter.cs
  artifactKey: Guid(82986fcf664854b7ba2a2dc363e68976) Importer(2089858483,d624ce77472d68a35037170ec1d2d27e)
Start importing Assets/Wwise/Tools/AddressableInstaller/Editor/AddressableBankPathSetter.cs using Guid(82986fcf664854b7ba2a2dc363e68976) Importer(2089858483,d624ce77472d68a35037170ec1d2d27e) (ScriptedImporter) -> (artifact id: '003750f3e35c24c649613ff8d2d9602a') in 0.001137334 seconds
Number of updated asset objects reloaded before import = 0Number of asset objects unloaded after import = 0

========================================================================
Received Import Request.
  Time since last request: 0.000035 seconds.
  path: Assets/Models/Units
  artifactKey: Guid(51157285daf85471b87300d8ff2f8976) Importer(2089858483,d624ce77472d68a35037170ec1d2d27e)
Start importing Assets/Models/Units using Guid(51157285daf85471b87300d8ff2f8976) Importer(2089858483,d624ce77472d68a35037170ec1d2d27e) (ScriptedImporter) -> (artifact id: '0639dad40b7444b6828b2815135cf396') in 0.000888584 seconds
Number of updated asset objects reloaded before import = 0Number of asset objects unloaded after import = 1

========================================================================
Received Import Request.
  Time since last request: 0.000044 seconds.
  path: Assets/Scripts/TowerDefense/Affectors
  artifactKey: Guid(69c5c808e9aa4099ae99d8eaa24006f0) Importer(2089858483,d624ce77472d68a35037170ec1d2d27e)
Start importing Assets/Scripts/TowerDefense/Affectors using Guid(69c5c808e9aa4099ae99d8eaa24006f0) Importer(2089858483,d624ce77472d68a35037170ec1d2d27e) (ScriptedImporter) -> (artifact id: '5c0fdc64eea83d00db0a96f9c9f21a68') in 0.000913875 seconds
Number of updated asset objects reloaded before import = 0Number of asset objects unloaded after import = 1

========================================================================
Received Import Request.
  Time since last request: 0.000040 seconds.
  path: Assets/Scripts/TowerDefense/Cameras
  artifactKey: Guid(fa6d6d4e22c1c493fa09260ea7829ab8) Importer(2089858483,d624ce77472d68a35037170ec1d2d27e)
Start importing Assets/Scripts/TowerDefense/Cameras using Guid(fa6d6d4e22c1c493fa09260ea7829ab8) Importer(2089858483,d624ce77472d68a35037170ec1d2d27e) (ScriptedImporter) -> (artifact id: '25dba202688c1500d23c027a0ba7abb1') in 0.001096625 seconds
Number of updated asset objects reloaded before import = 0Number of asset objects unloaded after import = 1

========================================================================
Received Import Request.
  Time since last request: 0.000039 seconds.
  path: Assets/Wwise/MonoBehaviour/Runtime/AkTriggerHandler.cs
  artifactKey: Guid(d705b12be3ac345d4b08452a928e607a) Importer(2089858483,d624ce77472d68a35037170ec1d2d27e)
Start importing Assets/Wwise/MonoBehaviour/Runtime/AkTriggerHandler.cs using Guid(d705b12be3ac345d4b08452a928e607a) Importer(2089858483,d624ce77472d68a35037170ec1d2d27e) (ScriptedImporter) -> (artifact id: 'b7d2087f9c34afc475db0cd228c3522a') in 0.001347042 seconds
Number of updated asset objects reloaded before import = 0Number of asset objects unloaded after import = 0

========================================================================
Received Import Request.
  Time since last request: 0.000046 seconds.
  path: Assets/Wwise/API/package.json
  artifactKey: Guid(83ab0714e8a3242a0a7a98e5ccda6442) Importer(2089858483,d624ce77472d68a35037170ec1d2d27e)
Start importing Assets/Wwise/API/package.json using Guid(83ab0714e8a3242a0a7a98e5ccda6442) Importer(2089858483,d624ce77472d68a35037170ec1d2d27e) (ScriptedImporter) -> (artifact id: '7e297ba6dfe2f1373dbb0d40c3382c24') in 0.0012965 seconds
Number of updated asset objects reloaded before import = 0Number of asset objects unloaded after import = 1

========================================================================
Received Import Request.
  Time since last request: 0.000028 seconds.
  path: Assets/Wwise/API/Runtime/Generated/Common/MsgContext.cs
  artifactKey: Guid(a480dc33ffcac4337a9e14cfc31d14d2) Importer(2089858483,d624ce77472d68a35037170ec1d2d27e)
Start importing Assets/Wwise/API/Runtime/Generated/Common/MsgContext.cs using Guid(a480dc33ffcac4337a9e14cfc31d14d2) Importer(2089858483,d624ce77472d68a35037170ec1d2d27e) (ScriptedImporter) -> (artifact id: 'a97590b3d5bd784ff308f54fa86886dd') in 0.001385125 seconds
Number of updated asset objects reloaded before import = 0Number of asset objects unloaded after import = 0

========================================================================
Received Import Request.
  Time since last request: 0.000051 seconds.
  path: Assets/Wwise/API/Runtime/Plugins/Windows/x86/DSP/AkMotion.pdb
  artifactKey: Guid(8ea364d668ec4466dadb2791eba13d34) Importer(2089858483,d624ce77472d68a35037170ec1d2d27e)
Start importing Assets/Wwise/API/Runtime/Plugins/Windows/x86/DSP/AkMotion.pdb using Guid(8ea364d668ec4466dadb2791eba13d34) Importer(2089858483,d624ce77472d68a35037170ec1d2d27e) (ScriptedImporter) -> (artifact id: '86c59b79c3583f27a5cf0fcd5f3b9819') in 0.001287333 seconds
Number of updated asset objects reloaded before import = 0Number of asset objects unloaded after import = 1

========================================================================
Received Import Request.
  Time since last request: 0.000037 seconds.
  path: Assets/Wwise/MonoBehaviour/Runtime/AkRoomPortal.cs
  artifactKey: Guid(fffa0a32b74d8405dbee4739e1accc30) Importer(2089858483,d624ce77472d68a35037170ec1d2d27e)
Start importing Assets/Wwise/MonoBehaviour/Runtime/AkRoomPortal.cs using Guid(fffa0a32b74d8405dbee4739e1accc30) Importer(2089858483,d624ce77472d68a35037170ec1d2d27e) (ScriptedImporter) -> (artifact id: 'db314f6e8a67feda511dda5fbb7cba69') in 0.001220833 seconds
Number of updated asset objects reloaded before import = 0Number of asset objects unloaded after import = 0

========================================================================
Received Import Request.
  Time since last request: 0.000060 seconds.
  path: Assets/Wwise/API/Editor/WwiseWindows/TreeViewIcons/folder_nor.png
  artifactKey: Guid(8fa8aa811b73f4b3ca2d71ab5d13d08e) Importer(2089858483,d624ce77472d68a35037170ec1d2d27e)
Start importing Assets/Wwise/API/Editor/WwiseWindows/TreeViewIcons/folder_nor.png using Guid(8fa8aa811b73f4b3ca2d71ab5d13d08e) Importer(2089858483,d624ce77472d68a35037170ec1d2d27e) (ScriptedImporter) -> (artifact id: 'b87da16d1006136d5bce1383bb00dc95') in 0.003589125 seconds
Number of updated asset objects reloaded before import = 0Number of asset objects unloaded after import = 1

========================================================================
Received Import Request.
  Time since last request: 0.000045 seconds.
  path: Assets/Wwise/API/Runtime/Generated/Mac/AkPlatformInitSettings_Mac.cs
  artifactKey: Guid(5194ec654af894727938efaee2a453be) Importer(2089858483,d624ce77472d68a35037170ec1d2d27e)
Start importing Assets/Wwise/API/Runtime/Generated/Mac/AkPlatformInitSettings_Mac.cs using Guid(5194ec654af894727938efaee2a453be) Importer(2089858483,d624ce77472d68a35037170ec1d2d27e) (ScriptedImporter) -> (artifact id: 'd47265cc449be28cdc09d7387071289a') in 0.001125625 seconds
Number of updated asset objects reloaded before import = 0Number of asset objects unloaded after import = 0

========================================================================
Received Import Request.
  Time since last request: 0.000038 seconds.
  path: Assets/Wwise/MonoBehaviour/Runtime/AkTriggerMouseUp.cs
  artifactKey: Guid(a5f0a8c6224fb4080af97a450675cce5) Importer(2089858483,d624ce77472d68a35037170ec1d2d27e)
Start importing Assets/Wwise/MonoBehaviour/Runtime/AkTriggerMouseUp.cs using Guid(a5f0a8c6224fb4080af97a450675cce5) Importer(2089858483,d624ce77472d68a35037170ec1d2d27e) (ScriptedImporter) -> (artifact id: '5e3403452abb32763bc52e97fd2d8786') in 0.001078791 seconds
Number of updated asset objects reloaded before import = 0Number of asset objects unloaded after import = 0

========================================================================
Received Import Request.
  Time since last request: 0.000034 seconds.
  path: Assets/Wwise/API/Runtime/WwiseTypes/WwiseTypes
  artifactKey: Guid(0b6ea59b2ca6f4d63bbdb0b32b7b11b2) Importer(2089858483,d624ce77472d68a35037170ec1d2d27e)
Start importing Assets/Wwise/API/Runtime/WwiseTypes/WwiseTypes using Guid(0b6ea59b2ca6f4d63bbdb0b32b7b11b2) Importer(2089858483,d624ce77472d68a35037170ec1d2d27e) (ScriptedImporter) -> (artifact id: 'b8944acbac2dd9cea10111efe8a6656c') in 0.000951792 seconds
Number of updated asset objects reloaded before import = 0Number of asset objects unloaded after import = 1

========================================================================
Received Import Request.
  Time since last request: 0.000028 seconds.
  path: Assets/Wwise/API/Runtime/Plugins/Windows/x86/DSP/AkSoundSeedAir.dll
  artifactKey: Guid(eeef160be5b77432eb7ee00dda5370d6) Importer(2089858483,d624ce77472d68a35037170ec1d2d27e)
Start importing Assets/Wwise/API/Runtime/Plugins/Windows/x86/DSP/AkSoundSeedAir.dll using Guid(eeef160be5b77432eb7ee00dda5370d6) Importer(2089858483,d624ce77472d68a35037170ec1d2d27e) (ScriptedImporter) -> (artifact id: '039be60d74a6d47fe42601ce6fe8e2df') in 0.001244125 seconds
Number of updated asset objects reloaded before import = 0Number of asset objects unloaded after import = 0

========================================================================
Received Import Request.
  Time since last request: 0.000057 seconds.
  path: Assets/Wwise/API/Runtime/WwiseTypes/WwiseObjects
  artifactKey: Guid(bb1468a0ec2514a4c999ca6d01d10fd3) Importer(2089858483,d624ce77472d68a35037170ec1d2d27e)
Start importing Assets/Wwise/API/Runtime/WwiseTypes/WwiseObjects using Guid(bb1468a0ec2514a4c999ca6d01d10fd3) Importer(2089858483,d624ce77472d68a35037170ec1d2d27e) (ScriptedImporter) -> (artifact id: '110b092f96f0572395dbed567a5d3dfc') in 0.001017167 seconds
Number of updated asset objects reloaded before import = 0Number of asset objects unloaded after import = 1

========================================================================
Received Import Request.
  Time since last request: 0.000041 seconds.
  path: Assets/Wwise/API/Runtime/WwiseTypes/WwiseObjects/WwiseSwitchReference.cs
  artifactKey: Guid(718c1f0a72da24faf8cf3839d7a499b4) Importer(2089858483,d624ce77472d68a35037170ec1d2d27e)
Start importing Assets/Wwise/API/Runtime/WwiseTypes/WwiseObjects/WwiseSwitchReference.cs using Guid(718c1f0a72da24faf8cf3839d7a499b4) Importer(2089858483,d624ce77472d68a35037170ec1d2d27e) (ScriptedImporter) -> (artifact id: '996b82be73821b57587ce8cb6d131459') in 0.001525334 seconds
Number of updated asset objects reloaded before import = 0Number of asset objects unloaded after import = 0

========================================================================
Received Import Request.
  Time since last request: 0.000033 seconds.
  path: Assets/Wwise/Documentation/AppleCommon/zh/WwiseUnityIntegrationHelp_Mac_zh.chm
  artifactKey: Guid(26359c6f3f4cc0245a7b742c9def524f) Importer(2089858483,d624ce77472d68a35037170ec1d2d27e)
Start importing Assets/Wwise/Documentation/AppleCommon/zh/WwiseUnityIntegrationHelp_Mac_zh.chm using Guid(26359c6f3f4cc0245a7b742c9def524f) Importer(2089858483,d624ce77472d68a35037170ec1d2d27e) (ScriptedImporter) -> (artifact id: '31fc1a99e9c2e4a8074e006e3e4fa947') in 0.001116875 seconds
Number of updated asset objects reloaded before import = 0Number of asset objects unloaded after import = 1

========================================================================
Received Import Request.
  Time since last request: 0.000032 seconds.
  path: Assets/Wwise/API/Runtime/Plugins/Windows/x86_64/DSP/AkSoundEngineDLL.pdb
  artifactKey: Guid(7a1478bf8e76249939e53c1fa26bdd80) Importer(2089858483,d624ce77472d68a35037170ec1d2d27e)
Start importing Assets/Wwise/API/Runtime/Plugins/Windows/x86_64/DSP/AkSoundEngineDLL.pdb using Guid(7a1478bf8e76249939e53c1fa26bdd80) Importer(2089858483,d624ce77472d68a35037170ec1d2d27e) (ScriptedImporter) -> (artifact id: '524fd8ff24f60bab88bb5225e5c87541') in 0.004232041 seconds
Number of updated asset objects reloaded before import = 0Number of asset objects unloaded after import = 1

========================================================================
Received Import Request.
  Time since last request: 0.000045 seconds.
  path: Assets/Wwise/API/Editor/WwiseWindows/TreeViewIcons/wproj.png
  artifactKey: Guid(439d390bc8ec94178a2bc6b0d5ca4fef) Importer(2089858483,d624ce77472d68a35037170ec1d2d27e)
Start importing Assets/Wwise/API/Editor/WwiseWindows/TreeViewIcons/wproj.png using Guid(439d390bc8ec94178a2bc6b0d5ca4fef) Importer(2089858483,d624ce77472d68a35037170ec1d2d27e) (ScriptedImporter) -> (artifact id: '553de4c7a312d2bc0f65a098916d80e5') in 0.003761833 seconds
Number of updated asset objects reloaded before import = 0Number of asset objects unloaded after import = 1

========================================================================
Received Import Request.
  Time since last request: 0.384813 seconds.
  path: Assets/Wwise/MonoBehaviour/Runtime/AkSpatialAudioEmitter.cs
  artifactKey: Guid(98485a5df132543b0b71fc4e288a07f0) Importer(2089858483,d624ce77472d68a35037170ec1d2d27e)
Start importing Assets/Wwise/MonoBehaviour/Runtime/AkSpatialAudioEmitter.cs using Guid(98485a5df132543b0b71fc4e288a07f0) Importer(2089858483,d624ce77472d68a35037170ec1d2d27e) (ScriptedImporter) -> (artifact id: '2694e9e182b9f640758e2a28660c2276') in 0.001837167 seconds
Number of updated asset objects reloaded before import = 0Number of asset objects unloaded after import = 0

========================================================================
Received Import Request.
  Time since last request: 0.000059 seconds.
  path: Assets/Wwise/API/Runtime/Handwritten/WAAPI/Ak.Wwise.Api.WAAPI.asmdef
  artifactKey: Guid(4026fd836976842eb86e97cf8117a042) Importer(2089858483,d624ce77472d68a35037170ec1d2d27e)
Start importing Assets/Wwise/API/Runtime/Handwritten/WAAPI/Ak.Wwise.Api.WAAPI.asmdef using Guid(4026fd836976842eb86e97cf8117a042) Importer(2089858483,d624ce77472d68a35037170ec1d2d27e) (ScriptedImporter) -> (artifact id: 'ed827792c23e62569e500caf0af69a43') in 0.001306583 seconds
Number of updated asset objects reloaded before import = 0Number of asset objects unloaded after import = 1

========================================================================
Received Import Request.
  Time since last request: 0.000047 seconds.
  path: Assets/Wwise/Timeline/Runtime/AkEventTrack.cs
  artifactKey: Guid(e0c47c3eeed1248ac8c67ca18d89840a) Importer(2089858483,d624ce77472d68a35037170ec1d2d27e)
Start importing Assets/Wwise/Timeline/Runtime/AkEventTrack.cs using Guid(e0c47c3eeed1248ac8c67ca18d89840a) Importer(2089858483,d624ce77472d68a35037170ec1d2d27e) (ScriptedImporter) -> (artifact id: '1206ec20e8776e77770cfc3939388a01') in 0.001082209 seconds
Number of updated asset objects reloaded before import = 0Number of asset objects unloaded after import = 0

========================================================================
Received Import Request.
  Time since last request: 0.000044 seconds.
  path: Assets/Wwise/MonoBehaviour/Runtime/AkRoomManager.cs
  artifactKey: Guid(c62ab8e04ed8d4327a55845bc6ac2f4b) Importer(2089858483,d624ce77472d68a35037170ec1d2d27e)
Start importing Assets/Wwise/MonoBehaviour/Runtime/AkRoomManager.cs using Guid(c62ab8e04ed8d4327a55845bc6ac2f4b) Importer(2089858483,d624ce77472d68a35037170ec1d2d27e) (ScriptedImporter) -> (artifact id: '01e81dbe06aed48830fc6a9970d1013a') in 0.001042084 seconds
Number of updated asset objects reloaded before import = 0Number of asset objects unloaded after import = 0

========================================================================
Received Import Request.
  Time since last request: 0.000072 seconds.
  path: Assets/Wwise/API/Runtime/Generated
  artifactKey: Guid(8189eb57994404cd3930acd74846dbcb) Importer(2089858483,d624ce77472d68a35037170ec1d2d27e)
Start importing Assets/Wwise/API/Runtime/Generated using Guid(8189eb57994404cd3930acd74846dbcb) Importer(2089858483,d624ce77472d68a35037170ec1d2d27e) (ScriptedImporter) -> (artifact id: '272f33c7b3158850d3a69658cb844053') in 0.000813583 seconds
Number of updated asset objects reloaded before import = 0Number of asset objects unloaded after import = 1

========================================================================
Received Import Request.
  Time since last request: 0.000037 seconds.
  path: Assets/Wwise/MonoBehaviour/Editor/WwiseSetupWizard/AkXboxOneUtils.cs
  artifactKey: Guid(2944d26cfafdd42d5a80b548ff1543b6) Importer(2089858483,d624ce77472d68a35037170ec1d2d27e)
Start importing Assets/Wwise/MonoBehaviour/Editor/WwiseSetupWizard/AkXboxOneUtils.cs using Guid(2944d26cfafdd42d5a80b548ff1543b6) Importer(2089858483,d624ce77472d68a35037170ec1d2d27e) (ScriptedImporter) -> (artifact id: 'fa6763deaa6799ae86ffd14e5863f84e') in 0.000964333 seconds
Number of updated asset objects reloaded before import = 0Number of asset objects unloaded after import = 0

========================================================================
Received Import Request.
  Time since last request: 0.000032 seconds.
  path: Assets/Wwise/Documentation/Windows/zh/WwiseUnityIntegrationHelp_zh.chm
  artifactKey: Guid(2b14856f5c162406bac5dd56cec65261) Importer(2089858483,d624ce77472d68a35037170ec1d2d27e)
Start importing Assets/Wwise/Documentation/Windows/zh/WwiseUnityIntegrationHelp_zh.chm using Guid(2b14856f5c162406bac5dd56cec65261) Importer(2089858483,d624ce77472d68a35037170ec1d2d27e) (ScriptedImporter) -> (artifact id: 'b462fe65a1c8413312af62754b1183f9') in 0.000822084 seconds
Number of updated asset objects reloaded before import = 0Number of asset objects unloaded after import = 1

========================================================================
Received Import Request.
  Time since last request: 0.000030 seconds.
  path: Assets/Wwise/API/Runtime/Handwritten/WAAPI/AkWaapiHelper.cs
  artifactKey: Guid(de72c3dd3483b4a8c9db595b76a95a75) Importer(2089858483,d624ce77472d68a35037170ec1d2d27e)
Start importing Assets/Wwise/API/Runtime/Handwritten/WAAPI/AkWaapiHelper.cs using Guid(de72c3dd3483b4a8c9db595b76a95a75) Importer(2089858483,d624ce77472d68a35037170ec1d2d27e) (ScriptedImporter) -> (artifact id: 'f75886849f75f8348394de70383a744b') in 0.00114675 seconds
Number of updated asset objects reloaded before import = 0Number of asset objects unloaded after import = 0

========================================================================
Received Import Request.
  Time since last request: 0.000071 seconds.
  path: Assets/Wwise/API/Runtime/WwiseTypes/WwiseTypes/AkWwiseTrigger.cs
  artifactKey: Guid(e7ab0c5c6402242b88ab6fbdad63850d) Importer(2089858483,d624ce77472d68a35037170ec1d2d27e)
Start importing Assets/Wwise/API/Runtime/WwiseTypes/WwiseTypes/AkWwiseTrigger.cs using Guid(e7ab0c5c6402242b88ab6fbdad63850d) Importer(2089858483,d624ce77472d68a35037170ec1d2d27e) (ScriptedImporter) -> (artifact id: '17e0c5de3a83acc8ad9fb3b0dbd66164') in 0.001364625 seconds
Number of updated asset objects reloaded before import = 0Number of asset objects unloaded after import = 0

========================================================================
Received Import Request.
  Time since last request: 0.000044 seconds.
  path: Assets/PostProcessing/Textures/Lens Dirt
  artifactKey: Guid(705e7922061713741885ae52a3e0bea4) Importer(2089858483,d624ce77472d68a35037170ec1d2d27e)
Start importing Assets/PostProcessing/Textures/Lens Dirt using Guid(705e7922061713741885ae52a3e0bea4) Importer(2089858483,d624ce77472d68a35037170ec1d2d27e) (ScriptedImporter) -> (artifact id: '7ef5df49334ccc78587f6456935c2393') in 0.000981375 seconds
Number of updated asset objects reloaded before import = 0Number of asset objects unloaded after import = 1

========================================================================
Received Import Request.
  Time since last request: 0.000029 seconds.
  path: Assets/Audio/SFX/Enemies Exploding
  artifactKey: Guid(28713d64395c74c9685f81ea92ead8b1) Importer(2089858483,d624ce77472d68a35037170ec1d2d27e)
Start importing Assets/Audio/SFX/Enemies Exploding using Guid(28713d64395c74c9685f81ea92ead8b1) Importer(2089858483,d624ce77472d68a35037170ec1d2d27e) (ScriptedImporter) -> (artifact id: 'a023e5096e1cf12cf3f6ef072fd782b2') in 0.000800583 seconds
Number of updated asset objects reloaded before import = 0Number of asset objects unloaded after import = 1

========================================================================
Received Import Request.
  Time since last request: 0.000035 seconds.
  path: Assets/Wwise/ScriptableObjects
  artifactKey: Guid(8f087af99429f4c0da86751b4d34fbb3) Importer(2089858483,d624ce77472d68a35037170ec1d2d27e)
Start importing Assets/Wwise/ScriptableObjects using Guid(8f087af99429f4c0da86751b4d34fbb3) Importer(2089858483,d624ce77472d68a35037170ec1d2d27e) (ScriptedImporter) -> (artifact id: 'cc850b46f07dfd3fd74d06a18b9e54c4') in 0.000841375 seconds
Number of updated asset objects reloaded before import = 0Number of asset objects unloaded after import = 1

========================================================================
Received Import Request.
  Time since last request: 0.000052 seconds.
  path: Assets/Materials/Towers/EMP Tower
  artifactKey: Guid(f068ba5e5ee734bd2a149fe267e828fd) Importer(2089858483,d624ce77472d68a35037170ec1d2d27e)
Start importing Assets/Materials/Towers/EMP Tower using Guid(f068ba5e5ee734bd2a149fe267e828fd) Importer(2089858483,d624ce77472d68a35037170ec1d2d27e) (ScriptedImporter) -> (artifact id: '0554b5878c68fe26b25ddd1d185c6377') in 0.000736375 seconds
Number of updated asset objects reloaded before import = 0Number of asset objects unloaded after import = 1

========================================================================
Received Import Request.
  Time since last request: 0.000040 seconds.
  path: Assets/Wwise/API/Runtime/Plugins/Mac/Profile/AkSoundEngine.bundle
  artifactKey: Guid(467f074b9917d4a50866466a6981ef36) Importer(2089858483,d624ce77472d68a35037170ec1d2d27e)
Start importing Assets/Wwise/API/Runtime/Plugins/Mac/Profile/AkSoundEngine.bundle using Guid(467f074b9917d4a50866466a6981ef36) Importer(2089858483,d624ce77472d68a35037170ec1d2d27e) (ScriptedImporter) -> (artifact id: '968bb4ca04532a7c1f2ff6c023669679') in 0.001292709 seconds
Number of updated asset objects reloaded before import = 0Number of asset objects unloaded after import = 0

========================================================================
Received Import Request.
  Time since last request: 0.000049 seconds.
  path: Assets/Scenes/Levels/Level5/Level5
  artifactKey: Guid(c372f20df585e4f209509f3f4bf7452f) Importer(2089858483,d624ce77472d68a35037170ec1d2d27e)
Start importing Assets/Scenes/Levels/Level5/Level5 using Guid(c372f20df585e4f209509f3f4bf7452f) Importer(2089858483,d624ce77472d68a35037170ec1d2d27e) (ScriptedImporter) -> (artifact id: '12cce3db13b6cf05600ffb2fb433d060') in 0.000945167 seconds
Number of updated asset objects reloaded before import = 0Number of asset objects unloaded after import = 1

========================================================================
Received Import Request.
  Time since last request: 0.000044 seconds.
  path: Assets/Wwise/MonoBehaviour/Runtime/AkTriggerMouseExit.cs
  artifactKey: Guid(541ccfdb2be6443a68ebe6322c94f1b4) Importer(2089858483,d624ce77472d68a35037170ec1d2d27e)
Start importing Assets/Wwise/MonoBehaviour/Runtime/AkTriggerMouseExit.cs using Guid(541ccfdb2be6443a68ebe6322c94f1b4) Importer(2089858483,d624ce77472d68a35037170ec1d2d27e) (ScriptedImporter) -> (artifact id: '0692326ebca5323e039dc9f9b8e358aa') in 0.001236459 seconds
Number of updated asset objects reloaded before import = 0Number of asset objects unloaded after import = 0

========================================================================
Received Import Request.
  Time since last request: 0.000051 seconds.
  path: Assets/Wwise/MonoBehaviour/Editor/WwiseSetupWizard
  artifactKey: Guid(f0d1f23e992fe48dfacb1ce8b179a3d7) Importer(2089858483,d624ce77472d68a35037170ec1d2d27e)
Start importing Assets/Wwise/MonoBehaviour/Editor/WwiseSetupWizard using Guid(f0d1f23e992fe48dfacb1ce8b179a3d7) Importer(2089858483,d624ce77472d68a35037170ec1d2d27e) (ScriptedImporter) -> (artifact id: '279a55e674f858c6ec483bf7b2b8903d') in 0.000936542 seconds
Number of updated asset objects reloaded before import = 0Number of asset objects unloaded after import = 1

========================================================================
Received Import Request.
  Time since last request: 0.000058 seconds.
  path: Assets/Wwise/API/Editor/PluginActivator/Mac
  artifactKey: Guid(e78990fec4ba24484b69687091e53d63) Importer(2089858483,d624ce77472d68a35037170ec1d2d27e)
Start importing Assets/Wwise/API/Editor/PluginActivator/Mac using Guid(e78990fec4ba24484b69687091e53d63) Importer(2089858483,d624ce77472d68a35037170ec1d2d27e) (ScriptedImporter) -> (artifact id: 'ec5caf87ee24188d311b640db1cbf71f') in 0.000910708 seconds
Number of updated asset objects reloaded before import = 0Number of asset objects unloaded after import = 1

========================================================================
Received Import Request.
  Time since last request: 0.000032 seconds.
  path: Assets/Wwise/Tools/AddressableInstaller/Editor/AK.Wwise.Unity.AddressableInstaller.asmdef
  artifactKey: Guid(f8a7dfdc056a045ffa168fed20de70b1) Importer(2089858483,d624ce77472d68a35037170ec1d2d27e)
Start importing Assets/Wwise/Tools/AddressableInstaller/Editor/AK.Wwise.Unity.AddressableInstaller.asmdef using Guid(f8a7dfdc056a045ffa168fed20de70b1) Importer(2089858483,d624ce77472d68a35037170ec1d2d27e) (ScriptedImporter) -> (artifact id: '2d6128101265c82b4efb3f361bf4e4ca') in 0.001146417 seconds
Number of updated asset objects reloaded before import = 0Number of asset objects unloaded after import = 1

========================================================================
Received Import Request.
  Time since last request: 0.000028 seconds.
  path: Assets/Wwise/Resources
  artifactKey: Guid(f002720edf9054182a2d5a1193370487) Importer(2089858483,d624ce77472d68a35037170ec1d2d27e)
Start importing Assets/Wwise/Resources using Guid(f002720edf9054182a2d5a1193370487) Importer(2089858483,d624ce77472d68a35037170ec1d2d27e) (ScriptedImporter) -> (artifact id: '9c67ed172c7598715e1dab4f7667ef44') in 0.000803791 seconds
Number of updated asset objects reloaded before import = 0Number of asset objects unloaded after import = 1

========================================================================
Received Import Request.
  Time since last request: 0.000048 seconds.
  path: Assets/Wwise/API/Editor/PluginActivator/Windows
  artifactKey: Guid(6019a33624b6c4f71a62b69e9ef8c5a2) Importer(2089858483,d624ce77472d68a35037170ec1d2d27e)
Start importing Assets/Wwise/API/Editor/PluginActivator/Windows using Guid(6019a33624b6c4f71a62b69e9ef8c5a2) Importer(2089858483,d624ce77472d68a35037170ec1d2d27e) (ScriptedImporter) -> (artifact id: '3883d39b6f9163e3b243d1a58382e4df') in 0.00087125 seconds
Number of updated asset objects reloaded before import = 0Number of asset objects unloaded after import = 1

========================================================================
Received Import Request.
  Time since last request: 0.000025 seconds.
  path: Assets/Wwise/Timeline/Runtime/AkEventPlayable.cs
  artifactKey: Guid(b21fcb8aa461b49bda4c96bfc7c7e842) Importer(2089858483,d624ce77472d68a35037170ec1d2d27e)
Start importing Assets/Wwise/Timeline/Runtime/AkEventPlayable.cs using Guid(b21fcb8aa461b49bda4c96bfc7c7e842) Importer(2089858483,d624ce77472d68a35037170ec1d2d27e) (ScriptedImporter) -> (artifact id: '38df9f0d87efddfb30ab181fb66c72f7') in 0.001049417 seconds
Number of updated asset objects reloaded before import = 0Number of asset objects unloaded after import = 0

========================================================================
Received Import Request.
  Time since last request: 0.000035 seconds.
  path: Assets/Wwise/API/Runtime/Generated/Common/AkObjectInfo.cs
  artifactKey: Guid(13ecc057b4ff6458b835aebb27f87cc8) Importer(2089858483,d624ce77472d68a35037170ec1d2d27e)
Start importing Assets/Wwise/API/Runtime/Generated/Common/AkObjectInfo.cs using Guid(13ecc057b4ff6458b835aebb27f87cc8) Importer(2089858483,d624ce77472d68a35037170ec1d2d27e) (ScriptedImporter) -> (artifact id: '1e8dd939360cbfde437c263e4d0b0679') in 0.000986834 seconds
Number of updated asset objects reloaded before import = 0Number of asset objects unloaded after import = 0

========================================================================
Received Import Request.
  Time since last request: 0.000035 seconds.
  path: Assets/Wwise/MonoBehaviour/Runtime/AkGameObjEnvironmentData.cs
  artifactKey: Guid(9f4fc454740404a54906dd52972395c1) Importer(2089858483,d624ce77472d68a35037170ec1d2d27e)
Start importing Assets/Wwise/MonoBehaviour/Runtime/AkGameObjEnvironmentData.cs using Guid(9f4fc454740404a54906dd52972395c1) Importer(2089858483,d624ce77472d68a35037170ec1d2d27e) (ScriptedImporter) -> (artifact id: 'c54577458739a1c1ddc0cee5a34db9dd') in 0.001149334 seconds
Number of updated asset objects reloaded before import = 0Number of asset objects unloaded after import = 0

========================================================================
Received Import Request.
  Time since last request: 0.000041 seconds.
  path: Assets/PostProcessing/Utilities/CustomMotionTexture
  artifactKey: Guid(5b271143f6e834d6bb7a4309f2c781f2) Importer(2089858483,d624ce77472d68a35037170ec1d2d27e)
Start importing Assets/PostProcessing/Utilities/CustomMotionTexture using Guid(5b271143f6e834d6bb7a4309f2c781f2) Importer(2089858483,d624ce77472d68a35037170ec1d2d27e) (ScriptedImporter) -> (artifact id: '671405cccb0d627b84e171b711083e2d') in 0.001247666 seconds
Number of updated asset objects reloaded before import = 0Number of asset objects unloaded after import = 1

========================================================================
Received Import Request.
  Time since last request: 0.000023 seconds.
  path: Assets/Wwise/API/Runtime/WwiseTypes/WwiseTypes/AkWwiseState.cs
  artifactKey: Guid(54629418a5d61403580dc08e330e9a1d) Importer(2089858483,d624ce77472d68a35037170ec1d2d27e)
Start importing Assets/Wwise/API/Runtime/WwiseTypes/WwiseTypes/AkWwiseState.cs using Guid(54629418a5d61403580dc08e330e9a1d) Importer(2089858483,d624ce77472d68a35037170ec1d2d27e) (ScriptedImporter) -> (artifact id: '89675868225dc3502def399d4d69c8f3') in 0.001186666 seconds
Number of updated asset objects reloaded before import = 0Number of asset objects unloaded after import = 0

========================================================================
Received Import Request.
  Time since last request: 0.000033 seconds.
  path: Assets/Wwise/API/Runtime/Generated/Common/AkChannelConfig.cs
  artifactKey: Guid(0d47a5400550043c9beefac523d01f00) Importer(2089858483,d624ce77472d68a35037170ec1d2d27e)
Start importing Assets/Wwise/API/Runtime/Generated/Common/AkChannelConfig.cs using Guid(0d47a5400550043c9beefac523d01f00) Importer(2089858483,d624ce77472d68a35037170ec1d2d27e) (ScriptedImporter) -> (artifact id: '78ca94aff4b8409aefe33d4e1d9a3964') in 0.00111725 seconds
Number of updated asset objects reloaded before import = 0Number of asset objects unloaded after import = 0

========================================================================
Received Import Request.
  Time since last request: 0.000029 seconds.
  path: Assets/Wwise/MonoBehaviour/Editor/AkEnvironmentPortalInspector.cs
  artifactKey: Guid(37a10b8f593674fbe913bda0af2e180c) Importer(2089858483,d624ce77472d68a35037170ec1d2d27e)
Start importing Assets/Wwise/MonoBehaviour/Editor/AkEnvironmentPortalInspector.cs using Guid(37a10b8f593674fbe913bda0af2e180c) Importer(2089858483,d624ce77472d68a35037170ec1d2d27e) (ScriptedImporter) -> (artifact id: '75f8a4c46016e0c642ebe13188b5a05f') in 0.001021625 seconds
Number of updated asset objects reloaded before import = 0Number of asset objects unloaded after import = 0

========================================================================
Received Import Request.
  Time since last request: 0.000029 seconds.
  path: Assets/Wwise/API/Runtime/Handwritten/Common/Arrays/AkBaseArray.cs
  artifactKey: Guid(1db7b62223086404da7d1509721990e9) Importer(2089858483,d624ce77472d68a35037170ec1d2d27e)
Start importing Assets/Wwise/API/Runtime/Handwritten/Common/Arrays/AkBaseArray.cs using Guid(1db7b62223086404da7d1509721990e9) Importer(2089858483,d624ce77472d68a35037170ec1d2d27e) (ScriptedImporter) -> (artifact id: '9c7cb097d66afdf8fa87606f345e4bef') in 0.00098625 seconds
Number of updated asset objects reloaded before import = 0Number of asset objects unloaded after import = 0

========================================================================
Received Import Request.
  Time since last request: 0.000049 seconds.
  path: Assets/PostProcessing/Utilities/CustomMotionTexture/Materials
  artifactKey: Guid(c4b2008f2662a41e587c4351609053c4) Importer(2089858483,d624ce77472d68a35037170ec1d2d27e)
Start importing Assets/PostProcessing/Utilities/CustomMotionTexture/Materials using Guid(c4b2008f2662a41e587c4351609053c4) Importer(2089858483,d624ce77472d68a35037170ec1d2d27e) (ScriptedImporter) -> (artifact id: '67abf1ee34b83270be5acb0a03040f4f') in 0.000796125 seconds
Number of updated asset objects reloaded before import = 0Number of asset objects unloaded after import = 1

========================================================================
Received Import Request.
  Time since last request: 0.000057 seconds.
  path: Assets/Wwise/API/Runtime/Handwritten/Common/Arrays/AkTriangleArray.cs
  artifactKey: Guid(fef0e8fc136d74ef4b265cf5016511d0) Importer(2089858483,d624ce77472d68a35037170ec1d2d27e)
Start importing Assets/Wwise/API/Runtime/Handwritten/Common/Arrays/AkTriangleArray.cs using Guid(fef0e8fc136d74ef4b265cf5016511d0) Importer(2089858483,d624ce77472d68a35037170ec1d2d27e) (ScriptedImporter) -> (artifact id: '8aca1d76f32467a3c96a4daa8297a0b7') in 0.001058416 seconds
Number of updated asset objects reloaded before import = 0Number of asset objects unloaded after import = 0

========================================================================
Received Import Request.
  Time since last request: 0.000063 seconds.
  path: Assets/Wwise/API/Runtime/Plugins/Windows/x86_64/DSP/AkConvolutionReverb.pdb
  artifactKey: Guid(fac2c9b978fa348929a533ae92d879f8) Importer(2089858483,d624ce77472d68a35037170ec1d2d27e)
Start importing Assets/Wwise/API/Runtime/Plugins/Windows/x86_64/DSP/AkConvolutionReverb.pdb using Guid(fac2c9b978fa348929a533ae92d879f8) Importer(2089858483,d624ce77472d68a35037170ec1d2d27e) (ScriptedImporter) -> (artifact id: '4da97182fc79abd39237a7eb1596dd1e') in 0.000892541 seconds
Number of updated asset objects reloaded before import = 0Number of asset objects unloaded after import = 1

========================================================================
Received Import Request.
  Time since last request: 0.000044 seconds.
  path: Assets/Wwise/API/Runtime/Plugins/Windows/x86/DSP/AkConvolutionReverb.dll
  artifactKey: Guid(80d231ed0c6f640d1b84b4931e14a820) Importer(2089858483,d624ce77472d68a35037170ec1d2d27e)
Start importing Assets/Wwise/API/Runtime/Plugins/Windows/x86/DSP/AkConvolutionReverb.dll using Guid(80d231ed0c6f640d1b84b4931e14a820) Importer(2089858483,d624ce77472d68a35037170ec1d2d27e) (ScriptedImporter) -> (artifact id: '5893e370816df080623ce8d7c0b23812') in 0.00120775 seconds
Number of updated asset objects reloaded before import = 0Number of asset objects unloaded after import = 0

========================================================================
Received Import Request.
  Time since last request: 0.000044 seconds.
  path: Assets/Wwise/API/Runtime/Generated/Common/AkObstructionOcclusionValues.cs
  artifactKey: Guid(a6f312175d1d942a598cee9ac081d4e7) Importer(2089858483,d624ce77472d68a35037170ec1d2d27e)
Start importing Assets/Wwise/API/Runtime/Generated/Common/AkObstructionOcclusionValues.cs using Guid(a6f312175d1d942a598cee9ac081d4e7) Importer(2089858483,d624ce77472d68a35037170ec1d2d27e) (ScriptedImporter) -> (artifact id: 'dc6a6e5a3a4b244155c94af572db0227') in 0.000990166 seconds
Number of updated asset objects reloaded before import = 0Number of asset objects unloaded after import = 0

========================================================================
Received Import Request.
  Time since last request: 0.000038 seconds.
  path: Assets/Wwise/API/Runtime/Generated/Common/AkPlaylist.cs
  artifactKey: Guid(646964237c96e45b9b7d18ef02f5ab2f) Importer(2089858483,d624ce77472d68a35037170ec1d2d27e)
Start importing Assets/Wwise/API/Runtime/Generated/Common/AkPlaylist.cs using Guid(646964237c96e45b9b7d18ef02f5ab2f) Importer(2089858483,d624ce77472d68a35037170ec1d2d27e) (ScriptedImporter) -> (artifact id: '5d31f21da008fdb8ee1dfa405f769100') in 0.001169541 seconds
Number of updated asset objects reloaded before import = 0Number of asset objects unloaded after import = 0

========================================================================
Received Import Request.
  Time since last request: 0.000045 seconds.
  path: Assets/Wwise/API/Runtime/Plugins/Windows/x86/DSP/Auro.dll
  artifactKey: Guid(a8b1282c6c0814086af5e1eabb836262) Importer(2089858483,d624ce77472d68a35037170ec1d2d27e)
Start importing Assets/Wwise/API/Runtime/Plugins/Windows/x86/DSP/Auro.dll using Guid(a8b1282c6c0814086af5e1eabb836262) Importer(2089858483,d624ce77472d68a35037170ec1d2d27e) (ScriptedImporter) -> (artifact id: '87e7887b8d97df36be491f7168fb48e8') in 0.001181333 seconds
Number of updated asset objects reloaded before import = 0Number of asset objects unloaded after import = 0

========================================================================
Received Import Request.
  Time since last request: 0.000122 seconds.
  path: Assets/Wwise/API/Runtime/Plugins/Mac/Release/AkSoundEngine.bundle.dSYM/Contents/Resources/DWARF/AkSoundEngine
  artifactKey: Guid(a3b067000aa98406e9f3e33def099112) Importer(2089858483,d624ce77472d68a35037170ec1d2d27e)
Start importing Assets/Wwise/API/Runtime/Plugins/Mac/Release/AkSoundEngine.bundle.dSYM/Contents/Resources/DWARF/AkSoundEngine using Guid(a3b067000aa98406e9f3e33def099112) Importer(2089858483,d624ce77472d68a35037170ec1d2d27e) (ScriptedImporter) -> (artifact id: '77196c12e0bd133ec3bb2e3dd431af53') in 0.0009815 seconds
Number of updated asset objects reloaded before import = 0Number of asset objects unloaded after import = 1

========================================================================
Received Import Request.
  Time since last request: 0.000064 seconds.
  path: Assets/Wwise/MonoBehaviour/Editor/AkUnityEventHandlerInspector.cs
  artifactKey: Guid(fe876f2ade36b434486268713bed4d6b) Importer(2089858483,d624ce77472d68a35037170ec1d2d27e)
Start importing Assets/Wwise/MonoBehaviour/Editor/AkUnityEventHandlerInspector.cs using Guid(fe876f2ade36b434486268713bed4d6b) Importer(2089858483,d624ce77472d68a35037170ec1d2d27e) (ScriptedImporter) -> (artifact id: 'b4d4672f4d3f2b93868e5c2ef1644a28') in 0.001261459 seconds
Number of updated asset objects reloaded before import = 0Number of asset objects unloaded after import = 0

========================================================================
Received Import Request.
  Time since last request: 0.000045 seconds.
  path: Assets/Models
  artifactKey: Guid(a3ef6587587f440b8967ab7bb928970b) Importer(2089858483,d624ce77472d68a35037170ec1d2d27e)
Start importing Assets/Models using Guid(a3ef6587587f440b8967ab7bb928970b) Importer(2089858483,d624ce77472d68a35037170ec1d2d27e) (ScriptedImporter) -> (artifact id: 'ff2066347c658a8ee4128652623dce7c') in 0.000849958 seconds
Number of updated asset objects reloaded before import = 0Number of asset objects unloaded after import = 1

========================================================================
Received Import Request.
  Time since last request: 0.000037 seconds.
  path: Assets/Wwise/API/Runtime/Generated/Common/AkCallbackSerializer.cs
  artifactKey: Guid(c865bd074e4cf4c7c9c1c9938cf21ec5) Importer(2089858483,d624ce77472d68a35037170ec1d2d27e)
Start importing Assets/Wwise/API/Runtime/Generated/Common/AkCallbackSerializer.cs using Guid(c865bd074e4cf4c7c9c1c9938cf21ec5) Importer(2089858483,d624ce77472d68a35037170ec1d2d27e) (ScriptedImporter) -> (artifact id: '10e2df11b84ce212733cc92786c47d10') in 0.001166792 seconds
Number of updated asset objects reloaded before import = 0Number of asset objects unloaded after import = 0

========================================================================
Received Import Request.
  Time since last request: 0.000046 seconds.
  path: Assets/Wwise/API/Runtime/Generated/Common/AkIterator.cs
  artifactKey: Guid(bb46e1d058e1547aeb4b76e2259c44a5) Importer(2089858483,d624ce77472d68a35037170ec1d2d27e)
Start importing Assets/Wwise/API/Runtime/Generated/Common/AkIterator.cs using Guid(bb46e1d058e1547aeb4b76e2259c44a5) Importer(2089858483,d624ce77472d68a35037170ec1d2d27e) (ScriptedImporter) -> (artifact id: 'e7f04adffc8cd07670f06bfde4918669') in 0.001269917 seconds
Number of updated asset objects reloaded before import = 0Number of asset objects unloaded after import = 0

========================================================================
Received Import Request.
  Time since last request: 0.000035 seconds.
  path: Assets/Wwise/API/Runtime/Generated/Common
  artifactKey: Guid(7ef4a714fb935485e98d304cb4816e46) Importer(2089858483,d624ce77472d68a35037170ec1d2d27e)
Start importing Assets/Wwise/API/Runtime/Generated/Common using Guid(7ef4a714fb935485e98d304cb4816e46) Importer(2089858483,d624ce77472d68a35037170ec1d2d27e) (ScriptedImporter) -> (artifact id: '2beaa35601c0296f3fdd2323fc112798') in 0.00099625 seconds
Number of updated asset objects reloaded before import = 0Number of asset objects unloaded after import = 1

========================================================================
Received Prepare
Begin MonoManager ReloadAssembly
[Licensing::Client] Successfully resolved entitlement details
[Licensing::Module] License group:
  Id: F4-MDDQ-UTMJ-XCKQ-XTS6-XXXX
  Product: Unity Personal
  Type: ULF
  Expiration: Unlimited
[Licensing::Module] License group:
  Id: 59760-UnityPersXXXX
  Product: Unity Personal
  Type: Assigned
  Expiration: Unlimited
Thread 0x16d8ef000 may have been prematurely finalized
ADTM: Control thread waiting for realtime thread timed out, have to lock...
Symbol file LoadedFromMemory is not a mono symbol file
- Loaded All Assemblies, in  1.302 seconds
Refreshing native plugins compatible for Editor in 2.41 ms, found 2 plugins.
Native extension for OSXStandalone target not found
Refreshing native plugins compatible for Editor in 1.67 ms, found 2 plugins.
[Package Manager] Failed to launch server process. Reason: Unity was launched with the -noUpm command-line argument
[Package Manager] Unable to send message (not connected to server process).
[Package Manager] Cannot connect to Unity Package Manager local server
Mono: successfully reloaded assembly
- Finished resetting the current domain, in  0.519 seconds
Domain Reload Profiling: 1822ms
	BeginReloadAssembly (1092ms)
		ExecutionOrderSort (0ms)
		DisableScriptedObjects (4ms)
		BackupInstance (0ms)
		ReleaseScriptingObjects (0ms)
		CreateAndSetChildDomain (1027ms)
	RebuildCommonClasses (23ms)
	RebuildNativeTypeToScriptingClass (10ms)
	initialDomainReloadingComplete (12ms)
	LoadAllAssembliesAndSetupDomain (166ms)
		LoadAssemblies (140ms)
		RebuildTransferFunctionScriptingTraits (0ms)
		AnalyzeDomain (58ms)
			TypeCache.Refresh (4ms)
				TypeCache.ScanAssembly (0ms)
			BuildScriptInfoCaches (49ms)
			ResolveRequiredComponents (3ms)
	FinalizeReload (519ms)
		ReleaseScriptCaches (0ms)
		RebuildScriptCaches (0ms)
		SetupLoadedEditorAssemblies (450ms)
			LogAssemblyErrors (0ms)
			InitializePlatformSupportModulesInManaged (1ms)
			SetLoadedEditorAssemblies (2ms)
			BeforeProcessingInitializeOnLoad (101ms)
			ProcessInitializeOnLoadAttributes (241ms)
			ProcessInitializeOnLoadMethodAttributes (104ms)
			AfterProcessingInitializeOnLoad (1ms)
			EditorAssembliesLoaded (0ms)
		ExecutionOrderSort2 (0ms)
		AwakeInstancesAfterBackupRestoration (2ms)
Refreshing native plugins compatible for Editor in 2.69 ms, found 2 plugins.
Preloading 0 native plugins for Editor in 0.00 ms.
Unloading 4 Unused Serialized files (Serialized files now loaded: 0)
Unloading 3423 unused Assets / (0.8 MB). Loaded Objects now: 4010.
Memory consumption went from 129.5 MB to 128.7 MB.
Total: 8.546083 ms (FindLiveObjects: 0.179334 ms CreateObjectMapping: 0.067708 ms MarkObjects: 7.862292 ms  DeleteObjects: 0.436458 ms)

Prepare: number of updated asset objects reloaded= 0
